ENERGY STAR Unique ID,ENERGY STAR Partner,Brand Name,Model Name,Model Number,Additional Model Information,Door Type,Number of Doors,Internal Volume (cu. ft.),Energy Usage (Watts),Energy Use (Max Idle Energy Rate) (Watts),Date Available on Market,Date Qualified,Markets,CB Model Identifier
2175142,Carter Hoffmann LLC,"Carter Hoffmann, LCC",BB96ES,BB96ES,,Solid,1,28,174.1,310.2,02/01/2013,03/13/2013,"United States, Canada",ES_1021406_BB96ES_01302013194940_9787408
2251157,Carter Hoffmann LLC,Carter-Hoffmann,HTU12 N3,HTU12 N3,,Solid,1,22,167.2,298.5,09/21/2015,10/23/2015,"United States, Canada",ES_1021406_HTU12 N3_09222015115548_4857751
2167998,Cres Cor,Cres Cor,"H137 ""D"" Series 3/4 Size Cabinets",H137SUA9D,,Solid,1,16,234,285,06/08/2011,04/09/2014,"United States, Canada",ES_1017907_H137SUA9D01102013043316_9999999
2167996,Cres Cor,Cres Cor,"H137 ""D"" Series 1/2 Size Cabinets",H137SUA6DSD,,Solid,1,10,211,224,06/08/2011,05/02/2012,"United States, Canada",ES_1017907_H137SUA6DSD01102013040721_9999999
2167995,Cres Cor,Cres Cor,"H137 ""D"" Series Fullsize Cabinets",H138S1834D,,Solid,2,22,279.2,297,06/08/2011,04/09/2014,"United States, Canada",ES_1017907_H138S1834D01102013030347_9999999
2167994,Cres Cor,Cres Cor,"H137 ""D"" Series Fullsize Cabinets",H137SUA12DSD,,Solid,2,22,279.2,297,06/08/2011,04/09/2014,"United States, Canada",ES_1017907_H137SUA12SD01102013030347_9999999
1864526,Cres Cor,Cres Cor,"H137 ""D"" Series Fullsize Cabinets",H137SUA12D,,Solid,2,22,279.2,297,06/08/2011,04/09/2014,"United States, Canada",ES_1017907_H137SUA12D_7152012111302_166461-2501364
2167999,Cres Cor,Cres Cor,"H137 ""D"" Series 3/4 Size Cabinets",H137SUA9DSD,,Solid,1,16,234,285,06/08/2011,04/09/2014,"United States, Canada",ES_1017907_H137SUA9DSD01102013043316_9999999
2169849,Cres Cor,Cres Cor,H339 Stainless Steel Cabinets,H339SS12188C,,Solid,1,7,107,149.3,05/22/2004,01/22/2013,"United States, Canada",ES_1017907_H339SS12188C01232013013849_2593419
1864527,Cres Cor,Cres Cor,"H137 ""D"" Series 1/2 Size Cabinets",H137SUA6D,,Solid,1,10,211,224,06/08/2011,05/02/2012,"United States, Canada",ES_1017907_H137SUA6D_7152012111304_166461-2501364
2173839,Cres Cor,Cres Cor,"H137 ""D"" Series Fullsize Cabinets",H138WS1834D15A,,Solid,2,22,267,297,03/01/2013,02/20/2013,"United States, Canada",ES_1017907_H138WS1834D15A_02262013060721_2603223
2173838,Cres Cor,Cres Cor,"H137 ""D"" Series Fullsize Cabinets",H137WSUA12D15A,,Solid,2,22,267,297,03/01/2013,02/20/2013,"United States, Canada",ES_1017907_H137WSUA12D15A_02262013060721_2603223
2169854,Cres Cor,Cres Cor,HotCube3,HCUA11,,Solid,1,15,225,284.7,02/02/2012,01/22/2013,"United States, Canada",ES_1017907_HCUA1101232013013849_2593419
2169853,Cres Cor,Cres Cor,H339 Stainless Steel Cabinets,H339SSUA8C,,Solid,1,8,118,176.7,05/22/2004,01/22/2013,"United States, Canada",ES_1017907_H339SSUA8C01232013013849_2593419
2169852,Cres Cor,Cres Cor,H339 Stainless Steel Cabinets,H339214C,,Solid,2,14,204,281.5,05/22/2004,01/22/2013,"United States, Canada",ES_1017907_H339214C01232013013849_2593419
2169851,Cres Cor,Cres Cor,H339 Stainless Steel Cabinets,H339SS1813C,,Solid,1,7,107,149.3,05/22/2004,01/22/2013,"United States, Canada",ES_1017907_H339SS1813C01232013013849_2593419
2169850,Cres Cor,Cres Cor,H339 Stainless Steel Cabinets,H339SS188C,,Solid,1,7,107,149.3,05/22/2004,01/22/2013,"United States, Canada",ES_1017907_H339SS188C01232013013849_2593419
2244488,"Food Warming Equipment Company, Inc.","Food Warming Equipment Company, Inc.",TS-1826-18,TS-1826-18,"TS-1826-18,TS-1826-18,",Solid,1,26,255.8,294,05/01/2003,07/20/2015,"United States, Canada",ES_1020303_TS-1826-18_07202015172004_2804468
2244489,"Food Warming Equipment Company, Inc.","Food Warming Equipment Company, Inc.",TS-1826-18D,TS-1826-18D,"TS-1826-18D,TS-1826-18D,",Solid,2,26,255.8,294,05/01/2003,07/20/2015,"United States, Canada",ES_1020303_TS-1826-18D_07202015172028_2828161
2164723,"Food Warming Equipment Company, Inc.","Food Warming Equipment Company, Inc.",HLC-16,HLC-16,,Solid,1,4,81.8,96,12/01/2012,12/19/2012,"United States, Canada",ES_1105798_FOOD WARMING EQUIPMENT CO INC (276273) | HLC-16_12272012121643_0603008
2164724,"Food Warming Equipment Company, Inc.","Food Warming Equipment Company, Inc.",HLC-16-CHP,HLC-16-CHP,,Solid,1,4,81.8,96,12/01/2012,12/19/2012,"United States, Canada",ES_1105798_FOOD WARMING EQUIPMENT CO INC (276273) | HLC-16-CHP_12272012121653_0613189
2164725,"Food Warming Equipment Company, Inc.","Food Warming Equipment Company, Inc.",HLC-16S,HLC-16S,,Solid,1,4,81.8,96,12/01/2012,12/19/2012,"United States, Canada",ES_1105798_FOOD WARMING EQUIPMENT CO INC (276273) | HLC-16S_12272012121711_0631650
2164726,"Food Warming Equipment Company, Inc.","Food Warming Equipment Company, Inc.",HLC-16-P,HLC-16-P,,Solid,1,4,81.8,96,12/01/2012,12/19/2012,"United States, Canada",ES_1105798_FOOD WARMING EQUIPMENT CO INC (276273) | HLC-16-P_12272012121702_0622577
2244490,"Food Warming Equipment Company, Inc.","Food Warming Equipment Company, Inc.",TS-1826-18P,TS-1826-18P,",MT-1826-18,; ,MT-1826-18D,; ,MT-1826-18P,; TS-1826-18P,TS-1826-18P,",Solid,4,26,255.8,294,05/01/2003,07/20/2015,"United States, Canada",ES_1020303_TS-1826-18P_07202015162839_9719728
2214602,"Food Warming Equipment Company, Inc.","Food Warming Equipment Company, Inc.",UHS-12P,UHS-12P,,Solid,4,21,218.3,296,06/25/2014,07/02/2014,"United States, Canada",ES_1020303_UHS-12P_07072014145817_5097640
2214601,"Food Warming Equipment Company, Inc.","Food Warming Equipment Company, Inc.",PHU-12D,PHU-12D,,Solid,2,21,218.3,296,06/25/2014,07/02/2014,"United States, Canada",ES_1020303_PHU-12D_07072014145658_5018088
2188859,"Food Warming Equipment Company, Inc.","Food Warming Equipment Company, Inc.",UHS-12,UHS-12,,Solid,1,23,296.4,300,03/01/2013,08/23/2013,"United States, Canada",ES_1105798_FOOD WARMING EQUIPMENT CO INC (276273) | UHS-12_08262013173550_8550973
2214600,"Food Warming Equipment Company, Inc.","Food Warming Equipment Company, Inc.",PHU-12P,PHU-12P,,Solid,4,21,218.3,296,06/25/2014,07/02/2014,"United States, Canada",ES_1020303_PHU-12P_07072014145721_5041996
2164729,"Food Warming Equipment Company, Inc.","Food Warming Equipment Company, Inc.",HLC-8H-24,HLC-8H-24,,Solid,1,4,81.8,96,12/01/2012,12/19/2012,"United States, Canada",ES_1105798_FOOD WARMING EQUIPMENT CO INC (276273) | HLC-8H-24_12272012121740_0660634
2256416,"Food Warming Equipment Company, Inc.","Food Warming Equipment Company, Inc.",UHST-13,UHST-13,",UHST-GN-6480-BQ,; UHST-13,UHST-13,",Solid,1,24,272.4,301,05/01/2003,01/11/2016,"United States, Canada",ES_1020303_UHST-13_01112016183602_7362632
2264468,"Food Warming Equipment Company, Inc.",Food Warming Equipment,UHST-13D,UHST-13D,",UHST-13,",Solid,2,24,272.4,301,05/01/2003,04/19/2016,"United States, Canada",ES_1020303_UHST-13D_04192016171234_5954576
2264469,"Food Warming Equipment Company, Inc.",Food Warming Equipment,UHST-13D,UHST-13D,",UHST-GN-6480-BQ,",Solid,2,24,272.4,301,05/01/2003,04/19/2016,"United States, Canada",ES_1020303_UHST-13D_04192016170851_5731633
2214596,"Food Warming Equipment Company, Inc.","Food Warming Equipment Company, Inc.",UHS-12D,UHS-12D,,Solid,2,21,218.3,296,06/25/2014,07/02/2014,"United States, Canada",ES_1020303_UHS-12D_07072014145748_5068523
2214595,"Food Warming Equipment Company, Inc.","Food Warming Equipment Company, Inc.",MTU-12D,MTU-12D,,Solid,2,21,218.3,296,06/25/2014,07/02/2014,"United States, Canada",ES_1020303_MTU-12D_07072014145631_4991399
2214208,"Food Warming Equipment Company, Inc.","Food Warming Equipment Company, Inc.",MTU-12P,MTU-12P,,Solid,4,21,218.3,296,06/25/2014,06/25/2014,"United States, Canada",ES_1020303_MTU-12P_06272014155555_4555771
2188858,"Food Warming Equipment Company, Inc.","Food Warming Equipment Company, Inc.",PHU-12,PHU-12,,Solid,1,23,296.4,300,03/01/2013,08/23/2013,"United States, Canada",ES_1105798_FOOD WARMING EQUIPMENT CO INC (276273) | PHU-12_08262013173514_8514417
2176815,"Food Warming Equipment Company, Inc.","Food Warming Equipment Company, Inc.",MTU-12,MTU-12,,Solid,1,23,296.4,300,03/01/2013,04/04/2013,"United States, Canada",ES_1105798_FOOD WARMING EQUIPMENT CO INC (276273) | MTU-12_04042013192147_3307608
2164728,"Food Warming Equipment Company, Inc.","Food Warming Equipment Company, Inc.",HLC-8-CHP,HLC-8-CHP,,Solid,1,4,81.8,96,12/01/2012,12/19/2012,"United States, Canada",ES_1105798_FOOD WARMING EQUIPMENT CO INC (276273) | HLC-8-CHP_12272012121731_0651138
2164727,"Food Warming Equipment Company, Inc.","Food Warming Equipment Company, Inc.",HLC-8,HLC-8,,Solid,1,4,81.8,96,12/01/2012,12/19/2012,"United States, Canada",ES_1105798_FOOD WARMING EQUIPMENT CO INC (276273) | HLC-8_12272012121720_0640922
2175873,"Food Warming Equipment Company, Inc.",FWE,HLC-1826-4-CHP,HLC-1826-4-CHP,",HLC-1826-4,",Solid,1,5,110.6,116.3,11/06/2007,02/13/2013,United States,ES_1020303_HLC-1826-4-CHP_02132013130400_1657983
2164730,"Food Warming Equipment Company, Inc.","Food Warming Equipment Company, Inc.",HLC-8S,HLC-8S,,Solid,1,4,81.8,96,12/01/2012,12/19/2012,"United States, Canada",ES_1105798_FOOD WARMING EQUIPMENT CO INC (276273) | HLC-8S_12272012121750_0670162
2301635,Hatco Corporation,Hatco,FSHC-7W1-EE,FSHC-7W1-EE,,Solid,1,8.3,162.6,21.5,05/01/2012,08/07/2017,"United States, Switzerland, Taiwan, Japan, Canada",ES_1017597_FSHC-7W1-EE_08032012162629_748962
2241644,Hatco Corporation,Hatco,FSHC-7W2-EE,FSHC-7W2-EE,,Solid,2,8.6,171,21.5,05/01/2012,06/16/2015,"United States, Switzerland, Taiwan, Japan, Canada",ES_1017597_FSHC-7W2-EE_06162015120601_3801385
2191388,Hatco Corporation,HATCO CORP,FSHC-5W1-EE,FSHC-5W1-EE,,Solid,1,7,137.4,156,08/30/2013,09/12/2013,"United States, Canada",ES_1105798_HATCO CORP (25439) | FSHC-5W1-EE_09162013160046_7246429
2248538,InterMetro Industries,Metro,C549-ASDS-L-A,C549-ASDS-L-A,,Solid,2,22,276.3,298,10/12/2015,09/28/2015,"United States, Canada",ES_1017469_C549-ASDS-L-A_09282015152414_3854210
2248535,InterMetro Industries,Metro,C549-ASDS-U,C549-ASDS-U,,Solid,2,22,276.3,298,10/12/2015,09/28/2015,"United States, Canada",ES_1017469_C549-ASDS-U_09282015151511_3311776
2248536,InterMetro Industries,Metro,C549-ASDS-U-A,C549-ASDS-U-A,,Solid,2,22,276.3,298,10/12/2015,09/28/2015,"United States, Canada",ES_1017469_C549-ASDS-U-A_09282015152204_3724454
2248539,InterMetro Industries,Metro,C549-ASDS-L,C549-ASDS-L,,Solid,2,22,276.3,298,10/12/2015,09/28/2015,"United States, Canada",ES_1017469_C549-ASDS-L_09282015152042_3642662
2248540,InterMetro Industries,Metro,C548-ASFS-U,C548-ASFS-U,,Solid,1,19,226.8,293,10/12/2015,09/28/2015,"United States, Canada",ES_1017469_C548-ASFS-U_09282015164141_8501057
2248544,InterMetro Industries,Metro,C548-ASFS-L,C548-ASFS-L,,Solid,1,19,226.8,293,10/12/2015,09/28/2015,"United States, Canada",ES_1017469_C548-ASFS-L_09282015165252_9172234
2248546,InterMetro Industries,Metro,C545-ASFS-U,C545-ASFS-U,,Solid,1,11,167.9,239,10/12/2015,09/28/2015,"United States, Canada",ES_1017469_C545-ASFS-U_09282015172705_1225651
2248549,InterMetro Industries,Metro,C545-ASFS-L,C545-ASFS-L,,Solid,1,11,167.9,239,10/12/2015,09/28/2015,"United States, Canada",ES_1017469_C545-ASFS-L_09282015172037_0837790
2248550,InterMetro Industries,Metro,C545-ASFS-L-A,C545-ASFS-L-A,,Solid,1,11,167.9,239,10/12/2015,09/28/2015,"United States, Canada",ES_1017469_C545-ASFS-L-A_09282015190708_7228686
2248551,InterMetro Industries,Metro,C545-ASFS-U-A,C545-ASFS-U-A,,Solid,1,11,167.9,239,10/12/2015,09/28/2015,"United States, Canada",ES_1017469_C545-ASFS-U-A_09282015172738_1258376
2248554,InterMetro Industries,Metro,C543-ASFS-L-A,C543-ASFS-L-A,,Solid,1,7,152.2,168,10/12/2015,09/28/2015,"United States, Canada",ES_1017469_C543-ASFS-L-A_09282015193949_9189583
2248555,InterMetro Industries,Metro,C543-ASFS-U,C543-ASFS-U,,Solid,1,7,152.2,168,10/12/2015,09/28/2015,"United States, Canada",ES_1017469_C543-ASFS-U_09282015194025_9225246
2248557,InterMetro Industries,Metro,C543-ASFS-L,C543-ASFS-L,,Solid,1,7,152.2,168,10/12/2015,09/28/2015,"United States, Canada",ES_1017469_C543-ASFS-L_09282015193833_9113497
2248558,InterMetro Industries,Metro,C543-ASFS-U-A,C543-ASFS-U-A,,Solid,1,7,152.2,168,10/12/2015,09/28/2015,"United States, Canada",ES_1017469_C543-ASFS-U-A_09282015194104_9264998
2248610,InterMetro Industries,Metro,C548-ASFS-L-A,C548-ASFS-L-A,,Solid,1,19,226.8,293,10/12/2015,09/28/2015,"United States, Canada",ES_1017469_C548-ASFS-L-A_09292015164031_4831833
2248611,InterMetro Industries,Metro,C548-ASFS-U-A,C548-ASFS-U-A,,Solid,1,19,226.8,293,10/12/2015,09/28/2015,"United States, Canada",ES_1017469_C548-ASFS-U-A_09292015164108_4868409
1879435,InterMetro Industries,Metro,C565-SFC-U,C565-SFC-U,"C565-SFC-U,C565-SFC-U,; Metro C5 6 Series,C565-SFC-**,; Metro C5 6 Series,C565L-SFC-**,",Transparent,1,12,248.9,258,02/20/2012,01/06/2012,"United States, Canada",ES_1105798_INTERMETRO INDUSTRIES CORP (142782) | C565-SFC-U_08132012151918_1158579
1879436,InterMetro Industries,Metro,C565-SFS-U,C565-SFS-U,"Metro C5 6,8,9 Series,C565-SFS-**,; Metro C5 6,8,9 Series,C565L-SFS-**,; Metro C5 6,8,9 Series,C585-SFS-**,; Metro C5 6,8,9 Series,C585L-SFS-**,; Metro C5 6,8,9 Series,C595-SFS-**,; Metro C5 6,8,9 Series,C595L-SFS-**,",Solid,1,12,218.7,258,02/20/2012,01/06/2012,"United States, Canada",ES_1105798_INTERMETRO INDUSTRIES CORP (142782) | C565-SFS-U_08132012151920_1160028
1879437,InterMetro Industries,Metro,C567-SFS-U,C567-SFS-U,"Metro C5 6,8,9 Series,C567-SFS-**,; Metro C5 6,8,9 Series,C567L-SFS-**,; Metro C5 6,8,9 Series,C587-SFS-**,; Metro C5 6,8,9 Series,C587L-SFS-**,; Metro C5 6,8,9 Series,C597-SFS-**,; Metro C5 6,8,9 Series,C597L-SFS-**,",Solid,1,19,270.5,292,02/20/2012,01/06/2012,"United States, Canada",ES_1105798_INTERMETRO INDUSTRIES CORP (142782) | C567-SFS-U_08132012151921_1161509
1879438,InterMetro Industries,Metro,C569-SFS-U,C569-SFS-U,"Metro C5 6,8,9 Series,C569-SDS-**,; Metro C5 6,8,9 Series,C569-SFS-**,; Metro C5 6,8,9 Series,C569L-SDS-**,; Metro C5 6,8,9 Series,C569L-SFS-**,; Metro C5 6,8,9 Series,C589-SDS-**,; Metro C5 6,8,9 Series,C589-SFS-**,; Metro C5 6,8,9 Series,C589L-SDS-**,; Metro C5 6,8,9 Series,C589L-SFS-**,; Metro C5 6,8,9 Series,C599-SDS-**,; Metro C5 6,8,9 Series,C599-SFS-**,; Metro C5 6,8,9 Series,C599L-SDS-**,; Metro C5 6,8,9 Series,C599L-SFS-**,",Solid,2,24,285.3,302,02/20/2012,01/06/2012,"United States, Canada",ES_1105798_INTERMETRO INDUSTRIES CORP (142782) | C569-SFS-U_08132012151923_1163092
1879439,InterMetro Industries,Metro,C5T5-ASB,C5T5-ASB,,Solid,1,12,165.1,258,03/31/2011,07/13/2011,"United States, Canada",ES_1105798_INTERMETRO INDUSTRIES CORP (142782) | C5T5-ASB_08132012151924_1164474
1879440,InterMetro Industries,Metro,C5T8-ASB,C5T8-ASB,,Solid,1,18,168.9,290,03/31/2011,07/13/2011,"United States, Canada",ES_1105798_INTERMETRO INDUSTRIES CORP (142782) | C5T8-ASB_08132012151925_1165818
1879441,InterMetro Industries,Metro,C5T9D-ASB,C5T9D-ASB,"Metro C5 T-Series Transport Armour,C5T9-AS**,; Metro C5 T-Series Transport Armour,C5T9-DS**,; Metro C5 T-Series Transport Armour,C5T9D-AS**,; Metro C5 T-Series Transport Armour,C5T9D-DS**,",Solid,2,21,154.4,296,03/31/2011,07/13/2011,"United States, Canada",ES_1105798_INTERMETRO INDUSTRIES CORP (142782) | C5T9D-ASB_08132012151927_1167274
2184501,InterMetro Industries,Metro,"Metro C5 6,8,9 Series",C565-SFS-U,,Solid,1,12,218.7,18,02/20/2012,01/06/2012,"United States, Canada",ES_1105798_INTERMETRO INDUSTRIES CORP (142782) | C565-SFS-U_05202013195618_9778221
2184502,InterMetro Industries,Metro,"Metro C5 6,8,9 Series",C567-SFS-U,,Solid,1,19,270.5,14,02/20/2012,01/06/2012,"United States, Canada",ES_1105798_INTERMETRO INDUSTRIES CORP (142782) | C567-SFS-U_05202013195619_9779089
2184503,InterMetro Industries,Metro,"Metro C5 6,8,9 Series",C569-SFS-U,,Solid,2,24,285.3,11,02/20/2012,01/06/2012,"United States, Canada",ES_1105798_INTERMETRO INDUSTRIES CORP (142782) | C569-SFS-U_05202013195620_9780071
2233393,InterMetro Industries,Metro,C549-ASFS-U,C549-ASFS-U,",C549-ASFS-L,; C549-ASFS-U,C549-ASFS-U,",Solid,1,22,282.1,298,02/15/2015,02/19/2015,"United States, Canada",ES_1017469_C549-ASFS-U_02192015204429_8669661
2319673,The Delfield Company (A division of Welbilt),Delfield,CSHPT1-S,CSHPT1-S,",GAHPT1-S,",Solid,2,21,171.9,296.9,04/01/2017,05/11/2018,"United States, Canada",ES_42794_CSHPT1-S_04292018174051_4766198
2319668,The Delfield Company (A division of Welbilt),Delfield,CSHPT1-GH,CSHPT1-GH,",GAHPT1-GH,",Transparent,4,21,234.9,296.9,04/01/2017,05/11/2018,"United States, Canada",ES_42794_CSHPT1-GH_04292018173726_6420862
2319667,The Delfield Company (A division of Welbilt),Delfield,CSHPT1-G,CSHPT1-G,",GAHPT1-G,",Transparent,2,21,228.6,296.9,04/01/2017,05/11/2018,"United States, Canada",ES_42794_CSHPT1-G_04292018173545_7160150
2319666,The Delfield Company (A division of Welbilt),Delfield,CSH2-SH,CSH2-SH,",GAH2-SH,",Solid,4,44,233.9,369,04/01/2017,05/11/2018,"United States, Canada",ES_42794_CSH2-SH_04292018173113_5266839
2319665,The Delfield Company (A division of Welbilt),Delfield,CSH2-S,CSH2-S,",GAH2-S,",Solid,2,44,245.6,368,04/01/2017,05/11/2018,"United States, Canada",ES_42794_CSH2-S_04272018155528_8822595
2319664,The Delfield Company (A division of Welbilt),Delfield,CSH2-GH,CSH2-GH,",GAH2-GH,",Transparent,4,44,299.1,367,04/01/2017,05/11/2018,"United States, Canada",ES_42794_CSH2-GH_04272018153608_9360620
2319663,The Delfield Company (A division of Welbilt),Delfield,CSH2-G,CSH2-G,",GAH2-G,",Transparent,2,44,302.6,367,04/01/2017,05/11/2018,"United States, Canada",ES_42794_CSH2-G_04272018153250_5790826
2319662,The Delfield Company (A division of Welbilt),Delfield,CSH1-S,CSH1-S,",GAH1-S,",Solid,1,20,141.1,294,04/01/2017,05/11/2018,"United States, Canada",ES_42794_CSH1-S_04272018151916_5805322
2319682,The Delfield Company (A division of Welbilt),Delfield,CSHRT2-S,CSHRT2-S,",GAHRT2-S,",Solid,4,82,504.6,514.4,04/01/2017,05/11/2018,"United States, Canada",ES_42794_CSHRT2-S_04292018175936_8621942
2319681,The Delfield Company (A division of Welbilt),Delfield,CSHRT1-S,CSHRT1-S,",GAHRT1-S,",Solid,2,40,295.4,355.1,04/01/2017,05/11/2018,"United States, Canada",ES_42794_CSHRT1-S_04292018175711_2150232
2319680,The Delfield Company (A division of Welbilt),Delfield,CSHRI1-S,CSHRI1-S,",GAHRI1-S,",Solid,1,37,241.6,344.6,04/01/2017,05/11/2018,"United States, Canada",ES_42794_CSHRI1-S_04292018175152_504266
2319661,The Delfield Company (A division of Welbilt),Delfield,CSH1-G,CSH1-G,",GAH1-G,",Transparent,1,20,159.3,294,04/01/2017,05/11/2018,"United States, Canada",ES_42794_CSH1-G_04272018145716_4424249
2319677,The Delfield Company (A division of Welbilt),Delfield,CSHRI1-G,CSHRI1-G,",GAHRI1-G,",Transparent,1,37,308.6,344.6,04/01/2017,05/11/2018,"United States, Canada",ES_42794_CSHRI1-G_04292018174948_6596185
2319676,The Delfield Company (A division of Welbilt),Delfield,CSHPT2-SH,CSHPT2-SH,",GAHPT2-SH,",Solid,8,48,300.2,384.6,04/01/2017,05/11/2018,"United States, Canada",ES_42794_CSHPT2-SH_04292018174707_7320215
2319675,The Delfield Company (A division of Welbilt),Delfield,CSHPT2-S,CSHPT2-S,",GAHPT2-S,",Solid,4,48,290.3,384.6,04/01/2017,05/11/2018,"United States, Canada",ES_42794_CSHPT2-S_04292018174513_5359308
2323933,The Delfield Company (A division of Welbilt),Delfield,CSHRI2-S,CSHRI2-S,",GAHRI2-S,",Solid,2,77,427.8,494.7,04/01/2017,08/02/2018,"United States, Canada",ES_42794_CSHRI2-S_04292018175329_6878778
2319674,The Delfield Company (A division of Welbilt),Delfield,CSHPT1-SH,CSHPT1-SH,",GAHPT1-SH,",Solid,4,21,192,296.9,04/01/2017,05/11/2018,"United States, Canada",ES_42794_CSHPT1-SH_04292018174310_8289453
2324953,The Delfield Company (A division of Welbilt),Delfield,CSH1-GH,CSH1-GH,",GAH1-GH,",Transparent,2,20,183.6,294,04/01/2017,08/28/2018,"United States, Canada",ES_42794_CSH1-GH_04272018151257_4723321
2325746,The Delfield Company (A division of Welbilt),Delfield,CSH1-SH,CSH1-SH,",GAH1-SH,",Solid,2,20,145.1,294,04/01/2017,09/12/2018,"United States, Canada",ES_42794_CSH1-SH_04272018152703_2568170
2234873,Traulsen (A division of ITW Food Equipment Group),Traulsen,RHF232W-HHS,RHF232W-HHS,",AHF232W-HHS,",Solid,4,52,230,401,10/01/2011,03/19/2015,"United States, Canada",ES_1019387_RHT132DUT-FHS_02192015104218_264236
2234874,Traulsen (A division of ITW Food Equipment Group),Traulsen,RHF232WP-FHS,RHF232WP-FHS,",AHF232WP-FHS,",Solid,4,55,275,412,10/01/2011,03/19/2015,"United States, Canada",ES_1019387_RHT132DUT-HHS_02192015104228_1458504
2234875,Traulsen (A division of ITW Food Equipment Group),Traulsen,G24312P,G24314P,",G24314P,; ,G24315P,; ,G24316P,; ,G24317P,",Solid,4,47,339,382,10/01/2011,03/19/2015,"United States, Canada",ES_1019387_RHT132NPUT-FHS_02192015104241_1100021
2234876,Traulsen (A division of ITW Food Equipment Group),Traulsen,RHF232WP-HHS,RHF232WP-HHS,",AHF232WP-HHS,",Solid,8,55,275,412,10/01/2011,03/19/2015,"United States, Canada",ES_1019387_RHT132NUT-FHS_02192015104322_3505812
2234878,Traulsen (A division of ITW Food Equipment Group),Traulsen,RIH132L-FHS,RIH132L-FHS,",AIH132L-FHS,",Solid,1,36,230,340,10/01/2011,03/19/2015,"United States, Canada",ES_1019387_RHT132WPUT-HHS_02192015104358_9617245
2234877,Traulsen (A division of ITW Food Equipment Group),Traulsen,RIH132H-FHS,RIH132H-FHS,",AIH132H-FHS,",Solid,1,38,233,348,10/01/2011,03/19/2015,"United States, Canada",ES_1019387_RHT132WPUT-FHS_02192015104347_222969
2234879,Traulsen (A division of ITW Food Equipment Group),Traulsen,G24304P,G24304P,",G24305P,; ,G24306P,; ,G24307P,",Solid,8,47,339,382,10/01/2011,03/19/2015,"United States, Canada",ES_1019387_G10002P_02192015103811_8801516
2234880,Traulsen (A division of ITW Food Equipment Group),Traulsen,RIH132LP-FHS,RIH132LP-FHS,",AIH132LP-FHS,",Solid,2,38,275,348,10/01/2011,03/19/2015,"United States, Canada",ES_1019387_RHT132WUT-FHS_02192015104410_2800997
2234881,Traulsen (A division of ITW Food Equipment Group),Traulsen,RIH232L-FHS,RIH232L-FHS,",AIH232L-FHS,",Solid,2,74,419,484,10/01/2011,03/19/2015,"United States, Canada",ES_1019387_RHT132WUT-HHS_02192015104423_6141764
2234883,Traulsen (A division of ITW Food Equipment Group),Traulsen,RIH332L-FHS,RIH332L-FHS,",AIH332L-FHS,",Solid,3,111,534,624,10/01/2011,03/19/2015,"United States, Canada",ES_1019387_RHT232NUT-HHG_02192015104448_8530169
2234890,Traulsen (A division of ITW Food Equipment Group),Traulsen,RHF132WP-FHS,RHF132WP-FHS,",AHF132WP-FHS,",Solid,2,26,184,306,10/01/2011,03/19/2015,"United States, Canada",ES_1019387_G20014P_02192015104050_8876587
2234889,Traulsen (A division of ITW Food Equipment Group),Traulsen,G14300,G14300,",G14301,",Solid,2,24,218,302,10/01/2011,03/19/2015,"United States, Canada",ES_1019387_G20004P_02192015104037_9688549
2234888,Traulsen (A division of ITW Food Equipment Group),Traulsen,RHF132W-HHS,RHF132W-HHS,",AHF132W-HHS,",Solid,2,24,218,302,10/01/2011,03/19/2015,"United States, Canada",ES_1019387_G20010_02192015104020_562226
2234887,Traulsen (A division of ITW Food Equipment Group),Traulsen,RHF132W-HHG,RHF132W-HHG,",AHF132W-HHG,",Transparent,2,24,218,302,10/01/2011,03/19/2015,"United States, Canada",ES_1019387_G20000_02192015103958_7482258
2234886,Traulsen (A division of ITW Food Equipment Group),Traulsen,G14310,G14310,",G14311,",Solid,1,24,218,302,10/01/2011,03/19/2015,"United States, Canada",ES_1019387_G12010_02192015103943_7751988
2234885,Traulsen (A division of ITW Food Equipment Group),Traulsen,RHF132W-FHS,RHF132W-FHS,",AHF132W-FHS,",Solid,1,24,218,302,10/01/2011,03/19/2015,"United States, Canada",ES_1019387_G12000_02192015103915_8882315
2234884,Traulsen (A division of ITW Food Equipment Group),Traulsen,RHF132W-FHG,RHF132W-FHG,",AHF132W-FHG,",Transparent,1,24,218,302,10/01/2011,03/19/2015,"United States, Canada",ES_1019387_G10012P_02192015103910_9578485
2234882,Traulsen (A division of ITW Food Equipment Group),Traulsen,RIH232LP-FHS,RIH232LP-FHS,",AIH232LP-FHS,",Solid,2,80,492,507,10/01/2011,03/19/2015,"United States, Canada",ES_1019387_RHT232NUT-FHS_02192015104435_8097121
2234867,Traulsen (A division of ITW Food Equipment Group),Traulsen,G14302P,G14302P,",G14303P,; ,G14304P,; ,G14305P,",Solid,4,26,184,306,10/01/2011,03/19/2015,"United States, Canada",ES_1019387_G10000_02192015103711_2743936
2234868,Traulsen (A division of ITW Food Equipment Group),Traulsen,G24300,G24300,",G24302,; ,G24303,",Solid,4,44,255,370,10/01/2011,03/19/2015,"United States, Canada",ES_1019387_G10010_02192015103737_5655900
2234869,Traulsen (A division of ITW Food Equipment Group),Traulsen,G14312P,G14312P,",G14313P,; ,G14314P,; ,G14315P,",Solid,2,26,184,306,10/01/2011,03/19/2015,"United States, Canada",ES_1019387_G22000_02192015104127_701918
2234870,Traulsen (A division of ITW Food Equipment Group),Traulsen,RHF132WP-HHS,RHF132WP-HHS,",AHF132WP-HHS,",Solid,4,26,184,306,10/01/2011,03/19/2015,"United States, Canada",ES_1019387_G22010_02192015104138_4144577
2234871,Traulsen (A division of ITW Food Equipment Group),Traulsen,RHF232W-FHS,RHF232W-FHS,",AHF232W-FHS,",Solid,2,52,230,401,10/01/2011,03/19/2015,"United States, Canada",ES_1019387_G30000_02192015104151_2312601
2234872,Traulsen (A division of ITW Food Equipment Group),Traulsen,G24310,G24310,",G24312,; ,G24313,; ,G24317,",Solid,2,44,255,370,10/01/2011,03/19/2015,"United States, Canada",ES_1019387_G30010_02192015104205_4709171
2328537,Vulcan (A division of ITW Food Equipment Group),WITTCO,1826-15,1826-15,,Solid,2,20,282.1,294,10/15/2018,10/26/2018,"United States, Canada",ES_1017245_1826-15_10292018150246_5366632
2328538,Vulcan (A division of ITW Food Equipment Group),Vulcan,VBP15,VBP15,,Solid,2,20,282.1,294,10/15/2018,10/26/2018,"United States, Canada",ES_1017245_VBP15_10292018145438_4878643
