ENERGY STAR Unique ID,Brand Name,Model Number,Additional Model Information,UPC,Load Configuration,Additional Washer Features,Intended Market,Volume (cu. ft.),Integrated Modified Energy Factor (IMEF),US Federal Standard (IMEF),Annual Energy Use (kWh/yr),Integrated Water Factor (IWF),US Federal Standard (IWF),Annual Water Use (gallons/yr),Connected,Connects Using,Communication Standard Application Layer,Direct on-premises Open-standard Based Interconnection,Paired ENERGY STAR Clothes Dryer Available,Paired ENERGY STAR Clothes Dryer ENERGY STAR Model Identifier,Date Available On Market,Date Certified,Markets,ENERGY STAR Model Identifier,Meets ENERGY STAR Most Efficient 2019 Criteria
2310389,Kenmore,2713*41*,,883049334707,Top Load,Other,Residential,4.8,2.06,1.29,169,4.3,8.4,6076,No,,,,No,,03/23/2015,02/08/2018,"United States, Canada",ES_15649_2713*41*_02092018170338_5818057,No
2310394,Kenmore,2813*41*,,883049334714,Top Load,Other,Residential,5.3,2.06,1.29,195,4.3,8.4,6698,No,,,,No,,02/23/2015,02/08/2018,"United States, Canada",ES_15649_2813*41*_02092018170446_5886893,No
2310402,Kenmore,2913*41*,,883049334738,Top Load,Other,Residential,5.3,2.06,1.29,195,4.3,8.4,6698,No,,,,No,,02/23/2015,02/08/2018,"United States, Canada",ES_15649_2913*41*_02092018170416_5856072,No
2308536,Kenmore,3143#,,1,Top Load,"Anti-Wrinkle,Steam Cycle,Delayed Start,Sanitize Option",Residential,5,2.38,1.29,150,3.7,8.4,5479,No,,,,No,,11/02/2017,12/18/2017,"United States, Canada",ES_1118034_3143#_12192017024232_70163137,No
2310478,Kenmore,3155#,,1,Top Load,"Steam Cycle,Sanitize Option",Residential,5.2,2.38,1.29,130,3.7,8.4,5643,No,,,,No,,06/24/2016,02/08/2018,"United States, Canada",ES_15649_3155#_02092018060252_70172585,No
2310411,Kenmore,3163*61*,,883049375939,Top Load,"Other,Delayed Start,Steam Cycle",Residential,6.2,2.06,1.29,271,4.3,8.4,7827,No,,,,Yes,"ES_15649_6163261*_04282016163247_1167684, ES_15649_7163261*_04282016172629_4389962",04/04/2016,02/08/2018,"United States, Canada",ES_15649_3163*61*_02092018170522_5922392,No
2310482,Kenmore,4107#,,1,Front Load,"Steam Cycle,Sanitize Option",Residential,5.2,2.92,1.84,120,3.2,4.7,4880,No,,,,No,,05/02/2016,02/08/2018,"United States, Canada",ES_15649_4107#_02092018060252_70172585,No
2310500,Kenmore,4126#,,1,Front Load,None,Residential,4.5,2.92,1.84,90,3.2,4.7,4220,No,,,,No,,07/29/2016,02/09/2018,"United States, Canada",ES_15649_4126#_02092018060252_70172585,Yes
2310487,Kenmore,4130#,,1,Front Load,"Steam Cycle,Sanitize Option",Residential,4.5,2.92,1.84,105,3.2,4.7,4239,No,,,,No,,07/22/2016,02/08/2018,"United States, Canada",ES_15649_4130#_02092018060252_70172585,No
2310483,Kenmore,4139#,,1,Front Load,None,Residential,4.5,2.92,1.84,90,3.2,4.7,4239,No,,,,No,,07/28/2016,02/08/2018,"United States, Canada",ES_15649_4139#_02092018060252_70172585,No
2310489,Kenmore,4158#,,1,Front Load,"Steam Cycle,Sanitize Option",Residential,4.5,2.92,1.84,105,3.2,4.7,4239,No,,,,No,,03/01/2015,02/09/2018,"United States, Canada",ES_15649_4158#_02092018060252_70172585,No
2310486,Kenmore,4168#,,1,Front Load,"Steam Cycle,Sanitize Option",Residential,4.5,2.92,1.84,105,3.2,4.7,4239,No,,,,No,,07/22/2016,02/08/2018,"United States, Canada",ES_15649_4168#_02092018060252_70172585,No
2310167,Kenmore,417.4194*71*,,012505387197,Front Load,None,Residential,2.4,2.13,1.84,90,3.8,4.7,2690,No,,,,No,,01/19/2018,02/24/2014,"United States, Canada",ES_15649_417.4194*71*_02072018120848_70172556,No
2306857,Kenmore,4178#,,1,Front Load,"Steam Cycle,Sanitize Option",Residential,4.5,2.76,1.84,160,3.2,4.7,4201,No,,,,No,,12/21/2017,11/27/2017,"United States, Canada",ES_1118034_4178#4_11282017034959_70164576,No
2310506,Kenmore,4196#,,1,Front Load,None,Residential,5.2,2.92,1.84,100,3.2,4.7,4880,No,,,,No,,06/04/2016,02/09/2018,"United States, Canada",ES_15649_4196#_02092018060252_70172585,No
2310505,Kenmore,4198#,,1,Front Load,"Steam Cycle,Sanitize Option",Residential,5.2,2.76,1.84,170,3.2,4.7,4890,No,,,,No,,01/02/2017,02/09/2018,"United States, Canada",ES_15649_4198#_02092018060252_70172585,No
2310466,Kenmore,592-2922*,,887276012063,Top Load,Other,Residential,4.3,2.09,1.29,132,4,8.4,5050,No,,,,No,,04/22/2015,04/22/2015,Canada,ES_15649_592-2922*_02092018060252_70172127,No
2310467,Kenmore,592-2933*,,887276970455,Top Load,Other,Residential,4.8,2.11,1.29,176,4.1,8.4,5757,No,,,,No,,04/22/2015,04/22/2015,Canada,ES_15649_592-2933*_02092018060252_70172127,No
2310468,Kenmore,592-4961*,,887276142586,Front Load,Other,Residential,4.2,2.8,1.84,85,3.2,4.7,3927,No,,,,No,,01/23/2016,01/11/2016,"United States, Canada",ES_15649_592-4961*_02092018060252_70172127,No
2310469,Kenmore,592-4968*,,887276142647,Front Load,Other,Residential,4.5,2.8,1.84,110,3,4.7,3956,No,,,,No,,01/23/2016,01/11/2016,"United States, Canada",ES_15649_592-4968*_02092018060252_70172127,No
2310470,Kenmore,592-4969*,,887276169309,Front Load,Other,Residential,5,2.92,1.84,105,2.9,4.7,4278,No,,,,No,,05/15/2016,04/21/2016,"United States, Canada",ES_15649_592-4969*_02092018060252_70172127,No
2311005,LG,WM1385H*,,1,Front Load,None,Residential,2.3,2.07,1.84,120,4.2,4.7,2850,No,,,,No,,03/19/2016,02/26/2018,"United States, Canada",ES_1118034_WM1385H*_02262018014255_70175340,No
2310496,LG,WM1388H*,,1,Front Load,None,Residential,2.3,2.07,1.84,120,4.2,4.7,2850,No,,,,No,,03/19/2016,02/09/2018,"United States, Canada",ES_1118034_WM1388H*_02092018060252_70172585,No
2321541,LG,WM1399H*A,,1,Front Load,None,Residential,2.3,2.07,1.84,120,4.2,4.7,2850,No,,,,No,,06/22/2018,06/22/2018,"United States, Canada",ES_1118034_WM1399H*A_06232018124145_6666666_,No
2308538,LG,WM3080C*,,1,Front Load,Delayed Start,Residential,4.3,2.92,1.84,90,3.2,4.7,4050,No,,,,No,,12/01/2017,12/18/2017,"United States, Canada",ES_1118034_WM3080C*_12192017024232_70163137,No
2310480,LG,WM3085C*,,1,Front Load,None,Residential,4.5,2.92,1.84,90,3.2,4.7,4220,No,,,,No,,12/11/2016,02/08/2018,"United States, Canada",ES_1118034_WM3085C*_02092018060252_70172585,No
2328318,LG,WM3090C*,,1,Front Load,None,Residential,4.5,2.92,1.84,100,2.9,4.7,3841,No,,,,No,,10/31/2018,10/23/2018,"United States, Canada",ES_1118034_WM3090C*_10242018042448_70202975,No
2320406,LG,WM3095C*,,1,Front Load,None,Residential,4.5,2.92,1.84,100,2.9,4.7,3841,No,,,,No,,05/18/2018,05/16/2018,"United States, Canada",ES_1118034_WM3095C*_05242018111228_70184257,No
2310476,LG,WM3180C*,,1,Front Load,None,Residential,4.5,2.92,1.84,90,3.2,4.7,4220,No,,,,No,,04/17/2017,02/08/2018,"United States, Canada",ES_1118034_WM3180C*_02092018060252_70172585,No
2310498,LG,WM3270C*,,1,Front Load,None,Residential,4.5,2.92,1.84,90,3.2,4.7,4220,No,,,,No,,07/29/2016,02/09/2018,"United States, Canada",ES_1118034_WM3270C*_02092018060252_70172585,Yes
2310499,LG,WM3275C*,,1,Front Load,None,Residential,4.5,2.92,1.84,90,3.2,4.7,4220,No,,,,No,,07/29/2016,02/09/2018,"United States, Canada",ES_1118034_WM3275C*_02092018060252_70172585,No
2319458,LG,WM3500C*,,1,Front Load,None,Residential,4.5,2.92,1.84,100,2.9,4.7,3841,No,,,,No,,05/09/2018,05/04/2018,"United States, Canada",ES_1118034_WM3500C*_05072018024107_70182073,Yes
2320405,LG,WM3505C*,,1,Front Load,None,Residential,4.5,2.92,1.84,100,2.9,4.7,3841,No,,,,No,,05/18/2018,05/16/2018,"United States, Canada",ES_1118034_WM3505C*_05242018111228_70184257,No
2310484,LG,WM3575C*,,1,Front Load,None,Residential,4.5,2.92,1.84,90,3.2,4.7,4239,No,,,,No,,07/28/2016,02/08/2018,"United States, Canada",ES_1118034_WM3575C*_02092018060252_70172585,No
2310497,LG,WM3670H*A,,1,Front Load,"Steam Cycle,Sanitize Option",Residential,4.5,2.92,1.84,100,3.2,4.7,4220,No,,,,No,,09/01/2016,02/09/2018,"United States, Canada",ES_1118034_WM3670H*A_02092018060252_70172585,No
2318268,LG,WM3700H*A,,1,Front Load,None,Residential,4.5,2.92,1.84,105,2.9,4.7,3841,No,,,,No,,04/21/2018,04/09/2018,"United States, Canada",ES_1118034_WM3700H*A_04102018113028_70179308,Yes
2310488,LG,WM3770H*A,,1,Front Load,"Steam Cycle,Sanitize Option",Residential,4.5,2.92,1.84,105,3.2,4.7,4239,No,,,,No,,07/22/2016,02/08/2018,"United States, Canada",ES_1118034_WM3770H*A_02092018060252_70172585,No
2332574,LG,WM3900H*A,,1,Front Load,None,Residential,4.5,2.92,1.84,105,2.9,4.7,3841,No,,,,No,,01/18/2018,01/18/2018,"United States, Canada",ES_1118034_WM3900H*A_01302019062911_70213034,Yes
2310485,LG,WM4370H*A,,1,Front Load,"Steam Cycle,Sanitize Option",Residential,4.5,2.92,1.84,105,3.2,4.7,4239,No,,,,No,,07/22/2016,02/08/2018,"United States, Canada",ES_1118034_WM4370H*A_02092018060252_70172585,No
2310475,LG,WM5000H*A,,1,Front Load,"Steam Cycle,Sanitize Option",Residential,4.5,2.92,1.84,105,2.8,4.7,3676,No,,,,No,,05/24/2017,02/08/2018,"United States, Canada",ES_1118034_WM5000H*A_02092018060252_70172585,No
2310474,LG,WM5005H*A,,1,Front Load,"Steam Cycle,Sanitize Option",Residential,4.5,2.92,1.84,105,2.8,4.7,3676,No,,,,No,,05/24/2017,02/08/2018,"United States, Canada",ES_1118034_WM5005H*A_02092018060252_70172585,No
2310481,LG,WM8100H*A,,1,Front Load,"Steam Cycle,Sanitize Option",Residential,5.2,2.92,1.84,120,3.2,4.7,4880,No,,,,No,,05/02/2016,02/08/2018,"United States, Canada",ES_1118034_WM8100H*A_02092018060252_70172585,Yes
2310504,LG,WM9000H*A,,1,Front Load,"Steam Cycle,Sanitize Option",Residential,5.2,2.92,1.84,120,3.2,4.7,4880,No,,,,No,,06/29/2015,02/09/2018,"United States, Canada",ES_1118034_WM9000H*A_02092018060252_70172585,Yes
2310479,LG,WM9500H*A,,1,Front Load,"Steam Cycle,Sanitize Option",Residential,5.8,3.1,1.84,120,2.7,4.7,4588,No,,,,No,,06/26/2016,02/08/2018,"United States, Canada",ES_1118034_WM9500H*A_02092018060252_70172585,Yes
2310494,LG,WT1150C*,,1,Top Load,None,Residential,4.5,2.38,1.29,140,3.7,8.4,4901,No,,,,No,,09/30/2016,02/09/2018,"United States, Canada",ES_1118034_WT1150C*_02092018060252_70172585,No
2310503,LG,WT1501C*,,1,Top Load,None,Residential,4.5,2.38,1.29,140,3.7,8.4,4901,No,,,,No,,06/29/2015,02/09/2018,"United States, Canada",ES_1118034_WT1501C*_02092018060252_70172585,No
2310493,LG,WT1901C*,,1,Top Load,None,Residential,5,2.38,1.29,130,3.7,8.4,5479,No,,,,No,,12/22/2016,02/09/2018,"United States, Canada",ES_1118034_WT1901C*_02092018060252_70172585,No
2310495,LG,WT5275C*,,1,Top Load,None,Residential,4.5,2.38,1.29,140,3.7,8.4,4901,No,,,,No,,06/30/2016,02/09/2018,"United States, Canada",ES_1118034_WT5275C*_02092018060252_70172585,No
2310501,LG,WT5680H*A,,1,Top Load,"Steam Cycle,Sanitize Option",Residential,5,2.38,1.29,135,3.7,8.4,5479,No,,,,No,,02/15/2015,02/09/2018,"United States, Canada",ES_1118034_WT5680H*A_02092018060252_70172585,No
2310477,LG,WT7050C*,,1,Top Load,None,Residential,4.5,2.06,1.29,180,4.3,8.4,5696,No,,,,No,,04/16/2017,02/08/2018,"United States, Canada",ES_1118034_WT7050C*_02092018060252_70172585,No
2308537,LG,WT7100C*,,1,Top Load,Delayed Start,Residential,4.5,2.06,1.29,220,4.3,8.4,5721,No,,,,No,,11/30/2017,12/18/2017,"United States, Canada",ES_1118034_WT7100C*_12192017024232_70163137,No
2310492,LG,WT7200C*,,1,Top Load,None,Residential,5,2.38,1.29,130,3.7,8.4,5479,No,,,,No,,12/05/2016,02/09/2018,"United States, Canada",ES_1118034_WT7200C*_02092018060252_70172585,No
2320407,LG,WT7250C*,,1,Top Load,None,Residential,5,2.76,1.29,110,3.2,8.4,4720,No,,,,No,,05/18/2018,05/16/2018,"United States, Canada",ES_1118034_WT7250C*_05242018111228_70184257,No
2320408,LG,WT7300C*,,1,Top Load,None,Residential,5,2.76,1.29,110,3.2,8.4,4720,No,,,,No,,05/18/2018,05/16/2018,"United States, Canada",ES_1118034_WT7300C*_05242018111228_70184257,No
2310491,LG,WT7500C*,,1,Top Load,"Steam Cycle,Sanitize Option",Residential,5.2,2.38,1.29,130,3.7,8.4,5621,No,,,,No,,02/15/2016,02/09/2018,"United States, Canada",ES_1118034_WT7500C*_02092018060252_70172585,No
2310490,LG,WT7600H*A,,1,Top Load,"Steam Cycle,Sanitize Option",Residential,5.2,2.38,1.29,130,3.7,8.4,5643,No,,,,No,,02/15/2016,02/09/2018,"United States, Canada",ES_1118034_WT7600H*A_02092018060252_70172585,No
2310502,LG,WT7700H*A,,1,Top Load,"Steam Cycle,Sanitize Option",Residential,5.7,2.76,1.29,150,3.2,8.4,5381,No,,,,No,,04/21/2015,02/09/2018,"United States, Canada",ES_1118034_WT7700H*A_02092018060252_70172585,No
2335213,LG,WT7710H*A,,1,Top Load,"Steam Cycle,Sanitize Option",Residential,5.7,2.76,1.29,150,3.2,8.4,5381,No,,,,No,,03/26/2019,03/26/2019,"United States, Canada",ES_1118034_WT7710H*A_03262019040713_70220657,No
2334257,LG,WT7800C*,,1,Top Load,None,Residential,5.5,2.76,1.29,130,3.2,8.4,5145,No,,,,No,,03/06/2019,03/06/2019,"United States, Canada",ES_1118034_WT7800C*_03062019031942_70216927,No
2321577,LG,WT7900H*A,,1,Top Load,None,Residential,5.5,2.76,1.29,150,3.2,8.4,5145,No,,,,No,,07/03/2018,06/25/2018,"United States, Canada",ES_1118034_WT7900H*A_06262018105726_70189258,No
2335028,Magic Chef,MCSFLW27S,,665679018819,Front Load,Delayed Start,Residential,2.7,,1.84,75,3.2,4.7,2549,No,,,,,,01/11/2019,03/13/2019,United States,ES_1107227_MCSFLW27S_03142019051011_0211317,No
2335029,Magic Chef,MCSFLW27W,,665679018819,Front Load,Delayed Start,Residential,2.7,,1.84,75,3.2,4.7,2549,No,,,,,,01/11/2019,03/13/2019,United States,ES_1107227_MCSFLW27W_03142019050934_0174124,No
2310325,Maytag,MHW3500F**,,883049385105,Front Load,"Other,Delayed Start",Residential,4.5,2.92,1.84,87,3.2,4.7,4210,No,,,,Yes,ES_22856_MED3500FW*_04282016181802_7482117,06/01/2016,02/05/2018,"United States, Canada",ES_22856_MHW3500F**_04262016182410_5050572,No
2310417,Maytag,MHW3500F**,,883049385105,Front Load,"Other,Delayed Start",Residential,4.5,2.92,1.84,87,3.2,4.7,4210,No,,,,Yes,ES_22856_MED3500FW*_04282016181802_7482117,06/01/2016,02/05/2018,"United States, Canada",ES_22856_MHW3500F**_02092018215208_3128980,No
2310294,Maytag,MHW3505F**,,883049381151,Front Load,"Other,Delayed Start",Residential,4.4,2.92,1.84,88,3.2,4.7,4116,No,,,,No,,06/01/2016,02/05/2018,"United States, Canada",ES_22856_MHW3505F**_04262016182213_4933320,No
2310290,Maytag,MHW5500F**,",MHW5500FC,; ,MHW5500FW,",883049385112,Front Load,"Other,Delayed Start",Residential,4.5,2.92,1.84,89,3.2,4.7,4210,No,,,,Yes,ES_22856_MED5500FW*_04282016181839_7519329,06/01/2016,02/05/2018,"United States, Canada",ES_22856_MHW5500F**_04262016181719_4639865,No
2331769,Maytag,MHW5630H**,,883049456959,Front Load,"Anti-Wrinkle,Other,Delayed Start",Residential,4.5,2.76,1.84,128,3.2,4.7,4267,No,,,,Yes,"ES_1129244_MED5630H**_10142018214925_3765911, ES_1129244_MGD5630H**_10142018213837_3117201",12/03/2018,08/24/2018,"United States, Canada",ES_15649_MHW5630H**_10142018184935_2975704,No
2331771,Maytag,MHW6630H**,,883049456966,Front Load,"Anti-Wrinkle,Other,Sanitize Option,Delayed Start",Residential,4.8,2.76,1.84,143,3.2,4.7,4541,No,,,,Yes," ES_1129244_MGD6630H**_10142018213725_3045415,ES_1129244_MED6630H**_10142018214819_3699188",12/03/2018,08/24/2018,"United States, Canada",ES_15649_MHW6630H**_10142018185017_3017925,No
2309302,Amana,NFW5800D**,,883049332208,Front Load,Other,Residential,4.2,2.76,1.84,109,3.2,4.7,3936,No,,,,No,,04/15/2015,01/17/2018,"United States, Canada",ES_22856_NFW5800D*+_04252016201435_5275579,No
2331773,Amana,NFW5800H**,,883049453552,Front Load,"Anti-Wrinkle,Other,Sanitize Option",Residential,4.3,2.76,1.84,123,3.2,4.7,4097,No,,,,No,,12/03/2018,08/24/2018,"United States, Canada",ES_15649_NFW5800H**_10142018185145_3105252,No
2309900,Asko,W2084.W.U,,578206,Front Load,"Anti-Wrinkle,Gentle Cycle,Other,Delayed Start,Hand Wash Cycle",Residential,2,2.31,1.84,75,2.9,4.7,1728,No,,,,Yes,ES_1123023_T208H.W.U_08032017015947_70148998,01/01/2018,02/02/2018,"United States, Canada",ES_1123023_W2084.W.U_02022018102131_70173114,No
2309902,Asko,W4114C.T.U,,578207,Front Load,"Anti-Wrinkle,Gentle Cycle,Delayed Start,Hand Wash Cycle",Residential,2.7,2.41,1.84,75,3.1,4.7,2478,No,,,,No,,10/01/2017,02/02/2018,"United States, Canada",ES_1123023_W4114C.T.U_02022018102131_70173114,No
2309901,Asko,W4114C.W.U,,578205,Front Load,"Anti-Wrinkle,Gentle Cycle,Delayed Start,Hand Wash Cycle",Residential,2.7,2.41,1.84,75,3.1,4.7,2478,No,,,,No,,10/01/2017,02/02/2018,"United States, Canada",ES_1123023_W4114C.W.U_02022018102131_70173114,No
2309903,Asko,W6124X.W.U,,578203,Front Load,"Anti-Wrinkle,Gentle Cycle,Delayed Start,Hand Wash Cycle",Residential,2.7,2.41,1.84,75,3.1,4.7,2478,No,,,,No,,10/01/2018,02/02/2018,"United States, Canada",ES_1123023_W6124X.W.U_02022018102131_70173114,No
2332833,Beko,BWM7200X,,8690842162633,Front Load,"Gentle Cycle,Other,Hand Wash Cycle",Residential,1.9,2.07,1.84,84,3.6,4.7,2060,No,,,,No,,02/01/2019,01/31/2019,United States,ES_1036108_BWM7200X_01312019211435_9275573,No
2318130,Beko,WMY 10148 C0,,8690842009631,Front Load,None,Residential,2.5,2.29,1.84,82,3.6,4.7,2655,No,,,No,Yes,DHP24412W and DHP24400W,04/01/2015,04/13/2015,"United States, Canada",ES_1036108_WMY 10148 C0_04082015143714_4800989,No
2318078,Beko,WMY 10148 C2,,8690842009631,Front Load,None,Residential,2.5,2.29,1.84,82,3.6,4.7,2655,No,,,No,Yes,DHP24412W and DHP24400W,04/01/2015,04/13/2015,"United States, Canada",ES_1036108_WMY 10148 C2_12192017095327_3193933,No
2318131,Beko,WMY 10148 W0,,8690842009631,Front Load,None,Residential,2.5,2.29,1.84,82,3.6,4.7,2655,No,,,No,Yes,DHP24412W and DHP24400W,04/01/2015,04/13/2015,"United States, Canada",ES_1036108_WMY 10148 W0_04102015161443_9456445,No
2318128,Beko,WMY 10148 W2,,8690842009631,Front Load,None,Residential,2.5,2.29,1.84,82,3.6,4.7,2655,No,,,No,Yes,DHP24412W and DHP24400W,04/01/2015,04/13/2015,"United States, Canada",ES_1036108_WMY 10148 W2_12192017095327_5348458,No
2318135,Beko,WTE 7604XLW0,,8690842002052,Front Load,None,Residential,2,2.09,1.84,67,3.5,4.7,2013,No,None,Other,No,No,,04/01/2015,04/10/2015,"United States, Canada",ES_1036108_WTE 7604XLW0_04082015142803_5956537,No
2332834,Blomberg,WM72200W,,8690842162633,Front Load,"Gentle Cycle,Other,Hand Wash Cycle",Residential,1.9,2.07,1.84,84,3.6,4.7,2060,No,,,,No,,02/01/2019,01/31/2019,United States,ES_1036108_WM72200W_01312019211451_9291862,No
2318134,Blomberg,WM77120,,8690842002052,Front Load,None,Residential,2,2.09,1.84,67,3.5,4.7,2013,No,None,Other,No,No,,04/01/2015,04/10/2015,"United States, Canada",ES_1036108_WM77120_04082015142803_347253,No
2318132,Blomberg,WM 98200 SX,,8690842009631,Front Load,None,Residential,2.5,2.29,1.84,82,3.6,4.7,2655,No,,,No,Yes,DHP24412W and DHP24400W,04/01/2015,04/13/2015,"United States, Canada",ES_1036108_WM 98200 SX_04132015082955_2813836,No
2318129,Blomberg,WM 98200 SX2,,8690842009631,Front Load,None,Residential,2.5,2.29,1.84,82,3.6,4.7,2655,No,,,No,Yes,DHP24412W and DHP24400W,04/01/2015,04/13/2015,"United States, Canada",ES_1036108_WM 98200 SX2_12192017095327_9271470,No
2318133,Blomberg,WM 98400 SX,,8690842009631,Front Load,None,Residential,2.5,2.29,1.84,82,3.6,4.7,2655,No,,,No,Yes,DHP24412W and DHP24400W,04/01/2015,04/13/2015,"United States, Canada",ES_1036108_WM 98400 SX_04082015143714_2796899,No
2318079,Blomberg,WM 98400 SX2,,8690842009631,Front Load,None,Residential,2.5,2.29,1.84,82,3.6,4.7,2655,No,,,No,Yes,DHP24412W and DHP24400W,04/01/2015,04/13/2015,"United States, Canada",ES_1036108_WM 98400 SX2_12192017095327_9320337,No
2311151,Bosch,WAT28400UC,,825225912767,Front Load,Delayed Start,Residential,2.2,2.22,1.84,84,3.6,4.7,2294,No,None,Other,No,Yes,"ES_31649_WTG86401UC_03122015101541_6055414,ES_31649_WTG86402UC_06232015164027_9869806",05/01/2015,03/20/2015,"United States, Canada",ES_31649_WAT28400UC_12192014125456_4933282,No
2311152,Bosch,WAT28401UC,,825225912767,Front Load,Delayed Start,Residential,2.2,2.22,1.84,84,3.6,4.7,2294,No,None,Other,No,Yes,"ES_31649_WTG86401UC_03122015101541_6055414,ES_31649_WTG86402UC_06232015164027_9869806",09/16/2015,03/20/2015,"United States, Canada",ES_31649_WAT28401UC_06232015164156_1305658,No
2311153,Bosch,WAT28402UC,,825225912767,Front Load,Delayed Start,Residential,2.2,2.22,1.84,84,3.6,4.7,2294,No,None,Other,No,Yes,"ES_31649_WTG86401UC_03122015101541_6055414,ES_31649_WTG86402UC_06232015164027_9869806",09/16/2015,03/20/2015,"United States, Canada",ES_31649_WAT28402UC_06232015164156_653955,No
2310610,Bosch,WAW285H2UC,,825225937449,Front Load,"Anti-Wrinkle,Gentle Cycle,Delayed Start,Sanitize Option,Hand Wash Cycle",Residential,2.2,2.22,1.84,84,3.7,4.7,2358,Yes,,,,Yes,ES_31649_WTG865H3UC_02192019145237_3792688,09/01/2017,05/01/2017,"United States, Canada",ES_31649_WAW285H2UC_04292017160115_8727838,No
2309934,Crosley,CFWH4084G**,,883049444338,Front Load,Other,Residential,4.2,2.92,1.84,85,3.2,4.7,3936,No,,,,No," CED7464GW,CDG7464GW",02/01/2017,02/02/2018,"United States, Canada",ES_92264_CFWH4084G**_01282017165803_2683820,No
2325258,Crosley,YFW450S*M***,",YFW450SPMDG,; ,YFW450SSMWW,",084691841524,Front Load,"Gentle Cycle,Delayed Start,Sanitize Option,Hand Wash Cycle",Residential,4.5,2.76,1.84,116,3.2,4.7,4220,No,,,,,,09/03/2018,08/22/2018,United States,ES_92264_YFW450S*M***_09032018174229_6549281,No
2310166,Electrolux,EFLS210****,,012505387180,Front Load,None,Residential,2.4,2.13,1.84,90,3.8,4.7,2690,No,,,,No,,01/19/2018,02/24/2014,"United States, Canada",ES_1021080_EFLS210****_02072018120848_70172556,No
2309145,Electrolux,EFLS517****,,12505386688,Front Load,None,Residential,4.3,2.92,1.84,75,3.2,4.7,4059,No,,,,No,EFME517****,01/19/2018,01/02/2018,"United States, Canada",ES_1021080_EFLS517****_01152018115400_70163739,No
2309144,Electrolux,EFLS527****,,12505387265,Front Load,None,Residential,4.3,2.92,1.84,75,3.2,4.7,4059,No,,,,No,ES_1021080_EFME527****_02222018171513_9713937,01/19/2018,01/02/2018,"United States, Canada",ES_1021080_EFLS527****_01152018115400_70163739,Yes
2310165,Electrolux,EFLS617****,,012505386701,Front Load,None,Residential,4.4,2.92,1.84,85,3.2,4.7,4154,No,,,,Yes,ES_1021080_EFME617****_02152016192144_4104308,01/20/2018,02/08/2016,"United States, Canada",ES_1021080_EFLS617****_02072018120848_70172556,No
2310162,Electrolux,EFLS627****,,012505387289,Front Load,None,Residential,4.4,2.92,1.84,85,3.2,4.7,4154,No,,,,No,ES_1021080_EFME627****_02222018171531_9731920,01/19/2018,02/08/2016,"United States, Canada",ES_1021080_EFLS627****_02072018120848_70172556,Yes
2310004,Electrolux,EFLW317****,,012505386947,Front Load,None,Residential,4.3,2.76,1.84,60,3.2,4.7,4059,No,,,,Yes,ES_1021080_EFDE317****_12162016171416_8456738,01/29/2018,01/26/2018,"United States, Canada",ES_1021080_EFLW317****_02052018061855_70167392,No
2310164,Electrolux,EFLW417****,,012505386671,Front Load,None,Residential,4.3,2.92,1.84,60,3.2,4.7,4059,No,,,,Yes,ES_1021080_EFME417****_02152016192532_4332028,01/19/2018,03/01/2016,"United States, Canada",ES_1021080_EFLW417****_02072018120848_70172556,No
2310163,Electrolux,EFLW427****,,012505387258,Front Load,None,Residential,4.3,2.92,1.84,60,3.2,4.7,4059,No,,,,Yes,ES_1021080_EFME427****_02222018171459_9699389,01/19/2018,03/01/2016,"United States, Canada",ES_1021080_EFLW427****_02072018120848_70172556,Yes
2300873,Fisher & Paykel,WH2424F1,,822843962358,Front Load,Steam Cycle,Residential,2.4,2.09,1.84,80,2.8,4.7,1982,No,,,,No,,07/30/2017,07/04/2017,"United States, Canada",ES_0031566_WH2424F1_07172017043721_70133503,No
2300874,Fisher & Paykel,WH2424P1,,822843962365,Front Load,Hand Wash Cycle,Residential,2.4,2.09,1.84,80,2.8,4.7,1982,No,,,,No,,07/30/2017,07/04/2017,"United States, Canada",ES_0031566_WH2424P1_07172017043721_70133503,No
2310611,Gaggenau,WM262700,,825225937449,Front Load,"Anti-Wrinkle,Gentle Cycle,Delayed Start,Sanitize Option,Hand Wash Cycle",Residential,2.2,2.22,1.84,84,3.7,4.7,2358,Yes,,,,Yes,ES_31649_WTG865H3UC_02192019145237_3792688,06/01/2018,05/01/2017,"United States, Canada",ES_31649_WM262700_01222018131920_8149072,No
2310521,GE,GFW148S*L***,",GFW148SSLWW,",84691824183,Front Load,"Gentle Cycle,Steam Cycle,Delayed Start,Sanitize Option",Residential,2.4,2.07,1.84,80,4.2,4.7,2912,No,,,,No,,02/09/2017,02/12/2018,United States,ES_1123206_GFW148S*L***_01272017163000_4600814,No
2324849,GE,GFW148S*M***,",,Color: White / White",084691826651,Front Load,"Gentle Cycle,Steam Cycle,Delayed Start,Sanitize Option,Hand Wash Cycle",Residential,2.4,2.07,1.84,97,4.2,4.7,2961,No,,,,Yes,ES_1123206_GFT14ES*M***_08292018161048_9048548,08/27/2018,08/27/2018,"United States, Canada",ES_1123206_GFW148S*M***_08272018155407_5247195,No
2306811,GE,GFW400S*M***,"GFW400S*M***,GFW400SCMWW,",084691826552,Front Load,"Gentle Cycle,Delayed Start,Sanitize Option,Hand Wash Cycle",Residential,4.1,2.76,1.84,113,3.2,4.7,3852,No,,,,,,12/04/2017,11/27/2017,"United States, Canada",ES_1123206_GFW400S*M***_11272017134821_0501885,No
2310043,GE,GFW430S*M***,",GFW430SSMWW,",84691826569,Front Load,"Gentle Cycle,Other,Delayed Start,Hand Wash Cycle",Residential,4.5,2.76,1.84,123,3.2,4.7,4220,No,,,,,,01/08/2018,02/06/2018,"United States, Canada",ES_1123206_GFW430S*M***_02062018200654_7614614,No
2306813,GE,GFW450S*M***,",GFW450SPMDG,; ,GFW450SSMWW,",084691826576,Front Load,"Gentle Cycle,Delayed Start,Sanitize Option,Hand Wash Cycle",Residential,4.5,2.76,1.84,116,3.2,4.7,4220,No,,,,,,12/04/2017,11/27/2017,"United States, Canada",ES_1123206_GFW450S*M***_11272017202142_4102375,No
2310529,GE,GFW480S*K***,",GFW480SPKDG,Color: Diamond Gray; UPC 084691820239; ,GFW480SPKRR,Color: Ruby Red; UPC 084691820246; ,GFW480SSKWW,Color: White / White; UPC 084691820222",84691820222,Front Load,"Gentle Cycle,Steam Cycle,Delayed Start,Sanitize Option,Hand Wash Cycle",Residential,4.9,2.76,1.84,153,2.8,4.7,4047,No,,,,Yes," ES_1123206_GFD49G**K***_10112016171924_6364021,ES_1123206_GFD49E**K***_10122016194625_1585797",10/03/2016,02/12/2018,United States,ES_1123206_GFW480S*K***_02122018160447_1487386,No
2310530,GE,GFW490R*K***,",GFW490RPKDG,; ,GFW490RPKRR,Color: Ruby Red; UPC 084691820277; ,GFW490RSKWW,",84691820253,Front Load,"Gentle Cycle,Steam Cycle,Delayed Start,Sanitize Option,Hand Wash Cycle",Residential,4.9,2.76,1.84,153,2.8,4.7,4047,No,,,,Yes," ES_1123206_GFD49G**K***_10112016171924_6364021,ES_1123206_GFD49E**K***_10122016194625_1585797",10/03/2016,02/12/2018,United States,ES_1123206_GFW490R*K***_09232016171647_1007026,No
2310531,GE,GFWR2700H***,",GFWR2700HWW,",84691262916,Front Load,"Gentle Cycle,Delayed Start,Sanitize Option,Hand Wash Cycle",Residential,4.5,2.8,1.84,134,3,4.7,3947,No,,,,No,,02/15/2014,02/12/2018,United States,ES_1123206_GFWR2700H***_02102015220640_6000039,No
2310532,GE,GFWR2705H***,",GFWR2705HMC,",84691813309,Front Load,"Gentle Cycle,Delayed Start,Sanitize Option,Hand Wash Cycle",Residential,4.5,2.8,1.84,134,3,4.7,3947,No,,,,No,,02/15/2014,02/12/2018,United States,ES_1123206_GFWR2705H***_05292015195527_9327707,No
2306360,GE,GTW470BMM***,,757638972017,Top Load,"Gentle Cycle,Other",Residential,4.2,2.15,1.29,160,4,8.4,4956,No,,,,No,,01/15/2018,11/13/2017,Canada,ES_1123206_GTW470BMM***_11132017183024_7824210,No
2310717,GE,GTW485ASJ2WS,,84691815235,Top Load,Gentle Cycle,Residential,4.2,2.06,1.29,152,4.3,8.4,5340,No,,,,No,,07/11/2016,02/12/2018,United States,ES_1123206_GTW485ASJ2WS_07082016164550_6350535,No
2310718,GE,GTW485ASJ3WS,,84691815235,Top Load,Gentle Cycle,Residential,4.2,2.06,1.29,152,4.3,8.4,5340,No,,,,No,,12/12/2016,02/12/2018,United States,ES_1123206_GTW485ASJ3WS_12122016183213_7533056,No
2300602,GE,GTW485ASJ4WS,,084691815235,Top Load,Gentle Cycle,Residential,4.2,2.06,1.29,152,4.3,8.4,5328,No,,,,No,,08/10/2017,07/17/2017,United States,ES_1123206_GTW485ASJ4WS_07172017152347_5027989,No
2319465,GE,GTW485ASJ5WS,,084691815235,Top Load,Gentle Cycle,Residential,4.2,2.06,1.29,152,4.3,8.4,5340,No,,,,No,,05/15/2018,05/07/2018,United States,ES_1123206_GTW485ASJ5WS_05072018173259_4379517,No
2306361,GE,GTW485BMM***,,757638970365,Top Load,"Gentle Cycle,Other",Residential,4.2,2.15,1.29,160,4,8.4,4956,No,,,,No,,01/15/2018,11/13/2017,Canada,ES_1123206_GTW485BMM***_11132017183121_7881406,No
2310625,GE,GTW490ACJ2WS,",GTW490ACJ2WW,",84691815884,Top Load,Gentle Cycle,Residential,4.4,2.07,1.29,133,4.1,8.4,5273,No,,,,No,,07/11/2016,02/12/2018,United States,ES_1123206_GTW490ACJ2WS_07082016164117_6077407,No
2310626,GE,GTW490ACJ3WS,",GTW490ACJ3WW,",84691815884,Top Load,Gentle Cycle,Residential,4.4,2.07,1.29,133,4.1,8.4,5273,No,,,,No,,12/12/2016,02/12/2018,United States,ES_1123206_GTW490ACJ3WS_12122016183244_7564196,No
2300603,GE,GTW490ACJ4WS,",GTW490ACJ4WW,",084691815884,Top Load,Gentle Cycle,Residential,4.4,2.07,1.29,133,4.1,8.4,5322,No,,,,No,,08/10/2017,07/17/2017,United States,ES_1123206_GTW490ACJ4WS_07172017153609_5769395,No
2319462,GE,GTW490ACJ5WS,,084691815884,Top Load,Gentle Cycle,Residential,4.4,2.07,1.29,133,4.1,8.4,5273,No,,,,No,,05/15/2018,05/07/2018,United States,ES_1123206_GTW490ACJ5WS_05072018173126_4286987,No
2319463,GE,GTW490ACJ5WW,,084691812012,Top Load,Gentle Cycle,Residential,4.4,2.07,1.29,133,4.1,8.4,5273,No,,,,No,,05/15/2018,05/07/2018,United States,ES_1123206_GTW490ACJ5WW_05072018173157_4317660,No
2331678,GE,GTW500A*N***,",GTW500ASNWS,Color: White / Silver",084691845638,Top Load,"Gentle Cycle,Delayed Start",Residential,4.6,2.06,1.29,175,4.3,8.4,5860,No,,,,,,12/17/2018,12/05/2018,"United States, Canada",ES_1123206_GTW500A*N***_12052018194545_9145154,No
2333287,GE,GTW560BM***,,757638359092,Top Load,Other,Residential,4.3,2.2,1.29,137,3.7,8.4,4726,No,,,,No,,01/02/2019,02/11/2019,Canada,ES_1123206_GTW560BM***_02112019161938_1978986,No
2333288,GE,GTW575BM***,,757638359108,Top Load,Other,Residential,4.3,2.2,1.29,137,3.7,8.4,4726,No,,,,No,,01/02/2019,02/11/2019,Canada,ES_1123206_GTW575BM***_02112019161952_1992693,No
2306362,GE,GTW680BMM**,,757638970372,Top Load,"Gentle Cycle,Other",Residential,4.6,2.16,1.29,165,3.4,8.4,4624,No,,,,No,,01/15/2018,11/13/2017,Canada,ES_1123206_GTW680BMM**_11132017183220_7940632,No
2306363,GE,GTW680BMM**,,757638973697,Top Load,"Gentle Cycle,Other",Residential,4.6,2.16,1.29,165,3.4,8.4,4624,No,,,,No,,01/15/2018,11/13/2017,Canada,ES_1123206_GTW680BMM**_11132017183256_7976844,No
2300604,GE,GTW680BPL0DG,,084691825722,Top Load,"Gentle Cycle,Delayed Start,Sanitize Option",Residential,4.6,2.08,1.29,143,3.6,8.4,4906,No,,,,Yes,"ES_1123206_GTD65EB*L***_06052017120810_4490815, ES_1123206_GTD65GB*L***_06052017123211_5931413",06/19/2017,07/26/2017,United States,ES_1123206_GTW680BPL0DG_07262017165842_8322647,No
2319459,GE,GTW680BPL1DG,",,Color: Diamond Gray",084691825722,Top Load,"Gentle Cycle,Delayed Start,Sanitize Option",Residential,4.6,2.08,1.29,143,3.6,8.4,4906,No,,,,Yes,"ES_1123206_GTD65EB*L***_06052017120810_4490815, ES_1123206_GTD65GB*L***_06052017123211_5931413",05/15/2018,05/07/2018,United States,ES_1123206_GTW680BPL1DG_05072018173057_4257760,No
2310662,GE,GTW680BSJ3WS,",,Color: White / Silver",84691810780,Top Load,"Gentle Cycle,Delayed Start,Sanitize Option",Residential,4.6,2.08,1.29,143,3.6,8.4,4906,No,,,,Yes,"ES_1123206_GTD65EB*J***_08242015154618_1178596, ES_1123206_GTD65GB*J***_08242015155701_1821764",07/11/2016,02/12/2018,United States,ES_1123206_GTW680BSJ3WS_07082016164816_6496700,No
2310660,GE,GTW680BSJ4WS,",,Color: White / Silver",84691810780,Top Load,"Gentle Cycle,Delayed Start,Sanitize Option",Residential,4.6,2.08,1.29,143,3.6,8.4,4906,No,,,,Yes,"ES_1123206_GTD65EB*J***_08242015154618_1178596, ES_1123206_GTD65GB*J***_08242015155701_1821764",12/12/2016,02/12/2018,United States,ES_1123206_GTW680BSJ4WS_02142018122007_0807403,No
2310661,GE,GTW680BSJ5WS,",,Color: White / Silver",84691810780,Top Load,"Gentle Cycle,Delayed Start,Sanitize Option",Residential,4.6,2.08,1.29,143,3.6,8.4,4906,No,,,,Yes,"ES_1123206_GTD65EB*J***_08242015154618_1178596, ES_1123206_GTD65GB*J***_08242015155701_1821764",05/01/2017,02/12/2018,United States,ES_1123206_GTW680BSJ4WS_12122016184150_8110488,No
2319460,GE,GTW680BSJ6WS,",,Color: White / Silver",084691810780,Top Load,"Gentle Cycle,Delayed Start,Sanitize Option",Residential,4.6,2.08,1.29,143,3.6,8.4,4906,No,,,,Yes,"ES_1123206_GTD65EB*J***_08242015154618_1178596, ES_1123206_GTD65GB*J***_08242015155701_1821764",05/15/2018,05/07/2018,United States,ES_1123206_GTW680BSJ6WS_05072018171942_3582003,No
2310720,GE,GTW685B*L***,",GTW685BPLDG,Color - Diamond Gray, UPC - 084691825739; ,GTW685BSLWS,Color - White / Silver, UPC - 084691825609",84691825609,Top Load,"Gentle Cycle,Delayed Start,Sanitize Option",Residential,4.5,2.06,1.29,150,4.3,8.4,5683,No,,,,Yes,"ES_1123206_GTD65EB*J***_08242015154618_1178596, ES_1123206_GTD65GB*J***_08242015155701_1821764",05/03/2017,02/12/2018,United States,ES_1123206_GTW685B*L***_05082017184751_9271148,No
2310722,GE,GTW750C*L***,",GTW750CPLDG,Color: Diamond Gray UPC: 084691825746; ,GTW750CSLWS,Color: White / Silver, UPC: 084691825623",84691825623,Top Load,"Gentle Cycle,Delayed Start,Sanitize Option",Residential,5,2.06,1.29,176,4.3,8.4,6381,No,,,,Yes,"ES_1123206_GTD75ECSL***_06022017183522_8522094, ES_1123206_GTD75GCPL***_06022017200011_3611781, ES_1123206_GTD75GCSL***_06022017195146_3106632, ES_1123206_GTD75ECPL***_06022017183849_8729939",05/30/2017,02/12/2018,"United States, Canada",ES_1123206_GTW750C*L***_05242017160757_2077084,No
2316641,GE,GTW755C*M***,",GTW755CPMDG,",84691832263,Top Load,"Gentle Cycle,Other,Delayed Start",Residential,4.9,2.06,1.29,181,4.3,8.4,6203,No,,,,Yes,ES_1123206_GTD75ECPL***_06022017183849_8729939,04/09/2018,03/30/2018,"United States, Canada",ES_1123206_GTW755C*M***_04032018212851_0931327,No
2316642,GE,GTW755C*M***,",,Color: White / Silver; ,GTW755CSMWS,Color: White / Silver",84691832256,Top Load,"Gentle Cycle,Other,Delayed Start",Residential,4.9,2.06,1.29,181,4.3,8.4,6203,No,,,,Yes,ES_1123206_GTD75ECSL***_06022017183522_8522094,04/09/2018,03/30/2018,"United States, Canada",ES_1123206_GTW755C*M***_04032018213217_1137895,No
2310560,GE,GTW810S*J***,",GTW810SPJMC,Color: Metallic Carbon; UPC 084691812876; ,GTW810SSJWS,Color: White / Silver; UPC 084691810094",84691810094,Top Load,"Gentle Cycle,Delayed Start,Sanitize Option",Residential,5.1,2.76,1.29,152,3.5,8.4,5245,No,,,,Yes,"ES_1123206_GTD81ESPJ2MC_05132016163118_7078773, ES_1123206_GTD81GS*J***_05042015175359_2039033",04/20/2015,02/12/2018,United States,ES_1123206_GTW810S*J***_04302015180548_7148523,No
2310561,GE,GTW860S*J***,",GTW860SPJMC,Color: Metallic Carbon; UPC 084691810179; ,GTW860SSJWS,Color: White / Silver; UPC 084691810162",84691810162,Top Load,"Gentle Cycle,Delayed Start,Sanitize Option",Residential,5.1,2.76,1.29,152,3.5,8.4,5245,No,,,,Yes," ES_1123206_GTD86GS*J***_05042015175141_1901305,ES_1123206_GTD86ES*J***_04172015164445_9085180",04/20/2015,02/12/2018,United States,ES_1123206_GTW860S*J***_04302015175921_6761983,No
2331684,GE,GUD27EE*N***,",GUD27EESNWW,Color: White",084691844198,Top Load,Gentle Cycle,Residential,4,2.06,1.29,140,4.3,8.4,5011,No,,,,,,12/10/2018,11/30/2018,United States,ES_1123206_GUD27EE*N***_12032018150843_9723388,No
2331685,GE,GUD27EE*N***,",GUD27EEMNWW,Color: White",757638359115,Top Load,Gentle Cycle,Residential,4,2.06,1.29,140,4.3,8.4,5011,No,,,,,,12/10/2018,11/30/2018,Canada,ES_1123206_GUD27EE*N***_12172018162946_4186828,No
2331687,GE,GUD27GE*N***,",GUD27GESNWW,Color: White",084691844181,Top Load,Gentle Cycle,Residential,4,2.06,1.29,140,4.3,8.4,5011,No,,,,,,12/10/2018,11/30/2018,United States,ES_1123206_GUD27GE*N***_12172018164614_5174137,No
2331686,GE,GUD37EE*N***,",GUD37EEMNDG,Color: Diamond Gray",757638359122,Top Load,Gentle Cycle,Residential,4,2.06,1.29,140,4.3,8.4,5011,No,,,,,,12/10/2018,11/30/2018,Canada,ES_1123206_GUD37EE*N***_12172018163621_4581447,No
2310465,GE,WCVH4800****,,084691191063,Front Load,Other,Residential,2.2,2.1,1.84,99,4.1,4.7,2685,No,,,,No,,04/01/2015,03/05/2015,"United States, Canada",ES_1023593_WCVH4800****_02092018060252_70172127,No
2310522,GE,WCVH4800K***,",WCVH4800KWW,",84691191063,Front Load,"Gentle Cycle,Delayed Start,Hand Wash Cycle",Residential,2.2,2.1,1.84,99,4.1,4.7,2685,No,,,,No,,03/13/2015,02/12/2018,"United States, Canada",ES_1123206_WCVH4800K***_03122015165310_9190332,No
2331774,Inglis,IFW5900H**,,883049473079,Front Load,"Anti-Wrinkle,Other,Sanitize Option",Residential,4.3,2.76,1.84,123,3.2,4.7,4097,No,,,,No,,12/03/2018,08/24/2018,"United States, Canada",ES_15649_IFW5900H**_10142018185237_3157188,No
2305859,Insignia,NS-TWM48WH8B,,600603216275,Top Load,None,Residential,4.8,2.06,1.29,92,4.3,8.4,6025,No,,,,No,,10/12/2017,10/12/2017,Canada,ES_1059185_NS-TWM48WH8B_10242017075052_1452177,No
2310410,Kenmore,2613*41*,,883049334691,Top Load,Other,Residential,4.8,2.06,1.29,169,4.3,8.4,6076,No,,,,No,,03/23/2015,02/08/2018,"United States, Canada",ES_15649_2613*41*_02092018170246_5766555,No
2310392,Maytag,MHW8150E**,,883049391021,Front Load,"Other,Delayed Start",Residential,4.5,2.76,1.84,79,3.2,4.7,4239,No,,,,Yes,"ES_22856_MED8150EC*_04282016181030_7030145,ES_22856_MED8150EW*_04282016181045_7045337",06/01/2016,02/05/2018,"United States, Canada",ES_22856_MHW8150E**_04262016181423_4463458,No
2310293,Maytag,MHW8200F**,",MHW8200FC,; ,MHW8200FW,",883049385136,Front Load,"Other,Delayed Start",Residential,4.5,2.92,1.84,89,3.2,4.7,4210,No,,,,Yes,ES_22856_MED8200FW*_04282016181916_7556540,06/01/2016,02/05/2018,"United States, Canada",ES_22856_MHW8200F**_04262016182005_4805023,No
2331772,Maytag,MHW8630H**,,883049456973,Front Load,"Anti-Wrinkle,Other,Sanitize Option,Delayed Start,Steam Cycle",Residential,5,2.76,1.84,159,3.2,4.7,4720,Yes,Wi-Fi,Other,No,Yes," ES_1129244_MGD8630H**_10142018213503_2903417,ES_1129244_MED8630H**_10142018215052_3852507",12/03/2018,08/24/2018,"United States, Canada",ES_15649_MHW8630H**_10142018185059_3059240,No
2310390,Maytag,MVWB755D**,,883049330808,Top Load,Other,Residential,4.8,2.06,1.29,160,4.3,8.4,6076,No,,,,No,,06/01/2016,02/05/2018,"United States, Canada",ES_22856_MVWB755D*+_04262016194546_9946538,No
2310403,Maytag,MVWB835D**,,883049335490,Top Load,Other,Residential,5.3,2.06,1.29,187,4.3,8.4,6698,No,,,,No,,06/01/2016,02/05/2018,"United States, Canada",ES_22856_MVWB835D**_02092018160848_2528348,No
2310409,Maytag,MVWB855D**,,883049330778,Top Load,Other,Residential,5.3,2.06,1.29,187,4.3,8.4,6698,No,,,,Yes,ES_22856_MEDB855D*+_04282016182853_8133719,06/01/2016,02/05/2018,"United States, Canada",ES_22856_MVWB855D*+_04262016195130_0290983,No
2310412,Maytag,MVWB865F**,,883049402727,Top Load,"Other,Delayed Start",Residential,5.3,2.06,1.29,198,4.3,8.4,6698,No,,,,No,,06/01/2016,02/05/2018,"United States, Canada",ES_22856_MVWB865F**_04262016195322_0402700,No
2310288,Maytag,MVWB955F**,,883049362120,Top Load,"Other,Steam Cycle",Residential,6.2,2.38,1.29,197,3.7,8.4,6735,No,,,,Yes," ES_22856_MEDB955FW*_10272016170521_7921256,ES_22856_MGDB955FW*_10272016172601_9161671,ES_22856_MEDB955FC*_10272016163804_6284667, ES_22856_MEDB955FS*_10272016164112_6472963, ES_22856_MGDB955FC*_10272016172204_8924063, ES_22856_MGDB955FS*_10272016172337_9017668",06/01/2016,02/05/2018,"United States, Canada",ES_22856_MVWB955F**_08222016220340_3420991,No
2309397,Maytag,MVWB965H**,,883049483146,Top Load,"Steam Cycle,Sanitize Option",Residential,6,2.06,1.29,311,4.3,8.4,7636,No,,,,,,04/01/2018,12/18/2017,"United States, Canada",ES_15649_MVWB965H**_01222018172256_1776074,No
2330886,Miele,WWB020,,4002516117605,Front Load,"Anti-Wrinkle,Gentle Cycle,Delayed Start,Sanitize Option,Hand Wash Cycle",Residential,2.3,2.24,1.84,116,3.7,4.7,2467,No,,,,Yes,ES_0031629_TWB120 WP_09052018023030_70196998,01/01/2019,12/06/2018,"United States, Canada",ES_0031629_WWB020_12062018124521_70208967,No
2309345,Miele,WWF060,,4002515830444,Front Load,"Anti-Wrinkle,Gentle Cycle,Steam Cycle,Delayed Start,Sanitize Option,Hand Wash Cycle",Residential,2.3,2.13,1.84,116,3.7,4.7,2467,No,,,,Yes,ES_1141072_TWF160 WP_12222017121317_70168085,01/01/2018,11/25/2017,"United States, Canada",ES_31629_WWF060_11252017012640_70163416,No
2309344,Miele,WWH660,,4002515830451,Front Load,"Anti-Wrinkle,Gentle Cycle,Other,Steam Cycle,Delayed Start,Sanitize Option,Hand Wash Cycle",Residential,2.3,2.13,1.84,116,3.7,4.7,2467,No,,,,Yes,ES_1141072_TWF160 WP_12222017121317_70168085,01/01/2018,11/25/2017,"United States, Canada",ES_31629_WWH660_11252017012640_70163416,No
2309343,Miele,WWH860,,4002515830468,Front Load,"Anti-Wrinkle,Gentle Cycle,Other,Steam Cycle,Delayed Start,Sanitize Option,Hand Wash Cycle",Residential,2.3,2.13,1.84,116,3.7,4.7,2467,No,,,,Yes,ES_1141072_TWF160 WP_12222017121317_70168085,01/01/2018,11/25/2017,"United States, Canada",ES_31629_WWH860_11252017012640_70163416,No
2310449,Samsung,WA45H70**A*,,887276857930,Top Load,Other,Residential,4.5,2.06,1.29,131,3.8,8.4,5011,No,,,,No,,04/15/2015,03/03/2015,"United States, Canada",ES_1023593_WA45H70**A*_02092018060252_70172127,No
2310450,Samsung,WA45H72**A*,,87276857954,Top Load,Other,Residential,4.3,2.06,1.29,131,4,8.4,5050,No,,,,No,,04/22/2015,04/22/2015,Canada,ES_1023593_WA45H72**A*_02092018060252_70172127,No
2310454,Samsung,WA45K71**A*,,887276126890,Top Load,Other,Residential,4.5,2.06,1.29,125,4.3,8.4,5708,No,,,,No,,01/23/2016,01/08/2016,"United States, Canada",ES_1023593_WA45K71**A*_02092018060252_70172127,No
2310453,Samsung,WA45K76**A*,,887276126913,Top Load,Other,Residential,4.5,2.06,1.29,125,4.3,8.4,5708,No,,,,No,,01/23/2016,01/08/2016,"United States, Canada",ES_1023593_WA45K76**A*_02092018060252_70172127,No
2310458,Samsung,WA45M70**A*,,8872761963984,Top Load,Other,Residential,4.5,2.06,1.29,125,4.3,8.4,5708,No,,,,No,,01/01/2017,11/23/2016,"United States, Canada",ES_1023593_WA45M70**A*_02092018060252_70172127,No
2320117,Samsung,WA45N71**A*,,887276274997,Top Load,Other,Residential,4.5,2.06,1.29,125,4.3,8.4,5708,No,,,,No,,06/11/2018,04/25/2018,"United States, Canada",ES_1023593_WA45N71**A*_05152018080324_70181753,No
2310438,Samsung,WA48H74**A*,,887276028286,Top Load,Other,Residential,4.8,2.21,1.29,145,3.9,8.4,5476,No,,,,No,,09/15/2014,08/01/2014,"United States, Canada",ES_1023593_WA48H74**A*_02092018060252_70172127,No
2310442,Samsung,WA48J770*A*,,887276095851,Top Load,Other,Residential,4.8,2.29,1.29,129,3.9,8.4,5476,No,,,,No,,03/15/2015,02/11/2015,United States,ES_1023593_WA48J770*A*_02092018060252_70172127,No
2310443,Samsung,WA48J777*A*,,887276095875,Top Load,Other,Residential,4.8,2.29,1.29,129,3.9,8.4,5476,No,,,,No,,03/15/2015,02/11/2015,United States,ES_1023593_WA48J777*A*_02092018060252_70172127,No
2310451,Samsung,WA50K86**A*,,887276126920,Top Load,Other,Residential,5,2.38,1.29,120,3.7,8.4,5458,No,,,,No,,12/20/2015,11/30/2015,"United States, Canada",ES_1023593_WA50K86**A*_02092018060252_70172127,No
2310461,Samsung,WA50M74**A*,,887276196411,Top Load,Other,Residential,5,2.06,1.29,125,4.3,8.4,6343,No,,,,No,,02/12/2017,12/27/2016,"United States, Canada",ES_1023593_WA50M74**A*_02092018060252_70172127,No
2320118,Samsung,WA50N73**A*,,887276275000,Top Load,Other,Residential,5,2.06,1.29,125,4.3,8.4,6343,No,,,,No,,05/28/2018,04/25/2018,"United States, Canada",ES_1023593_WA50N73**A*_05152018080324_70181753,No
2333512,Samsung,WA50R52**A*,,887276300528,Top Load,Other,Residential,5,2.06,1.29,120,4.3,8.4,6343,No,,,,No,,02/01/2019,01/16/2019,"United States, Canada",ES_1023593_WA50R52**A*_02042019013708_70211759,No
2333511,Samsung,WA50R54**A*,,887276300542,Top Load,Other,Residential,5,2.06,1.29,120,4.3,8.4,6343,No,,,,No,,02/01/2019,01/16/2019,"United States, Canada",ES_1023593_WA50R54**A*_02042019013708_70211759,No
2310440,Samsung,WA52J806*A*,,887276074399,Top Load,Other,Residential,5.2,2.38,1.29,110,3.7,8.4,5632,No,,,,Yes,"ES_1023593_DV52J806*E*_01102015074101_70019623, ES_1023593_DV52J806*G*_01102015074124_70019625",02/15/2015,01/07/2015,United States,ES_1023593_WA52J806*A*_02092018060252_70172127,No
2310441,Samsung,WA52J870*A*,,887276095882,Top Load,Other,Residential,5.2,2.28,1.29,165,3.8,8.4,5784,No,,,,Yes,"ES_1023593_DV52J870*E*_01102015074101_70019623, ES_1023593_DV52J870*G*_01102015074124_70019625",03/30/2015,02/03/2015,"United States, Canada",ES_1023593_WA52J870*A*_02092018060252_70172127,No
2310462,Samsung,WA52M77**A*,,887276196428,Top Load,Other,Residential,5.2,2.06,1.29,165,4.3,8.4,6596,No,,,,No,,02/01/2017,01/13/2017,"United States, Canada",ES_1023593_WA52M77**A*_02092018060252_70172127,No
2310463,Samsung,WA52M86**A*,,887276196442,Top Load,Other,Residential,5.2,2.06,1.29,125,4.3,8.4,6596,No,,,,No,,02/01/2017,01/13/2017,"United States, Canada",ES_1023593_WA52M86**A*_02092018060252_70172127,No
2310464,Samsung,WA54M87**A*,,887276196466,Top Load,Other,Residential,5.4,2.06,1.29,165,4.3,8.4,6850,No,,,,No,,02/01/2017,01/13/2017,"United States, Canada",ES_1023593_WA54M87**A*_02092018060252_70172127,No
2310448,Samsung,WA56H90**A*,,887276963518,Top Load,Other,Residential,5.6,2.3,1.29,194,4.2,8.4,6889,No,,,,No,,04/15/2015,03/03/2015,"United States, Canada",ES_1023593_WA56H90**A*_02092018060252_70172127,No
2310444,Samsung,WF42H50**A*,,887276962887,Front Load,Other,Residential,4.2,2.8,1.84,85,3.2,4.7,3927,No,,,,No,,04/01/2015,02/16/2015,"United States, Canada",ES_1023593_WF42H50**A*_02092018060252_70172127,No
2310445,Samsung,WF45H61**A*,,887276963013,Front Load,None,Residential,4.5,2.76,1.84,118,3.2,4.7,4220,No,,,,No,,04/01/2015,02/16/2015,"United States, Canada",ES_1023593_WF45H61**A*_02092018060252_70172127,No
2310446,Samsung,WF45H63**A*,,887276963020,Front Load,Other,Residential,4.5,2.8,1.84,110,3,4.7,3956,No,,,,No,,04/01/2015,02/16/2015,"United States, Canada",ES_1023593_WF45H63**A*_02092018060252_70172127,No
2310455,Samsung,WF45K62**A*,,887276138114,Front Load,Other,Residential,4.5,2.92,1.84,75,2.9,4.7,3850,No,,,,No,,02/07/2016,01/13/2016,"United States, Canada",ES_1023593_WF45K62**A*_02092018060252_70172127,Yes
2310456,Samsung,WF45K65**A*,,887276138121,Front Load,Other,Residential,4.5,2.8,1.84,100,3,4.7,3983,No,,,,No,,02/07/2016,01/13/2016,"United States, Canada",ES_1023593_WF45K65**A*_02092018060252_70172127,No
2310459,Samsung,WF45M51**A*,,887276195346,Front Load,Other,Residential,4.5,3,1.84,80,2.9,4.7,3850,No,,,,No,,01/01/2017,11/23/2016,"United States, Canada",ES_1023593_WF45M51**A*_02092018060252_70172127,Yes
2310460,Samsung,WF45M55**A*,,887276195360,Front Load,Other,Residential,4.5,2.92,1.84,105,2.9,4.7,3850,No,,,,No,,01/01/2017,11/23/2016,"United States, Canada",ES_1023593_WF45M55**A*_02092018060252_70172127,Yes
2306851,Samsung,WF45N53**A*,,887276250953,Front Load,None,Residential,4.5,3,1.84,80,2.9,4.7,3850,No,,,,,,03/01/2018,11/16/2017,"United States, Canada",ES_1023593_WF45N53**A*_11282017023906_6666666_,Yes
2308752,Samsung,WF45N63**A*,,887276256320,Front Load,Steam Cycle,Residential,4.5,2.92,1.84,100,3,4.7,3983,No,,,,Yes,ES_1023593_DVE45N63***_01012018101524_70167291,02/01/2018,12/22/2017,"United States, Canada",ES_1023593_WF45N63**A*_01072018114041_70168206,Yes
2333514,Samsung,WF45R61**A*,,887276299464,Front Load,"Other,Steam Cycle",Residential,4.5,2.92,1.84,95,2.9,4.7,3850,No,,,,No,,02/01/2019,01/15/2019,"United States, Canada",ES_1023593_WF45R61**A*_02042019013708_70211758,Yes
2333513,Samsung,WF45R63**A*,,887276299488,Front Load,"Other,Steam Cycle",Residential,4.5,2.92,1.84,95,2.9,4.7,3850,No,,,,Yes,ES_1023593_DVE45R63***_02042019015349_70211037,02/01/2019,01/15/2019,"United States, Canada",ES_1023593_WF45R63**A*_02042019013708_70211758,Yes
2310457,Samsung,WF50K75**A*,,887276135564,Front Load,Other,Residential,5,2.92,1.84,105,2.9,4.7,4278,No,,,,No,,02/14/2016,01/25/2016,"United States, Canada",ES_1023593_WF50K75**A*_02092018060252_70172127,Yes
2310447,Samsung,WF56H91**A*,,887276963105,Front Load,Other,Residential,5.6,3.1,1.84,135,2.7,4.7,4429,No,,,,No,,04/01/2015,02/16/2015,"United States, Canada",ES_1023593_WF56H91**A*_02092018060252_70172127,Yes
2310439,Samsung,WF56H91**C*,,887276028286,Front Load,Other,Residential,5.6,2.8,1.84,130,2.8,4.7,4593,No,,,,No,,10/15/2014,09/25/2014,"United States, Canada",ES_1023593_WF56H91**C*_02092018060252_70172127,No
2300867,Samsung,WV55M96**A***,,887276196923,Front Load,"Anti-Wrinkle,Steam Cycle,Delayed Start,Sanitize Option,Hand Wash Cycle,Supplementary Wash System",Residential,4.5,2.92,1.84,105,2.9,4.7,3850,No,,,,No,,01/23/2017,05/26/2017,"United States, Canada",ES_1023593_WV55M96**A***_07192017085024_70137562,Yes
2300868,Samsung,WV60M99**A***,,887276196954,Front Load,"Anti-Wrinkle,Steam Cycle,Delayed Start,Sanitize Option,Hand Wash Cycle,Supplementary Wash System",Residential,5,2.92,1.84,105,2.9,4.7,4278,No,,,,No,,01/23/2017,05/26/2017,"United States, Canada",ES_1023593_WV60M99**A***_07192017085024_70137562,Yes
2310452,Samsung,WW22K680*A*,,887276126876,Front Load,Other,Residential,2.2,2.25,1.84,90,4,4.7,2596,No,,,,No,,12/20/2015,11/30/2015,"United States, Canada",ES_1023593_WW22K680*A*_02092018060252_70172127,No
2309556,Samsung,WW22N685*Q*,,887276261645,Front Load,Steam Cycle,Residential,2.2,2.25,1.84,85,3.7,4.7,2401,No,,,,No,,03/05/2018,01/23/2018,"United States, Canada",ES_1023593_WW22N685*Q*_01252018031353_70171306,Yes
2310204,Whirlpool,WFW3090G**,,883049416434,Front Load,"Other,Delayed Start",Residential,2,2.38,1.84,115,3.7,4.7,2150,No,,,,Yes,ES_22856_WHD3090G**_09022016222102_4862252,07/18/2016,02/05/2018,"United States, Canada",ES_22856_WFW3090G**_08252016203207_7127465,No
2332088,Whirlpool,WFW3090J**,,883049531366,Front Load,Delayed Start,Residential,2,2.07,1.84,118,4.2,4.7,2441,No,,,,Yes,WHD3090GW0,01/21/2019,12/23/2018,"United States, Canada",ES_22856_WFW3090J**_12262018151719_7439988,No
2332089,Whirlpool,WFW5090J**,,883049531373,Front Load,"Delayed Start,Hand Wash Cycle",Residential,2.3,2.07,1.84,128,4.2,4.7,2899,No,,,,Yes," ES_1129244_YWHD5090G**_09022016215957_3597696,ES_1129244_WHD5090G**_09022016215434_3274685",01/21/2019,12/23/2018,"United States, Canada",ES_22856_WFW5090J**_12262018151657_7417290,No
2331764,Whirlpool,WFW560CH**,,883049456850,Front Load,"Anti-Wrinkle,Other,Sanitize Option",Residential,4.3,2.76,1.84,123,3.2,4.7,4097,No,,,,No,,12/03/2018,08/24/2018,"United States, Canada",ES_15649_WFW560CH**_10142018184540_2740679,No
2331766,Whirlpool,WFW5620H**,,883049456843,Front Load,"Anti-Wrinkle,Other,Sanitize Option",Residential,4.5,2.76,1.84,139,3.2,4.7,4267,No,,,,Yes,"ES_1129244_WED5620H**_10142018194920_6560520, ES_1129244_WGD5620H**_10142018203626_9386288",12/03/2018,08/24/2018,"United States, Canada",ES_15649_WFW5620H**_10142018184621_2781148,No
2331767,Whirlpool,WFW6620H**,,883049456867,Front Load,"Anti-Wrinkle,Other,Sanitize Option",Residential,4.5,2.76,1.84,139,3.2,4.7,4267,No,,,,Yes,"ES_1129244_WED6620H**_10142018194427_6267487, ES_1129244_WGD6620H**_10142018203415_9255137",12/03/2018,08/24/2018,"United States, Canada",ES_15649_WFW6620H**_10142018184846_2926289,No
2310326,Whirlpool,WFW7540F**,,883049384528,Front Load,Delayed Start,Residential,4.5,2.92,1.84,88,3.2,4.7,4210,No,,,,Yes,ES_22856_WED75HEFW*_05032016215846_2726787,06/01/2016,02/05/2018,"United States, Canada",ES_22856_WFW7540F**_04262016220902_8542656,No
2310328,Whirlpool,WFW7590F**,,883049381596,Front Load,Delayed Start,Residential,4.2,2.92,1.84,87,3.2,4.7,3936,No,,,,Yes,ES_22856_WED7590FW*_05032016181633_9393419,06/01/2016,02/05/2018,"United States, Canada",ES_22856_WFW7590F**_04262016215255_7575072,No
2310418,Whirlpool,WFW75HEF**,,883049384528,Front Load,Delayed Start,Residential,4.5,2.92,1.84,88,3.2,4.7,4210,No,,,,Yes,ES_22856_WED85HEFBL*_10272016174848_0528075,06/01/2016,02/05/2018,"United States, Canada",ES_22856_WFW75HEF**_02092018215303_3183161,No
2310208,Whirlpool,WFW8540F**,,883049421407,Front Load,"Other,Delayed Start",Residential,4.5,2.92,1.84,87,3.2,4.7,4210,No,,,,Yes,ES_22856_WED85HEFC*_10272016174641_0401920,07/11/2016,02/05/2018,"United States, Canada",ES_22856_WFW8540F**_08222016230047_6847335,No
2310207,Whirlpool,WFW85HEF**,,883049416960,Front Load,"Other,Delayed Start",Residential,4.5,2.92,1.84,87,3.2,4.7,4210,No,,,,Yes," ES_22856_WED85HEFW*_10272016174516_0316219, ES_22856_WED85HEFC*_10272016174641_0401920,ES_22856_WED85HEFBL*_10272016174848_0528075",07/11/2016,02/05/2018,"United States, Canada",ES_22856_WFW85HEF**_08222016224607_5967915,No
2310296,Whirlpool,WFW90HEF**,",WFW90HEFW,",883049384535,Front Load,"Other,Delayed Start",Residential,4.5,2.92,1.84,89,3.2,4.7,4210,No,,,,Yes,ES_22856_WED90HEFW*_05032016221206_3526236,06/01/2016,02/05/2018,"United States, Canada",ES_22856_WFW90HEF**_04262016221245_8765195,No
2310405,Whirlpool,WFW9290F**,",WFW9290FW,",883049381602,Front Load,"Other,Delayed Start",Residential,4.2,2.92,1.84,89,3.2,4.7,3936,No,,,,Yes,ES_22856_WED9290FC*_05032016210958_9798020,06/01/2016,02/05/2018,"United States, Canada",ES_22856_WFW9290F**_04262016215708_7828753,No
2310327,Whirlpool,WFW92HEF**,",WFW92HEFW,",883049384559,Front Load,"Other,Delayed Start",Residential,4.5,2.92,1.84,89,3.2,4.7,4210,No,,,,Yes,ES_22856_WED90HEFW*_05032016221206_3526236,06/01/2016,02/05/2018,"United States, Canada",ES_22856_WFW92HEF**_04262016222016_9216351,No
2310416,Whirlpool,WFW92HEF**,",WFW92HEFW,",883049384559,Front Load,"Other,Delayed Start",Residential,4.5,2.92,1.84,89,3.2,4.7,4210,No,,,,Yes,ES_22856_WED90HEFW*_05032016221206_3526236,06/01/2016,02/05/2018,"United States, Canada",ES_22856_WFW92HEF**_02092018215121_3081210,No
2310408,Whirlpool,WTW7000D**,,883049330822,Top Load,"Other,Delayed Start",Residential,4.8,2.06,1.29,169,4.3,8.4,6076,No,,,,No,,06/01/2016,02/05/2018,"United States, Canada",ES_22856_WTW7000D*+_04262016231656_2616796,No
2310395,Whirlpool,WTW7040D**,,883049346441,Top Load,"Other,Delayed Start",Residential,4.8,2.06,1.29,169,4.3,8.4,6076,No,,,,No,,06/01/2016,02/05/2018,"United States, Canada",ES_22856_WTW7040D*+_04262016232025_2825705,No
2310407,Whirlpool,WTW7300D**,,883049347202,Top Load,"Other,Delayed Start",Residential,4.8,2.06,1.29,169,4.3,8.4,6076,No,,,,No,,06/01/2016,02/05/2018,"United States, Canada",ES_22856_WTW7300D*+_04262016232358_3038963,No
2309992,Whirlpool,WTW7500G**,,883049446196,Top Load,"Other,Delayed Start",Residential,4.8,2.06,1.29,212,4.3,8.4,6076,No,,,,No,,09/01/2017,02/05/2018,"United States, Canada",ES_22856_WTW7500G**_05272017000424_3464833,No
2310404,Whirlpool,WTW8000D**,,883049330754,Top Load,Other,Residential,5.3,2.06,1.29,196,4.3,8.4,6698,No,,,,Yes,ES_22856_WED8000D*+_05032016182429_9869058,06/01/2016,02/05/2018,"United States, Canada",ES_22856_WTW8500D*+_04272016152904_0944270,No
2310393,Whirlpool,WTW8000D*+,,883049330754,Top Load,Other,Residential,5.3,2.06,1.29,196,4.3,8.4,6698,No,,,,Yes,ES_22856_WED8000D*+_05032016182429_9869058,06/01/2016,02/05/2018,"United States, Canada",ES_22856_WTW8000D*+_04262016232811_3291660,No
2310396,Whirlpool,WTW8040D**,,883049346458,Top Load,Other,Residential,5.3,2.06,1.29,196,4.3,8.4,6698,No,,,,Yes,ES_22856_WED8000D*+_05032016182429_9869058,06/01/2016,02/05/2018,"United States, Canada",ES_22856_WTW8040D*+_04262016233212_3532536,No
2327434,Whirlpool,WTW8500D*+,,883049330761,Top Load,Other,Residential,5.3,2.06,1.29,196,4.3,8.4,6698,No,,,,Yes,ES_22856_WED8500D*+_05032016182742_0062788,06/01/2016,02/05/2018,"United States, Canada",ES_22856_WTW8500D*+_02092018221508_4508425,No
2310391,Whirlpool,WTW8510F**,,883049402734,Top Load,"Other,Delayed Start",Residential,5.3,2.06,1.29,194,4.3,8.4,6698,No,,,,No,,06/01/2016,02/05/2018,"United States, Canada",ES_22856_WTW8510F**_04272016153742_1462783,No
2307388,Whirlpool,WTW8700E**,,883049366067,Top Load,Other,Residential,5.3,2.06,1.29,251,4.3,8.4,6698,Yes,Wi-Fi,Other,No,Yes,ES_22856_WED8700E**_05032016193738_4258822,06/01/2016,12/05/2017,"United States, Canada",ES_22856_WTW8700E**_04272016154018_1618713,No
