ENERGY STAR Unique ID,ENERGY STAR Partner,Brand Name,Model Name,Model Number,Additional Model Information,Product Type,Product Classification,Product Characteristics,Single LNE Product,Modular Product Family,End-user Configurable Power Management Features,Software/Firmware Version,Connection Topology Used During Variable Load Test,Model Number of Compatible Modular Chassis that Meet ENERGY STAR Criteria,Maximum Number Modular Slots,Model Number of Compatible Modular Modules that Meet ENERGY STAR Criteria,Min Power Config Model Number or Config ID,Min Power Config Modular Chassis Name,Min Power Config Modular Chassis Model Number,Min Power Config Number of Downlink Ports,Min Power Config Speed of Downlink Ports,Min Power Config Downlink Port Type,Min Power Config Number of Uplink Ports,Min Power Config Speed of Uplink Ports,Min Power Config Uplink Port Type,Min Power Config Total Number of Uplink and Downlink Ports,Min Power Config Total Number of PoE Ports Supported,Min Power Config Maximum PoE Class Supported,Min Power Config Max Total PoE Power Supported (W),Min Power Config Additional Built-in Interface Ports,Min Power Config EEE Capability on All Copper Ports,Min Power Config Redundant Power Supply,Min Power Config Power Supply Type,Min Power Config Power Supply Manufacturer,Min Power Config Power Supply Model Name,Min Power Config Power Supply Model Number,Min Power Config Power Supply Rated Output (W),Min Power Config Number Power Supplies,Min Power Config Number of PSUs for Redundancy,Min Power Config PSU 80Plus Certification Status,Min Power Config Test Voltage,Min Power Config Test Frequency,Min Power Config Variable Load Energy Efficiency Test,Min Power Config Full-port Maximum Non-Drop Rate (Gb/s),Min Power Config Full-port Full Load Throughput Applied (Gb/s),Min Power Config Full-port Full Load Power Measured (watts),Min Power Config Full-port 30 Percent Load Throughput Applied (Gb/s),Min Power Config Full-port 30 Percent Load Power Measured (watts),Min Power Config Full-port Very Low Util Throughput Applied (Gb/s),Min Power Config Full-port Very Low Util Power Measured (watts),Min Power Config Half-port Maximum Non-Drop Rate (Gb/s),Min Power Config Half-port Full Load Throughput Applied (Gb/s),Min Power Config Half-port Full Load Power Measured (watts),Min Power Config Half-port 30 Percent Load Throughput Applied (Gb/s),Min Power Config Half-port 30 Percent Load Power Measured (watts),Min Power Config Half-port Very Low Util Throughput Applied (Gb/s),Min Power Config Half-port Very Low Util Power Measured (watts),Min Power Config Modular Maximum Non-Drop Rate (Gb/s),Min Power Config Modular Full Load Throughput Applied (Gb/s),Min Power Config Modular Full Load Power Measured (watts),Min Power Config Modular 30 Percent Load Throughput Applied (Gb/s),Min Power Config Modular 30 Percent Load Power Measured (watts),Min Power Config Modular Very Low Util Throughput Applied (Gb/s),Min Power Config Modular Very Low Util Power Measured (watts),Min Power Config Modular Maximum Non-Drop Rate for MUT #1 (Gb/s),Min Power Config Modular Maximum Non-Drop Rate for MUT #2 (Gb/s),Min Power Config Modular Maximum Non-Drop Rate for MUT #3 (Gb/s),Min Power Config Modular Maximum Non-Drop Rate for MUT #4 (Gb/s),Min Power Config Modular Maximum Non-Drop Rate for MUT #5 (Gb/s),Min Power Config Modular Maximum Non-Drop Rate for MUT #6 (Gb/s),Min Power Config Modular Aggregate Maximum Throughput (Gb/s),Min Power Config Module #1 Model Name,Min Power Config Module #1 Model Number,Min Power Config Module #2 Model Name,Min Power Config Module #2 Model Number,Min Power Config Module #3 Model Name,Min Power Config Module #3 Model Number,Min Power Config Module #4 Model Name,Min Power Config Module #4 Model Number,Min Power Config Module #5 Model Name,Min Power Config Module #5 Model Number,Min Power Config Module #6 Model Name,Min Power Config Module #6 Model Number,Max Power Config Model Number or Config ID,Max Power Config Modular Chassis Name,Max Power Config Modular Chassis Model Number,Max Power Config Number of Downlink Ports,Max Power Config Speed of Downlink Ports,Max Power Config Downlink Port Type,Max Power Config Number of Uplink Ports,Max Power Config Speed of Uplink Ports,Max Power Config Uplink Port Type,Max Power Config Total Number of Uplink and Downlink Ports,Max Power Config Total Number of PoE Ports Supported,Max Power Config Maximum PoE Class Supported,Max Power Config Max Total PoE Power Supported (W),Max Power Config Additional Built-in Interface Ports,Max Power Config EEE Capability on All Copper Ports,Max Power Config Redundant Power Supply,Max Power Config Power Supply Type,Max Power Config Power Supply Manufacturer,Max Power Config Power Supply Model Name,Max Power Config Power Supply Model Number,Max Power Config Power Supply Rated Output (W),Max Power Config Number Power Supplies,Max Power Config Number of PSUs for Redundancy,Max Power Config PSU 80Plus Certification Status,Max Power Config Test Voltage,Max Power Config Test Frequency,Max Power Config Energy Efficiency Test,Max Power Config Full-port Maximum Non-Drop Rate (Gb/s),Max Power Config Full-port Full Load Throughput Applied (Gb/s),Max Power Config Full-port Full Load Power Measured (watts),Max Power Config Full-port 30 Percent Load Throughput Applied (Gb/s),Max Power Config Full-port 30 Percent Load Power Measured (watts),Max Power Config Full-port Very Low Util Throughput Applied (Gb/s),Max Power Config Full-port Very Low Util Power Measured (watts),Max Power Config Half-port Maximum Non-Drop Rate (Gb/s),Max Power Config Half-port Full Load Throughput Applied (Gb/s),Max Power Config Half-port Full Load Power Measured (watts),Max Power Config Half-port 30 Percent Load Throughput Applied (Gb/s),Max Power Config Half-port 30 Percent Load Power Measured (watts),Max Power Config Half-port Very Low Util Throughput Applied (Gb/s),Max Power Config Half-port Very Low Util Power Measured (watts),Max Power Config Modular Maximum Non-Drop Rate (Gb/s),Max Power Config Modular Full Load Throughput Applied (Gb/s),Max Power Config Modular Full Load Power Measured (watts),Max Power Config Modular 30 Percent Load Throughput Applied (Gb/s),Max Power Config Modular 30 Percent Load Power Measured (watts),Max Power Config Modular Very Low Util Throughput Applied (Gb/s),Max Power Config Modular Very Low Util Power Measured (watts),Max Power Config Modular Maximum Non-Drop Rate for MUT #1 (Gb/s),Max Power Config Modular Maximum Non-Drop Rate for MUT #2 (Gb/s),Max Power Config Modular Maximum Non-Drop Rate for MUT #3 (Gb/s),Max Power Config Modular Maximum Non-Drop Rate for MUT #4 (Gb/s),Max Power Config Modular Maximum Non-Drop Rate for MUT #5 (Gb/s),Max Power Config Modular Maximum Non-Drop Rate for MUT #6 (Gb/s),Max Power Config Modular Aggregate Maximum Throughput (Gb/s),Max Power Config Module #1 Model Name,Max Power Config Module #1 Model Number,Max Power Config Module #2 Model Name,Max Power Config Module #2 Model Number,Max Power Config Module #3 Model Name,Max Power Config Module #3 Model Number,Max Power Config Module #4 Model Name,Max Power Config Module #4 Model Number,Max Power Config Module #5 Model Name,Max Power Config Module #5 Model Number,Max Power Config Module #6 Model Name,Max Power Config Module #6 Model Number,Typ Power Config Model Number or Config ID,Typ Power Config Modular Chassis Name,Typ Power Config Modular Chassis Model Number,Typ Power Config Number of Downlink Ports,Typ Power Config Speed of Downlink Ports,Typ Power Config Downlink Port Type,Typ Power Config Number of Uplink Ports,Typ Power Config Speed of Uplink Ports,Typ Power Config Uplink Port Type,Typ Power Config Total Number of Uplink and Downlink Ports,Typ Power Config Total Number of PoE Ports Supported,Typ Power Config Maximum PoE Class Supported,Typ Power Config Max Total PoE Power Supported (W),Typ Power Config Additional Built-in Interface Ports,Typ Power Config EEE Capability on All Copper Ports,Typ Power Config Redundant Power Supply,Typ Power Config Power Supply Type,Typ Power Config Power Supply Manufacturer,Typ Power Config Power Supply Model Name,Typ Power Config Power Supply Model Number,Typ Power Config Power Supply Rated Output (W),Typ Power Config Number Power Supplies,Typ Power Config Number of PSUs for Redundancy,Typ Power Config PSU 80Plus Certification Status,Typ Power Config Test Voltage,Typ Power Config Test Frequency,Typ Power Config Energy Efficiency Test,Typ Power Config Full-port Maximum Non-Drop Rate (Gb/s),Typ Power Config Full-port Full Load Throughput Applied (Gb/s),Typ Power Config Full-port Full Load Power Measured (watts),Typ Power Config Full-port 30 Percent Load Throughput Applied (Gb/s),Typ Power Config Full-port 30 Percent Load Power Measured (watts),Typ Power Config Full-port Very Low Util Throughput Applied (Gb/s),Typ Power Config Full-port Very Low Util Power Measured (watts),Typ Power Config Half-port Maximum Non-Drop Rate (Gb/s),Typ Power Config Half-port Full Load Throughput Applied (Gb/s),Typ Power Config Half-port Full Load Power Measured (watts),Typ Power Config Half-port 30 Percent Load Throughput Applied (Gb/s),Typ Power Config Half-port 30 Percent Load Power Measured (watts),Typ Power Config Half-port Very Low Util Throughput Applied (Gb/s),Typ Power Config Half-port Very Low Util Power Measured (watts),Typ Power Config Modular Maximum Non-Drop Rate (Gb/s),Typ Power Config Modular Full Load Throughput Applied (Gb/s),Typ Power Config Modular Full Load Power Measured (watts),Typ Power Config Modular 30 Percent Load Throughput Applied (Gb/s),Typ Power Config Modular 30 Percent Load Power Measured (watts),Typ Power Config Modular Very Low Util Throughput Applied (Gb/s),Typ Power Config Modular Very Low Util Power Measured (watts),Typ Power Config Modular Maximum Non-Drop Rate for MUT #1 (Gb/s),Typ Power Config Modular Maximum Non-Drop Rate for MUT #2 (Gb/s),Typ Power Config Modular Maximum Non-Drop Rate for MUT #3 (Gb/s),Typ Power Config Modular Maximum Non-Drop Rate for MUT #4 (Gb/s),Typ Power Config Modular Maximum Non-Drop Rate for MUT #5 (Gb/s),Typ Power Config Modular Maximum Non-Drop Rate for MUT #6 (Gb/s),Typ Power Config Modular Aggregate Maximum Throughput (Gb/s),Typ Power Config Module #1 Model Name,Typ Power Config Module #1 Model Number,Typ Power Config Module #2 Model Name,Typ Power Config Module #2 Model Number,Typ Power Config Module #3 Model Name,Typ Power Config Module #3 Model Number,Typ Power Config Module #4 Model Name,Typ Power Config Module #4 Model Number,Typ Power Config Module #5 Model Name,Typ Power Config Module #5 Model Number,Typ Power Config Module #6 Model Name,Typ Power Config Module #6 Model Number,Date Available on Market,Date Certified,Markets,CB Model Identifier
2335395,Dell Inc.,DELL,Ethernet Switch,E29W,"Ethernet Switch,S5212F-ON,",Switch,Fixed,Stackable,Yes,No,,3.40.5.1-7,Partial Mesh,,,,,,,,,,,,,,,,,,,,,,,,,,,,,,,,,,,,,,,,,,,,,,,,,,,,,,,,,,,,,,,,,,,,,,,,,,,,,,,,,,,,,,,,,,,,,,,,,,,,,,,,,,,,,,,,,,,,,,,,,,,,,,,,,,,,,,,,,,,,,,,,,,,,,,,,,,,,,,,,,,,,,,,,,,,,,,,,,,,,,,,,,,,,,,,,,,,,,,,,,,,,,04/01/2019,03/28/2019,United States,ES_29573_E29W_03282019112340_3554531
2265525,Dell Inc.,DELL,N3024,N3024,,Switch,Fixed,Stackable,Yes,No,,6.2.7.2,Partial Mesh,,,,,,,,,,,,,,,,,,,,,,,,,,,,,,,,,,,,,,,,,,,,,,,,,,,,,,,,,,,,,,,,,,,,,,,,,,,,,,,,,,,,,,,,,,,,,,,,,,,,,,,,,,,,,,,,,,,,,,,,,,,,,,,,,,,,,,,,,,N3024,,,24,1,Copper,2,10,fiber,26,,,,,Yes,Yes,Multi-Output,Delta Electronics,Switching Power Supply,DPS-400AB-25 A Rev 1,400,2,1,N/A,115 V,60,Full-port Variable Load,26,26,39.4,7.8,38.9,0.003,38.5,,,,,,,,,,,,,,,,,,,,,,,,,,,,,,,,,,02/28/2014,04/25/2016,United States,ES_29573_N3024_20163128140532_9473765
2265528,Dell Inc.,DELL,N3024F,N3024F,,Switch,Fixed,Stackable,Yes,No,,7.15.1,Partial Mesh,,,,,,,,,,,,,,,,,,,,,,,,,,,,,,,,,,,,,,,,,,,,,,,,,,,,,,,,,,,,,,,,,,,,,,,,,,,,,,,,,,,,,,,,,,,,,,,,,,,,,,,,,,,,,,,,,,,,,,,,,,,,,,,,,,,,,,,,,,N3024F,,,24,1,Copper/Fiber,2,10,Fiber,26,,,,,,Yes,Multi-Output,Delta Electronics,Switching Power Supply,DPS-400AB-25 A Rev 1,400,2,1,N/A,115 V,60,Full-port Variable Load,26,26,25.5,7.8,25.3,0.003,25.3,,,,,,,,,,,,,,,,,,,,,,,,,,,,,,,,,,02/28/2014,04/25/2016,United States,ES_29573_N3024F_20163128141054_6378010
2274510,Dell Inc.,DELL,N3024P,N3024P,,Switch,Fixed,Stackable,Yes,No,,6.2.0.5,Partial Mesh,,,,,,,,,,,,,,,,,,,,,,,,,,,,,,,,,,,,,,,,,,,,,,,,,,,,,,,,,,,,,,,,,,,,,,,,,,,,,,,,,,,,,,,,,,,,,,,,,,,,,,,,,,,,,,,,,,,,,,,,,,,,,,,,,,,,,,,,,,N3024P,,,24,1,Copper,2,10,fiber,26,,,,,Yes,Yes,Single-Output,Delta Electronics,Delta DPS-715CB,DPS-715CB,715,2,1,N/A,115 V,60,Full-port Variable Load,26,26,64.1,7.8,63.5,0.003,63.2,,,,,,,,,,,,,,,,,,,,,,,,,,,,,,,,,,04/18/2014,04/29/2016,United States,ES_29573_N3024P_20167110102046_4965333
2265543,Dell Inc.,DELL,N3048,N3048,,Switch,Fixed,Stackable,Yes,No,,6.2.7.2,Partial Mesh,,,,,,,,,,,,,,,,,,,,,,,,,,,,,,,,,,,,,,,,,,,,,,,,,,,,,,,,,,,,,,,,,,,,,,,,,,,,,,,,,,,,,,,,,,,,,,,,,,,,,,,,,,,,,,,,,,,,,,,,,,,,,,,,,,,,,,,,,,N3048,,,48,1,Copper,2,10,fiber,50,,,,,Yes,Yes,Multi-Output,Delta Electronics,Switching Power Supply,DPS-400AB-25 A Rev 1,400,2,1,N/A,115 V,60,Full-port Variable Load,48.9,49.9,50.5,15,49.8,0.005,49.2,,,,,,,,,,,,,,,,,,,,,,,,,,,,,,,,,,02/28/2014,04/25/2016,United States,ES_29573_N3048_20163128144758_2746197
2274511,Dell Inc.,DELL,N3048P,N3048P,,Switch,Fixed,Stackable,Yes,No,,6.1.0.6,Partial Mesh,,,,,,,,,,,,,,,,,,,,,,,,,,,,,,,,,,,,,,,,,,,,,,,,,,,,,,,,,,,,,,,,,,,,,,,,,,,,,,,,,,,,,,,,,,,,,,,,,,,,,,,,,,,,,,,,,,,,,,,,,,,,,,,,,,,,,,,,,,N3048P,,,48,1,Copper,2,10,fiber,50,,,,,Yes,Yes,Single-Output,Delta Electronics,Delta DPS-1100CB-2 A,DPS-1100CB-2 A,1100,2,1,N/A,115 V,60,Full-port Variable Load,50,50,82.5,15,82,0.005,81.4,,,,,,,,,,,,,,,,,,,,,,,,,,,,,,,,,,04/18/2014,04/29/2016,United States,ES_29573_N3048P_20167110102408_5966869
2265591,Dell Inc.,DELL,N4032,N4032,,Switch,Fixed,Stackable,Yes,No,,6.2.7.2,Full Mesh,,,,,,,,,,,,,,,,,,,,,,,,,,,,,,,,,,,,,,,,,,,,,,,,,,,,,,,,,,,,,,,,,,,,,,,,,,,,,,,,,,,,,,,,,,,,,,,,,,,,,,,,,,,,,,,,,,,,,,,,,,,,,,,,,,,,,,,,,,N4032,,,24,10,Copper,,,,24,,,,,Yes,Yes,Single-Output,Delta Electronics,Switching Power Supply,DPS-460KB C,460,2,1,Gold,115 V,60,Full-port Variable Load,239.8,239.8,201.8,71.9,199.8,0.02,178.3,,,,,,,,,,,,,,,,,,,,,,,,,,,,,,,,,,03/10/2014,04/07/2016,United States,ES_29573_N4032_20163129143521_5706236
2263407,Dell Inc.,DELL,N4032F,N4032F,,Switch,Fixed,Stackable,Yes,No,,6.2.7.2,Full Mesh,,,,,,,,,,,,,,,,,,,,,,,,,,,,,,,,,,,,,,,,,,,,,,,,,,,,,,,,,,,,,,,,,,,,,,,,,,,,,,,,,,,,,,,,,,,,,,,,,,,,,,,,,,,,,,,,,,,,,,,,,,,,,,,,,,,,,,,,,,N4032F,,,24,10,Copper,0,,,24,,,,,Yes,Yes,Single-Output,Delta Electronics,Switching Power Supply,Delta DPS-460KB C,460,2,1,N/A,115 V,60,Full-port Variable Load,239.8,239.8,130.3,71.9,128.2,0.024,127.1,,,,,,,,,,,,,,,,,,,,,,,,,,,,,,,,,,03/10/2014,03/18/2016,United States,ES_29573_N4032F_20162129143958_7079789
2265584,Dell Inc.,DELL,N4032F,N4032F,,Switch,Fixed,Stackable,Yes,No,,6.2.7.2,Full Mesh,,,,,,,,,,,,,,,,,,,,,,,,,,,,,,,,,,,,,,,,,,,,,,,,,,,,,,,,,,,,,,,,,,,,,,,,,,,,,,,,,,,,,,,,,,,,,,,,,,,,,,,,,,,,,,,,,,,,,,,,,,,,,,,,,,,,,,,,,,N4032F,,,24,10,Copper/Fiber,0,,,24,,,,,Yes,Yes,Single-Output,Delta Electronics,Switching Power Supply,DPS-460KB C,460,2,1,N/A,115 V,60,Full-port Variable Load,239.8,239.8,130.3,71.9,128.2,0.024,127.1,,,,,,,,,,,,,,,,,,,,,,,,,,,,,,,,,,03/10/2014,03/18/2016,United States,ES_29573_N4032F_20163129101557_141411
2265589,Dell Inc.,DELL,N4064,N4064,,Switch,Fixed,Stackable,Yes,No,,6.0.1.3,Partial Mesh,,,,,,,,,,,,,,,,,,,,,,,,,,,,,,,,,,,,,,,,,,,,,,,,,,,,,,,,,,,,,,,,,,,,,,,,,,,,,,,,,,,,,,,,,,,,,,,,,,,,,,,,,,,,,,,,,,,,,,,,,,,,,,,,,,,,,,,,,,N4064,,,48,10,Copper,2,40,fiber,50,,,,,Yes,Yes,Single-Output,Delta Electronics,Switching Power Supply,DPS-460KB C,460,2,1,Gold,115 V,60,Full-port Variable Load,538.9,538.9,325.4,161.5,320.5,0.05,277.5,,,,,,,,,,,,,,,,,,,,,,,,,,,,,,,,,,03/10/2014,04/07/2016,United States,ES_29573_N4064_20163129140612_3274320
2265580,Dell Inc.,DELL,N4064F,N4064F,,Switch,Fixed,Stackable,Yes,No,,6.2.6.6,Partial Mesh,,,,,,,,,,,,,,,,,,,,,,,,,,,,,,,,,,,,,,,,,,,,,,,,,,,,,,,,,,,,,,,,,,,,,,,,,,,,,,,,,,,,,,,,,,,,,,,,,,,,,,,,,,,,,,,,,,,,,,,,,,,,,,,,,,,,,,,,,,N4064F,,,48,10,Copper/Fiber,2,40,Fiber,50,,,,,Yes,Yes,Single-Output,Delta Electronics,Switching Power Supply,DPS-200PB-191 A REV 00F,200,2,1,N/A,115 V,60,Full-port Variable Load,558.9,558.9,190.5,167.5,185.8,0.056,183.7,,,,,,,,,,,,,,,,,,,,,,,,,,,,,,,,,,03/10/2014,04/29/2016,United States,ES_29573_N4064F_20163129100847_6703655
2265619,Dell Inc.,DELL,S3124,S3124,,Switch,Fixed,Stackable,Yes,No,,9.8,Partial Mesh,,,,,,,,,,,,,,,,,,,,,,,,,,,,,,,,,,,,,,,,,,,,,,,,,,,,,,,,,,,,,,,,,,,,,,,,,,,,,,,,,,,,,,,,,,,,,,,,,,,,,,,,,,,,,,,,,,,,,,,,,,,,,,,,,,,,,,,,,,S3124,,,24,1,Copper,2,10,fiber,26,,,,,Yes,Yes,Single-Output,Delta Electronics,Delta DPS-200PB-191 A,DPS-200PB-191 A,200,2,1,N/A,115 V,60,Full-port Variable Load,26,26,38.5,7.8,38.2,0.003,38,,,,,,,,,,,,,,,,,,,,,,,,,,,,,,,,,,01/12/2016,04/22/2016,United States,ES_29573_S3124_20164102101855_7634417
2265620,Dell Inc.,DELL,S3124F,S3124F,,Switch,Fixed,Stackable,Yes,No,,9.8,Partial Mesh,,,,,,,,,,,,,,,,,,,,,,,,,,,,,,,,,,,,,,,,,,,,,,,,,,,,,,,,,,,,,,,,,,,,,,,,,,,,,,,,,,,,,,,,,,,,,,,,,,,,,,,,,,,,,,,,,,,,,,,,,,,,,,,,,,,,,,,,,,S3124F,,,24,1,Copper/Fiber,2,10,fiber,26,,,,,Yes,Yes,Single-Output,Delta Electronics,Delta DPS-200PB-191 A,DPS-200PB-191 A,200,2,1,N/A,115 V,60,Full-port Variable Load,26,26,46.8,7.8,46.6,0.003,46.4,,,,,,,,,,,,,,,,,,,,,,,,,,,,,,,,,,01/12/2016,04/22/2016,United States,ES_29573_S3124F_20164102103152_9786227
2263411,Dell Inc.,DELL,S3124P,S3124P,,Switch,Fixed,Stackable,Yes,No,,9.8,Partial Mesh,,,,,,,,,,,,,,,,,,,,,,,,,,,,,,,,,,,,,,,,,,,,,,,,,,,,,,,,,,,,,,,,,,,,,,,,,,,,,,,,,,,,,,,,,,,,,,,,,,,,,,,,,,,,,,,,,,,,,,,,,,,,,,,,,,,,,,,,,,S3124P,,,24,1,Copper,2,10,Copper,26,,,,,Yes,Yes,Single-Output,Delta Electronics,Switching Power Supply,Delta DPS-715CB,715,2,1,N/A,115 V,60,Full-port Variable Load,26,26,66.4,8,66,0.003,65.7,,,,,,,,,,,,,,,,,,,,,,,,,,,,,,,,,,01/12/2016,03/29/2016,United States,ES_29573_S3124P_20162129143537_1003211
2265621,Dell Inc.,DELL,S3148,S3148,,Switch,Fixed,Stackable,Yes,No,,1.0,Partial Mesh,,,,,,,,,,,,,,,,,,,,,,,,,,,,,,,,,,,,,,,,,,,,,,,,,,,,,,,,,,,,,,,,,,,,,,,,,,,,,,,,,,,,,,,,,,,,,,,,,,,,,,,,,,,,,,,,,,,,,,,,,,,,,,,,,,,,,,,,,,S3148,,,48,1,Copper,2,10,fiber,50,,,,,Yes,Yes,Single-Output,Delta Electronics,Delta DPS-200PB-191 A,DPS-200PB-191 A,200,2,1,N/A,115 V,60,Full-port Variable Load,50,50,52.9,15,52.2,0.005,51.7,,,,,,,,,,,,,,,,,,,,,,,,,,,,,,,,,,06/17/2016,04/22/2016,United States,ES_29573_S3148_20164102104312_6194787
2274596,Dell Inc.,DELL,S3148P,S3148P,,Switch,Fixed,Stackable,Yes,No,,9.8,Partial Mesh,,,,,,,,,,,,,,,,,,,,,,,,,,,,,,,,,,,,,,,,,,,,,,,,,,,,,,,,,,,,,,,,,,,,,,,,,,,,,,,,,,,,,,,,,,,,,,,,,,,,,,,,,,,,,,,,,,,,,,,,,,,,,,,,,,,,,,,,,,S3148P,,,48,1,Copper,2,10,Copper,50,,,,,Yes,Yes,Single-Output,Delta Electronics,Delta DPS-1100CB-2 A,DPS-1100CB-2 A,1100,2,1,N/A,115 V,60,Full-port Variable Load,50,50,85,15,84.3,0.005,83.8,,,,,,,,,,,,,,,,,,,,,,,,,,,,,,,,,,01/12/2016,03/29/2016,United States,ES_29573_S3148P_20162129134437_1420990
2274512,Dell Inc.,DELL,S3048-ON,S3848,,Switch,Fixed,Stackable,Yes,No,,OS 2.0/Application 9.8,Partial Mesh,,,,,,,,,,,,,,,,,,,,,,,,,,,,,,,,,,,,,,,,,,,,,,,,,,,,,,,,,,,,,,,,,,,,,,,,,,,,,,,,,,,,,,,,,,,,,,,,,,,,,,,,,,,,,,,,,,,,,,,,,,,,,,,,,,,,,,,,,,S3048,,,48,1,Copper,4,10,fiber,52,,,,,Yes,Yes,Single-Output,Delta Electronics,Delta DPS-400AB-25A,DPS-400AB-25A,400,2,1,N/A,115 V,60,Full-port Variable Load,51.5,51.5,67.1,15.4,66.6,0.005,66.3,,,,,,,,,,,,,,,,,,,,,,,,,,,,,,,,,,07/07/2015,05/31/2016,United States,ES_29573_S3848_20167110104135_1228505
2263299,Dell Inc.,DELL,S4820T,S4820T,,Switch,Fixed,Stackable,Yes,No,,9.5,Partial Mesh,,,,,,,,,,,,,,,,,,,,,,,,,,,,,,,,,,,,,,,,,,,,,,,,,,,,,,,,,,,,,,,,,,,,,,,,,,,,,,,,,,,,,,,,,,,,,,,,,,,,,,,,,,,,,,,,,,,,,,,,,,,,,,,,,,,,,,,,,,S4820T,,,48,10,Copper,4,40,Fiber,52,,,,,Yes,Yes,Single-Output,Delta Electronics,Switching Power Supply,DPS-460KB B,460,2,1,Gold,115 V,60,Full-port Variable Load,599,599,330.4,179.5,325.4,0.06,296.1,,,,,,,,,,,,,,,,,,,,,,,,,,,,,,,,,,01/29/2013,03/16/2016,United States,ES_29573_S4820T_20162122132817_9618943
2265586,Dell Inc.,DELL,S5000,S5000,,Switch,Modular,Stackable,No,Yes,,9.8,Snaked,S5000,6,,S5000,S5000,S5000,48,10,Fiber,4,40,Fiber,52,,,,,Yes,No,Single-Output,DELL,DELL D750E-S5,D750E-S5,750,1,0,Platinum,115 V,60,Modular Power and Throughput,99.9,99.9,247.9,30,242.5,0.01,239.2,,,,,,,239.2,,,,,,,,,,,,,339.4,678.9,,,,,,,,,,,,,S5000,S5000,,48,10,Copper,4,40,fiber,52,,,,,,,,DELL,DELL D750-S5,D750-S5,750,2,1,Platinum,115 V,60,Modular Power and Throughput,99.9,100,358.8,30,353,0.01,313.1,,,,,,,,,,,,,,,339.4,,,,,,678.9,,,,,,,,,,,,,S5000,S5000,,48,10,Copper/Fiber,4,40,Fiber,52,,,,,Yes,Yes,Single-Output,DELL,DELL D750-S5,D750-S5,750,2,1,Platinum,115 V,60,Modular Power and Throughput,119.9,119.9,306.9,36,301.5,0.012,281.8,,,,,,,,,,,,,,,339.4,,,,,,678.9,,,,,,,,,,,,,09/11/2013,04/04/2016,United States,ES_29573_S5000_20163129122342_4811947
2265710,Dell Inc.,DELL,S5000 with FCoE Module,S5000 with FCoE Module,,Switch,Fixed,Stackable,Yes,No,,9.8,Partial Mesh,,,,,,,,,,,,,,,,,,,,,,,,,,,,,,,,,,,,,,,,,,,,,,,,,,,,,,,,,,,,,,,,,,,,,,,,,,,,,,,,,,,,,,,,,,,,,,,,,,,,,,,,,,,,,,,,,,,,,,,,,,,,,,,,,,,,,,,,,,S5000 with FCoE Module,,,12,10,Copper/Fiber,4,40,fiber,16,,,,,Yes,Yes,Single-Output,DELL,Dell D750E-S5,D750E-S5,750,2,1,Platinum,115 V,60,Full-port Variable Load,279.8,279.8,194.7,83.8,192.3,0.028,191.2,,,,,,,,,,,,,,,,,,,,,,,,,,,,,,,,,,09/11/2013,03/16/2016,United States,ES_29573_S5000 with FCoE Module_20164102122922_1604261
2335396,Dell Inc.,Dell EMC,Ethernet Switch,E29W,"Ethernet Switch,S5212F-ON,",Switch,Fixed,Stackable,Yes,No,,3.40.5.1-7,Partial Mesh,,,,,,,,,,,,,,,,,,,,,,,,,,,,,,,,,,,,,,,,,,,,,,,,,,,,,,,,,,,,,,,,,,,,,,,,,,,,,,,,,,,,,,,,,,,,,,,,,,,,,,,,,,,,,,,,,,,,,,,,,,,,,,,,,,,,,,,,,,,,,,,,,,,,,,,,,,,,,,,,,,,,,,,,,,,,,,,,,,,,,,,,,,,,,,,,,,,,,,,,,,,,,04/01/2019,03/28/2019,United States,ES_29573_E29W_03282019112340_3554532
