PD_ID,ENERGY STAR Partner,Brand Name,Model Name,Model Number,Additional Model Information,Product Type,Motor Design,Reported WEF (kgal/kWh),Percent Above ENERGY STAR Requirement,Minimum WEF,Flow (GPM) at low speed measurement point,Head (ftH20) at low speed measurement point,RPM at low speed measurement point,Power (W) at low speed measurement point,Flow (GPM) at high speed measurement point,RPM at high speed measurement point,Head (ft.H20) at high speed point,Power (W) at high speed measurement point,Speed (RPM),Curve-A Flow (GPM),Curve-A Power (W),Curve-A Energy Factor (Gal/Wh),Curve-C Flow (GPM),Curve-C Power (W),Curve-C Energy Factor (Gal/Wh),Curve-B Flow (GPM),Curve-B Power (W),Curve-B Energy Factor (Gal/Wh),Standby Average Power (W),Motor Construction,Hydraulic Horsepower (HHP),Rated Horsepower (HP),Freeze Protection,PCBP Number of Stages,Connected Functionality,Connects Using,Communication Standard - Application Layer,Communication Hardware Architecture,Network Standby Power (W),Date Available On Market,Date Certified,Markets,ENERGY STAR Model Identifier
2330252,Hayward Industries Inc.,Hayward,PowerFlo VS,SP1580X15VSP,,Above-Ground (Non-Self-Priming) Pool Filter Pump,Variable-speed,10.698,140,4.45,25.01,5.1,1362.56,86.97,51.77,2774.36,22.05,484.55,,48.95,784.12,,64.34,861.28,,30,662.49,,3,Electronically-commutated Motor,0.55,1.1,No,,No,,,,,10/15/2018,11/21/2018,"United States, Canada",ES_1122275_SP1580X15VSP_11272018124253_2573269
2330892,Pentair Aquatic Systems,Pentair,IntelliFlo VSF,011012,,In-Ground (Self-Priming) Pool Filter Pump,Variable-speed,5.838,16,5.04,31.15,7.81,1083.0,151.89,78.41,2750,50.44,1428.67,,72.6,2401.02,,98.41,2764.42,,43.35,1946.85,,,Electronically-commutated Motor,1.966,3,No,,No,,,,,04/11/2005,10/29/2018,"United States, Canada",ES_1122277_011012_12062018204601_9161583
2330893,Pentair Aquatic Systems,Pentair,IntelliFlo VS,011018,,In-Ground (Self-Priming) Pool Filter Pump,Variable-speed,5.838,16,5.04,31.15,7.81,1083.0,151.89,78.41,2750,50.44,1428.67,,72.6,2401.02,,98.41,2764.42,,43.35,1946.85,,,Electronically-commutated Motor,1.966,3,No,,No,,,,,02/17/2011,10/29/2018,"United States, Canada",ES_1122277_011018_12062018204831_9311533
2330897,Pentair Aquatic Systems,Pentair,IntelliFlo 2 VST,011055,,In-Ground (Self-Priming) Pool Filter Pump,Variable-speed,6.117,24,4.95,31.16,7.91,1072.5,133.59,79.53,2760.5,51.97,1468.47,,73.4,2455.43,,99.42,2847.87,,43.77,1975.56,,,Electronically-commutated Motor,2.036,3,No,,No,,,,,01/01/2016,10/29/2018,"United States, Canada",ES_1122277_011055_12062018210233_0153624
2330898,Pentair Aquatic Systems,Pentair,IntelliFlo VSF,011056,,In-Ground (Self-Priming) Pool Filter Pump,Variable-speed,6.117,24,4.95,31.16,7.91,1072.5,133.59,79.53,2760.5,51.97,1468.47,,73.4,2455.43,,99.42,2847.87,,43.77,1975.56,,,Electronically-commutated Motor,2.036,3,No,,No,,,,,05/22/2017,10/29/2018,"United States, Canada",ES_1122277_011056_12062018210526_0326824
2330899,Pentair Aquatic Systems,Pentair,IntelliFlo VS + SVRS,011057,,In-Ground (Self-Priming) Pool Filter Pump,Variable-speed,6.117,24,4.95,31.16,7.91,1072.5,133.59,79.53,2760.5,51.97,1468.47,,73.4,2455.43,,99.42,2847.87,,43.77,1975.56,,,Electronically-commutated Motor,2.036,3,No,,No,,,,,07/01/2016,10/29/2018,"United States, Canada",ES_1122277_011057_12062018210611_0371142
2330900,Pentair Aquatic Systems,Pentair,IntelliPro VS + SVRS,013002,,In-Ground (Self-Priming) Pool Filter Pump,Variable-speed,6.117,24,4.95,31.16,7.91,1072.5,133.59,79.53,2760.5,51.97,1468.47,,73.4,2455.43,,99.42,2847.87,,43.77,1975.56,,,Electronically-commutated Motor,2.036,3,No,,No,,,,,07/01/2016,10/29/2018,"United States, Canada",ES_1122277_013002_12062018211216_0736031
2330901,Pentair Aquatic Systems,Pentair,Shasta IntelliFlo VSF,S-011056,,In-Ground (Self-Priming) Pool Filter Pump,Variable-speed,6.117,24,4.95,31.16,7.91,1072.5,133.59,79.53,2760.5,51.97,1468.47,,73.4,2455.43,,99.42,2847.87,,43.77,1975.56,,,Electronically-commutated Motor,2.036,3,No,,No,,,,,05/22/2017,10/29/2018,"United States, Canada",ES_1122277_S-011056_12062018211251_0771590
2330902,Pentair Aquatic Systems,Pentair,Shasta IntelliFlo VS,S-011058,,In-Ground (Self-Priming) Pool Filter Pump,Variable-speed,6.117,24,4.95,31.16,7.91,1072.5,133.59,79.53,2760.5,51.97,1468.47,,73.4,2455.43,,99.42,2847.87,,43.77,1975.56,,,Electronically-commutated Motor,2.036,3,No,,No,,,,,01/01/2016,10/29/2018,"United States, Canada",ES_1122277_S-011058_12062018211328_0808593
2330938,Pentair Aquatic Systems,Pentair,IntelliFlo VS,011028,,In-Ground (Self-Priming) Pool Filter Pump,Variable-speed,6.117,24,4.95,31.16,7.91,1072.5,133.59,79.53,2760.5,51.97,1468.47,,73.4,2455.43,,99.42,2847.87,,43.77,1975.56,,,Electronically-commutated Motor,2.036,3,No,,No,,,,,03/01/2018,10/29/2018,"United States, Canada",ES_1122277_011028_12062018210200_0120094
2330939,Pentair Aquatic Systems,Pentair,IntelliFlo i1 VS,011059,,In-Ground (Self-Priming) Pool Filter Pump,Variable-speed,7.501,19,6.3,31.21,8.02,1320.5,142.86,65.81,2773,35.38,908.26,,63.68,1588,,82.27,1691.76,,39.53,1352.81,,,Electronically-commutated Motor,1.134,1,No,,No,,,,,01/01/2016,10/29/2018,"United States, Canada",ES_1122277_011059_12062018212854_1734162
2330940,Pentair Aquatic Systems,Pentair,IntelliFlo i2 VS,011060,,In-Ground (Self-Priming) Pool Filter Pump,Variable-speed,6.854,27,5.39,31.21,8.04,1147.5,131.88,74.66,2749,45.44,1219.0,,69.25,2074.4,,93.25,2346.58,,41.81,1729.67,,,Electronically-commutated Motor,1.685,2,No,,No,,,,,01/01/2016,10/29/2018,"United States, Canada",ES_1122277_011060_12062018214145_2505692
2330944,Pentair Aquatic Systems,STA-RITE,IntelliPro VSF,013004,,In-Ground (Self-Priming) Pool Filter Pump,Variable-speed,6.611,28,5.15,31.26,7.99,1117.5,128.34,77.31,2752.5,49.06,1323.18,,70.91,2207.55,,96.67,2583.02,,42.02,1771.17,,,Electronically-commutated Motor,1.873,3,No,,No,,,,,03/15/2017,10/29/2018,"United States, Canada",ES_1122277_013004_12062018215357_3237037
2330945,Pentair Aquatic Systems,STA-RITE,IntelliPro 2 VST,013001,,In-Ground (Self-Priming) Pool Filter Pump,Variable-speed,6.611,28,5.15,31.26,7.99,1117.5,128.34,77.31,2752.5,49.06,1323.18,,70.91,2207.55,,96.67,2583.02,,42.02,1771.17,,,Electronically-commutated Motor,1.873,3,No,,No,,,,,07/01/2016,10/29/2018,"United States, Canada",ES_1122277_013001_12062018215219_3139884
2330946,Pentair Aquatic Systems,STA-RITE,IntelliPro VS,013028,,In-Ground (Self-Priming) Pool Filter Pump,Variable-speed,6.611,28,5.15,31.26,7.99,1117.5,128.34,77.31,2752.5,49.06,1323.18,,70.91,2207.55,,96.67,2583.02,,42.02,1771.17,,,Electronically-commutated Motor,1.873,3,No,,No,,,,,03/01/2018,10/29/2018,"United States, Canada",ES_1122277_013028_12062018215437_3277431
2330947,Pentair Aquatic Systems,Pentair,IntelliFlo XF VS,022055,,In-Ground (Self-Priming) Pool Filter Pump,Variable-speed,5.634,15,4.88,31.16,7.88,1069.5,129.84,80.14,2759.5,52.91,1468.31,,73.37,2578.92,,100.26,2858.49,,43.69,2190.52,,,Electronically-commutated Motor,2.102,3,No,,No,,,,,07/01/2015,10/29/2018,"United States, Canada",ES_1122277_022055_12062018221648_4608520
2330948,Pentair Aquatic Systems,Pentair,IntelliFlo XF VSF,022056,,In-Ground (Self-Priming) Pool Filter Pump,Variable-speed,5.634,15,4.88,31.16,7.88,1069.5,129.84,80.14,2759.5,52.91,1468.31,,73.37,2578.92,,100.26,2858.49,,43.69,2190.52,,,Electronically-commutated Motor,2.102,3,No,,No,,,,,05/22/2017,10/29/2018,"United States, Canada",ES_1122277_022056_12062018221720_4640269
2330949,Pentair Aquatic Systems,Pentair,InteliiPro XF VS,023055,,In-Ground (Self-Priming) Pool Filter Pump,Variable-speed,5.634,15,4.88,31.16,7.88,1069.5,129.84,80.14,2759.5,52.91,1468.31,,73.37,2578.92,,100.26,2858.49,,43.69,2190.52,,,Electronically-commutated Motor,2.102,3,No,,No,,,,,07/01/2015,10/29/2018,"United States, Canada",ES_1122277_023055_12062018221751_4671997
2330950,Pentair Aquatic Systems,Pentair,IntelliPro XF VSF,023056,,In-Ground (Self-Priming) Pool Filter Pump,Variable-speed,5.634,15,4.88,31.16,7.88,1069.5,129.84,80.14,2759.5,52.91,1468.31,,73.37,2578.92,,100.26,2858.49,,43.69,2190.52,,,Electronically-commutated Motor,2.102,3,No,,No,,,,,05/22/2017,10/29/2018,"United States, Canada",ES_1122277_023056_12062018221826_4706063
2330951,Pentair Aquatic Systems,STA-RITE,SuperMax VS,343000,,In-Ground (Self-Priming) Pool Filter Pump,Variable-speed,7.617,8.3,7.03,34.72,9.67,1601.0,174.37,61.82,2847.5,31.03,872.16,,59.01,1433.44,,73.86,1486.1,,37.23,1226.99,,,Electronically-commutated Motor,0.825,1.65,No,,No,,,,,09/15/2013,10/29/2018,"United States, Canada",ES_1122277_343000_12062018222620_5180982
2330952,Pentair Aquatic Systems,STA-RITE,IntelliPro VS,P6E6VS4H-209L,,In-Ground (Self-Priming) Pool Filter Pump,Variable-speed,6.245,21,5.17,31.27,7.91,1114.5,153.99,76.77,2745.5,48.47,1323.21,,70.98,2222.97,,96.07,2561.81,,41.97,1792.15,,,Electronically-commutated Motor,1.853,3,No,,No,,,,,06/23/2011,10/29/2018,"United States, Canada",ES_1122277_P6E6VS4H-209L_12062018223034_5434954
2330953,"Speck Pumps-Pool Products, Inc.",SPECK,BADU SuperPro-II E VSP,BADU SuperPro-II E VSP,,In-Ground (Self-Priming) Pool Filter Pump,Variable-speed,11.2,100,5.54,25.65,5.33,1001.0,77.49,53.96,2130,23.98,528.31,,52.14,991.89,,67.48,994.36,,33.25,985.27,,2,Electronically-commutated Motor,0.636,1.65,No,,No,,,,,03/15/2018,12/06/2018,"United States, Canada",ES_1122881_BADU SuperPro-II E VSP_12062018231135_7895145
2330954,"Speck Pumps-Pool Products, Inc.",Aqua TechniX,MasterFlo-II E VSP,MasterFlo-II E VSP,,In-Ground (Self-Priming) Pool Filter Pump,Variable-speed,11.2,100,5.54,25.65,5.33,1001.0,77.49,53.96,2130,23.98,528.31,,52.14,991.89,,67.48,994.36,,33.25,985.27,,2,Electronically-commutated Motor,0.636,1.65,No,,No,,,,,03/15/2018,12/06/2018,"United States, Canada",ES_1122881_MasterFlo-II E VSP_12062018231208_7928147
2330955,"Speck Pumps-Pool Products, Inc.",SPECK,BADU SuperPro-III CVS,BADU SuperPro-III CVS,,In-Ground (Self-Priming) Pool Filter Pump,Variable-speed,8.9,35,6.57,31.15,7.78,1356.0,115.33,65,2858,34.82,814.28,,58.43,1327.28,,78.65,1441.83,,35.19,1165.17,,3,Electronically-commutated Motor,1.009,1.65,No,,No,,,,,03/15/2018,12/06/2018,"United States, Canada",ES_1122881_BADU SuperPro-III CVS_12062018232148_8508108
2330956,"Speck Pumps-Pool Products, Inc.",Aqua TechniX,MasterFlo-III CVS,MasterFlo-III CVS,,In-Ground (Self-Priming) Pool Filter Pump,Variable-speed,8.9,35,6.57,31.15,7.78,1356.0,115.33,65,2858,34.82,814.28,,58.43,1327.28,,78.65,1441.83,,35.19,1165.17,,3,Electronically-commutated Motor,1.009,1.65,No,,No,,,,,03/15/2018,12/06/2018,"United States, Canada",ES_1122881_MasterFlo-III CVS_12062018232221_8541640
2330967,"Speck Pumps-Pool Products, Inc.",SPECK,BADU SuperPro-V CVS,BADU SuperPro-V CVS,,In-Ground (Self-Priming) Pool Filter Pump,Variable-speed,7.2,24,5.8,31.19,8.05,1224.0,143.49,70.2,2749,40.76,1052.71,,65.14,1785.78,,87.81,1951.57,,39.35,1620.39,,4,Electronically-commutated Motor,1.407,1.65,No,,No,,,,,03/15/2018,12/06/2018,"United States, Canada",ES_1122881_BADU SuperPro-V CVS_12062018233843_9523462
2330968,"Speck Pumps-Pool Products, Inc.",Aqua TechniX,MasterFlo-V CVS,MasterFlo-V CVS,,In-Ground (Self-Priming) Pool Filter Pump,Variable-speed,7.2,24,5.8,31.19,8.05,1224.0,143.49,70.2,2749,40.76,1052.71,,65.14,1785.78,,87.81,1951.57,,39.35,1620.39,,4,Electronically-commutated Motor,1.407,1.65,No,,No,,,,,03/15/2018,12/06/2018,"United States, Canada",ES_1122881_MasterFlo-V CVS_12062018233922_9562801
2331803,"Speck Pumps-Pool Products, Inc.",SPECK,ES90-II VSP,ES90-II VSP,,In-Ground (Self-Priming) Pool Filter Pump,Variable-speed,11.2,100,5.54,25.65,5.33,1001.0,77.49,53.96,2130,23.98,528.31,,52.14,991.89,,67.48,994.36,,33.25,985.27,,2,Electronically-commutated Motor,0.636,1.65,No,,No,,,,,03/15/2018,12/18/2018,"United States, Canada",ES_1122881_ES90-II VSP_12192018221832_7912092
2331804,"Speck Pumps-Pool Products, Inc.",Aqua TechniX,PES90-II VSP,PES90-II VSP,,In-Ground (Self-Priming) Pool Filter Pump,Variable-speed,11.2,100,5.54,25.65,5.33,1001.0,77.49,53.96,2130,23.98,528.31,,52.14,991.89,,67.48,994.36,,33.25,985.27,,2,Electronically-commutated Motor,0.636,1.65,No,,No,,,,,03/15/2018,12/18/2018,"United States, Canada",ES_1122881_PES90-II VSP_12192018221759_7879286
2331830,"Speck Pumps-Pool Products, Inc.",SPECK,EasyFit-III CVS,EasyFit-III CVS,,In-Ground (Self-Priming) Pool Filter Pump,Variable-speed,8.9,35,6.57,31.15,7.78,1356.0,115.33,65,2858,34.82,814.28,,58.43,1327.28,,78.65,1441.83,,35.19,1165.17,,3,Electronically-commutated Motor,1.009,1.65,No,,No,,,,,03/15/2018,12/18/2018,"United States, Canada",ES_1122881_EasyFit-III CVS_12202018150433_8273628
2331831,"Speck Pumps-Pool Products, Inc.",SPECK,N90-III CVS,N90-III CVS,,In-Ground (Self-Priming) Pool Filter Pump,Variable-speed,8.9,35,6.57,31.15,7.78,1356.0,115.33,65,2858,34.82,814.28,,58.43,1327.28,,78.65,1441.83,,35.19,1165.17,,3,Electronically-commutated Motor,1.009,1.65,No,,No,,,,,03/15/2018,12/18/2018,"United States, Canada",ES_1122881_N90-III CVS_12202018150516_8316500
2331832,"Speck Pumps-Pool Products, Inc.",Aqua TechniX,PN90-III CVS,PN90-III CVS,,In-Ground (Self-Priming) Pool Filter Pump,Variable-speed,8.9,35,6.57,31.15,7.78,1356.0,115.33,65,2858,34.82,814.28,,58.43,1327.28,,78.65,1441.83,,35.19,1165.17,,3,Electronically-commutated Motor,1.009,1.65,No,,No,,,,,03/15/2018,12/18/2018,"United States, Canada",ES_1122881_PN90-III CVS_12202018150604_8364783
2331833,"Speck Pumps-Pool Products, Inc.",SPECK,PS165VSP CVS,PS165VSP CVS,,In-Ground (Self-Priming) Pool Filter Pump,Variable-speed,8.9,35,6.57,31.15,7.78,1356.0,115.33,65,2858,34.82,814.28,,58.43,1327.28,,78.65,1441.83,,35.19,1165.17,,3,Electronically-commutated Motor,1.009,1.65,No,,No,,,,,03/15/2018,12/18/2018,"United States, Canada",ES_1122881_PS165VSP CVS_12202018150640_8400059
2331834,"Speck Pumps-Pool Products, Inc.",Aqua TechniX,UniFit-III CVS,UniFit-III CVS,,In-Ground (Self-Priming) Pool Filter Pump,Variable-speed,8.9,35,6.57,31.15,7.78,1356.0,115.33,65,2858,34.82,814.28,,58.43,1327.28,,78.65,1441.83,,35.19,1165.17,,3,Electronically-commutated Motor,1.009,1.65,No,,No,,,,,03/15/2018,12/18/2018,"United States, Canada",ES_1122881_UniFit-III CVS_12202018150730_8450500
2331836,"Speck Pumps-Pool Products, Inc.",SPECK,EasyFit-V CVS,EasyFit-V CVS,,In-Ground (Self-Priming) Pool Filter Pump,Variable-speed,7.2,24,5.8,31.19,8.05,1224.0,143.49,70.2,2749,40.76,1052.71,,65.14,1785.78,,87.81,1951.57,,39.35,1620.39,,4,Electronically-commutated Motor,1.407,1.65,No,,No,,,,,03/15/2018,12/18/2018,"United States, Canada",ES_1122881_EasyFit-V CVS_12202018154400_0640663
2331837,"Speck Pumps-Pool Products, Inc.",SPECK,N90-V CVS,N90-V CVS,,In-Ground (Self-Priming) Pool Filter Pump,Variable-speed,7.2,24,5.8,31.19,8.05,1224.0,143.49,70.2,2749,40.76,1052.71,,65.14,1785.78,,87.81,1951.57,,39.35,1620.39,,4,Electronically-commutated Motor,1.407,1.65,No,,No,,,,,03/15/2018,12/18/2018,"United States, Canada",ES_1122881_N90-V CVS_12202018154425_0665599
2331838,"Speck Pumps-Pool Products, Inc.",Aqua TechniX,PN90-V CVS,PN90-V CVS,,In-Ground (Self-Priming) Pool Filter Pump,Variable-speed,7.2,24,5.8,31.19,8.05,1224.0,143.49,70.2,2749,40.76,1052.71,,65.14,1785.78,,87.81,1951.57,,39.35,1620.39,,4,Electronically-commutated Motor,1.407,1.65,No,,No,,,,,03/15/2018,12/18/2018,"United States, Canada",ES_1122881_PN90-V CVS_12202018155244_1164645
2331839,"Speck Pumps-Pool Products, Inc.",SPECK,PS270VSP CVS,PS270VSP CVS,,In-Ground (Self-Priming) Pool Filter Pump,Variable-speed,7.2,24,5.8,31.19,8.05,1224.0,143.49,70.2,2749,40.76,1052.71,,65.14,1785.78,,87.81,1951.57,,39.35,1620.39,,4,Electronically-commutated Motor,1.407,1.65,No,,No,,,,,03/15/2018,12/18/2018,"United States, Canada",ES_1122881_PS270VSP CVS_12202018155322_1202503
2331840,"Speck Pumps-Pool Products, Inc.",Aqua TechniX,UniFit-V CVS,UniFit-V CVS,,In-Ground (Self-Priming) Pool Filter Pump,Variable-speed,7.2,24,5.8,31.19,8.05,1224.0,143.49,70.2,2749,40.76,1052.71,,65.14,1785.78,,87.81,1951.57,,39.35,1620.39,,4,Electronically-commutated Motor,1.407,1.65,No,,No,,,,,03/15/2018,12/18/2018,"United States, Canada",ES_1122881_UniFit-V CVS_12202018155346_1226106
2331841,"Speck Pumps-Pool Products, Inc.",SPECK,E71-II VHV,E71-II VHV,,Above-Ground (Non-Self-Priming) Pool Filter Pump,Variable-speed,10.3,130,4.5,25.77,5.39,1217.0,92.28,50.81,2424,21.54,531.15,,49.45,988.55,,63.26,987.26,,31.81,990.1,,2,Electronically-commutated Motor,0.524,1,No,,No,,,,,06/01/2017,12/18/2018,"United States, Canada",ES_1122881_E71-II VHV_12202018160514_1914293
2331842,"Speck Pumps-Pool Products, Inc.",Aqua TechniX,PE71-II VHV,PE71-II VHV,,Above-Ground (Non-Self-Priming) Pool Filter Pump,Variable-speed,10.3,130,4.5,25.77,5.39,1217.0,92.28,50.81,2424,21.54,531.15,,49.45,988.55,,63.26,987.26,,31.81,990.1,,2,Electronically-commutated Motor,0.524,1,No,,No,,,,,06/01/2017,12/18/2018,"United States, Canada",ES_1122881_PE71-II VHV_12202018160539_1939453
2331970,"Speck Pumps-Pool Products, Inc.",SPECK,A91-II VSP,A91-II VSP,,In-Ground (Self-Priming) Pool Filter Pump,Variable-speed,10.9,95,5.6,25.01,5.23,1283.0,79.56,53.27,2641,23.17,526.92,,52.1,990.71,,66.69,985.99,,32.79,974.03,,3,Electronically-commutated Motor,0.607,1,No,,No,,,,,12/21/2018,12/24/2018,"United States, Canada",ES_1122881_A91-II VSP_12242018171207_1527609
2331971,"Speck Pumps-Pool Products, Inc.",Aqua TechniX,PA91-II VSP,PA91-II VSP,,In-Ground (Self-Priming) Pool Filter Pump,Variable-speed,10.9,95,5.6,25.01,5.23,1283.0,79.56,53.27,2641,23.17,526.92,,52.1,990.71,,66.69,985.99,,32.79,974.03,,3,Electronically-commutated Motor,0.607,1,No,,No,,,,,12/21/2018,12/24/2018,"United States, Canada",ES_1122881_PA91-II VSP_12242018171407_1647783
2332244,Hayward Industries Inc.,Hayward,MaxFlo VS 500,HL2350020VSP,,In-Ground (Self-Priming) Pool Filter Pump,Variable-speed,10.73,89,5.68,25.02,5.05,1351.14,82.83,52.28,2777.63,22.31,520.56,,51.15,933.13,,64.78,956.42,,31.73,834.42,,4,Electronically-commutated Motor,0.572,1.65,Yes,,No,,,,,09/28/2017,12/28/2018,"United States, Canada",ES_1122275_HL2350020VSP_12292018014449_7889969
2332245,Hayward Industries Inc.,Hayward,MaxFlo VS,SP2303VSP,,In-Ground (Self-Priming) Pool Filter Pump,Variable-speed,10.73,89,5.68,25.02,5.05,1351.14,82.83,52.28,2777.63,22.31,520.56,,51.15,933.13,,64.78,956.42,,31.73,834.42,,4,Electronically-commutated Motor,0.572,1.65,Yes,,No,,,,,02/15/2016,12/28/2018,"United States, Canada",ES_1122275_SP2303VSP_12292018014220_7740578
2332246,Hayward Industries Inc.,Hayward,MaxFlo VS,SP23520VSP,,In-Ground (Self-Priming) Pool Filter Pump,Variable-speed,10.73,89,5.68,25.02,5.05,1351.14,82.83,52.28,2777.63,22.31,520.56,,51.15,933.13,,64.78,956.42,,31.73,834.42,,4,Electronically-commutated Motor,0.572,1.65,Yes,,No,,,,,11/01/2016,12/28/2018,"United States, Canada",ES_1122275_SP23520VSP_12292018014415_7855978
2332247,Hayward Industries Inc.,Hayward,Super Pump VS 700,HL2670020VSP,,In-Ground (Self-Priming) Pool Filter Pump,Variable-speed,9.3,26,7.36,25.08,5.04,1250.0,83.06,56.62,2774,25.8,680.2,,55.44,1194.26,,70.35,1282.18,,34.47,1007.89,,5,Electronically-commutated Motor,0.714,1.65,Yes,,No,,,,,10/30/2017,12/28/2018,"United States, Canada",ES_1122275_HL2670020VSP_12292018015051_8251605
2332248,Hayward Industries Inc.,Hayward,Super Pump VS,SP2603VSP,,In-Ground (Self-Priming) Pool Filter Pump,Variable-speed,9.3,26,7.36,25.08,5.04,1250.0,83.06,56.62,2774,25.8,680.2,,55.44,1194.26,,70.35,1282.18,,34.47,1007.89,,5,Electronically-commutated Motor,0.714,1.65,Yes,,No,,,,,02/15/2016,12/28/2018,"United States, Canada",ES_1122275_SP2603VSP_12292018014948_8188906
2332249,Hayward Industries Inc.,Hayward,Super Pump VS 700,SP2670020VSP,,In-Ground (Self-Priming) Pool Filter Pump,Variable-speed,9.3,26,7.36,25.08,5.04,1250.0,83.06,56.62,2774,25.8,680.2,,55.44,1194.26,,70.35,1282.18,,34.47,1007.89,,5,Electronically-commutated Motor,0.714,1.65,Yes,,No,,,,,09/01/2017,12/28/2018,"United States, Canada",ES_1122275_SP2670020VSP_12292018015018_8218546
2332250,Hayward Industries Inc.,Hayward,MaxFlo VS 500,HL2350010VSP,,In-Ground (Self-Priming) Pool Filter Pump,Variable-speed,11.454,87,6.11,24.91,5.12,1451.5,87.64,46.98,2668,18.11,417.48,,46.77,781.32,,58.45,770.88,,31.09,787.1,,4,Electronically-commutated Motor,0.409,0.85,Yes,,No,,,,,10/30/2017,12/28/2018,"United States, Canada",ES_1122275_HL2350010VSP_12292018020441_9081305
2332251,Hayward Industries Inc.,Hayward,MaxFlo VS,SP23115VSP,,In-Ground (Self-Priming) Pool Filter Pump,Variable-speed,11.454,87,6.11,24.91,5.12,1451.5,87.64,46.98,2668,18.11,417.48,,46.77,781.32,,58.45,770.88,,31.09,787.1,,4,Electronically-commutated Motor,0.409,0.85,Yes,,No,,,,,11/30/2015,12/28/2018,"United States, Canada",ES_1122275_SP23115VSP_12292018020338_9018438
2332252,Hayward Industries Inc.,Hayward,MaxFlo VS,SP23510VSP,,In-Ground (Self-Priming) Pool Filter Pump,Variable-speed,11.454,87,6.11,24.91,5.12,1451.5,87.64,46.98,2668,18.11,417.48,,46.77,781.32,,58.45,770.88,,31.09,787.1,,4,Electronically-commutated Motor,0.409,0.85,Yes,,No,,,,,11/01/2016,12/28/2018,"United States, Canada",ES_1122275_SP23510VSP_12292018020409_9049376
2332253,Hayward Industries Inc.,Hayward,Super Pump VS 700,HL2670010VSP,,In-Ground (Self-Priming) Pool Filter Pump,Variable-speed,11.391,79,6.37,25,5.21,1348.5,93.88,44.22,2333,15.93,384.19,,44.83,738.31,,54.95,706.62,,30.79,787.38,,4,Electronically-commutated Motor,0.336,0.85,Yes,,No,,,,,10/30/2017,12/28/2018,"United States, Canada",ES_1122275_HL2670010VSP_12292018021737_9857852
2332254,Hayward Industries Inc.,Hayward,Super Pump VS,SP26115VSP,,In-Ground (Self-Priming) Pool Filter Pump,Variable-speed,11.391,79,6.37,25,5.21,1348.5,93.88,44.22,2333,15.93,384.19,,44.83,738.31,,54.95,706.62,,30.79,787.38,,4,Electronically-commutated Motor,0.336,0.85,Yes,,No,,,,,05/05/2015,12/28/2018,"United States, Canada",ES_1122275_SP26115VSP_12292018021632_9792067
2332255,Hayward Industries Inc.,Hayward,Super Pump VS 700,SP2670010VSP,,In-Ground (Self-Priming) Pool Filter Pump,Variable-speed,11.391,79,6.37,25,5.21,1348.5,93.88,44.22,2333,15.93,384.19,,44.83,738.31,,54.95,706.62,,30.79,787.38,,4,Electronically-commutated Motor,0.336,0.85,Yes,,No,,,,,09/01/2017,12/28/2018,"United States, Canada",ES_1122275_SP2670010VSP_12292018021703_9823178
2332256,Hayward Industries Inc.,Hayward,TriStar VS 900,HL32900VSP,,In-Ground (Self-Priming) Pool Filter Pump,Variable-speed,9.252,52,6.1,31.46,8.02,1276.5,103.46,67.86,2781,37.39,842.31,,62.82,1464.84,,84.39,1601.88,,38.39,1227.84,,5,Electronically-commutated Motor,1.235,1.85,Yes,,No,,,,,10/30/2017,12/28/2018,"United States, Canada",ES_1122275_HL32900VSP_12292018022539_0339300
2332257,Hayward Industries Inc.,Hayward,TriStar VS,SP3202VSP,"TriStar VS,EF200VS,",In-Ground (Self-Priming) Pool Filter Pump,Variable-speed,9.252,52,6.1,31.46,8.02,1276.5,103.46,67.86,2781,37.39,842.31,,62.82,1464.84,,84.39,1601.88,,38.39,1227.84,,5,Electronically-commutated Motor,1.235,1.85,Yes,,No,,,,,11/30/2015,12/28/2018,"United States, Canada",ES_1122275_SP3202VSP_12292018022402_0242050
2332258,Hayward Industries Inc.,Hayward,Smart Max,SP3202VSPBH,,In-Ground (Self-Priming) Pool Filter Pump,Variable-speed,9.252,52,6.1,31.46,8.02,1276.5,103.46,67.86,2781,37.39,842.31,,62.82,1464.84,,84.39,1601.88,,38.39,1227.84,,5,Electronically-commutated Motor,1.235,1.85,Yes,,No,,,,,11/30/2015,12/28/2018,"United States, Canada",ES_1122275_SP3202VSPBH_12292018022623_0383959
2332259,Hayward Industries Inc.,Hayward,TriStar VS,SP3202VSPND,,In-Ground (Self-Priming) Pool Filter Pump,Variable-speed,9.252,52,6.1,31.46,8.02,1276.5,103.46,67.86,2781,37.39,842.31,,62.82,1464.84,,84.39,1601.88,,38.39,1227.84,,5,Electronically-commutated Motor,1.235,1.85,Yes,,No,,,,,10/27/2014,12/28/2018,"United States, Canada",ES_1122275_SP3202VSPND_12292018022431_0271954
2332260,Hayward Industries Inc.,Hayward,TriStar VS 900,SP32900VSP,,In-Ground (Self-Priming) Pool Filter Pump,Variable-speed,9.252,52,6.1,31.46,8.02,1276.5,103.46,67.86,2781,37.39,842.31,,62.82,1464.84,,84.39,1601.88,,38.39,1227.84,,5,Electronically-commutated Motor,1.235,1.85,Yes,,No,,,,,03/01/2016,12/28/2018,"United States, Canada",ES_1122275_SP32900VSP_12292018022505_0305062
2332261,Hayward Industries Inc.,Hayward,HCP 2500 Series,HCP2500VSP,"HCP 2500 Series,HCP2500VSPVR,",In-Ground (Self-Priming) Pool Filter Pump,Variable-speed,7.267,39,5.22,31.35,8.15,1126.0,117.42,77.28,2777.5,48.25,1203.66,,69.38,1962.89,,95.97,2265.28,,41.06,1599.31,,3,Electronically-commutated Motor,1.817,2.7,Yes,,No,,,,,12/11/2018,12/28/2018,"United States, Canada",ES_1122275_HCP2500VSP_12292018025237_1957560
2332262,Hayward Industries Inc.,Hayward,TriStar VS 950,HL32950VSP,,In-Ground (Self-Priming) Pool Filter Pump,Variable-speed,7.267,39,5.22,31.35,8.15,1126.0,117.42,77.28,2777.5,48.25,1203.66,,69.38,1962.89,,95.97,2265.28,,41.06,1599.31,,3,Electronically-commutated Motor,1.817,2.7,Yes,,No,,,,,10/30/2017,12/28/2018,"United States, Canada",ES_1122275_HL32950VSP_12292018025017_1817363
2332263,Hayward Industries Inc.,Hayward,TriStar VS,SP3206VSP,,In-Ground (Self-Priming) Pool Filter Pump,Variable-speed,7.267,39,5.22,31.35,8.15,1126.0,117.42,77.28,2777.5,48.25,1203.66,,69.38,1962.89,,95.97,2265.28,,41.06,1599.31,,3,Electronically-commutated Motor,1.817,2.7,Yes,,No,,,,,09/01/2017,12/28/2018,"United States, Canada",ES_1122275_SP3206VSP_12292018024836_1716251
2332264,Hayward Industries Inc.,Hayward,Smart Max,SP3206VSPBH,,In-Ground (Self-Priming) Pool Filter Pump,Variable-speed,7.267,39,5.22,31.35,8.15,1126.0,117.42,77.28,2777.5,48.25,1203.66,,69.38,1962.89,,95.97,2265.28,,41.06,1599.31,,3,Electronically-commutated Motor,1.817,2.7,Yes,,No,,,,,09/01/2017,12/28/2018,"United States, Canada",ES_1122275_SP3206VSPBH_12292018025202_1922916
2332265,Hayward Industries Inc.,Hayward,TriStar VS,SP3206VSPVR,,In-Ground (Self-Priming) Pool Filter Pump,Variable-speed,7.267,39,5.22,31.35,8.15,1126.0,117.42,77.28,2777.5,48.25,1203.66,,69.38,1962.89,,95.97,2265.28,,41.06,1599.31,,3,Electronically-commutated Motor,1.817,2.7,Yes,,No,,,,,09/01/2017,12/28/2018,"United States, Canada",ES_1122275_SP3206VSPVR_12292018024910_1750211
2332266,Hayward Industries Inc.,Hayward,TriStar VS 950,SP32950VSP,,In-Ground (Self-Priming) Pool Filter Pump,Variable-speed,7.267,39,5.22,31.35,8.15,1126.0,117.42,77.28,2777.5,48.25,1203.66,,69.38,1962.89,,95.97,2265.28,,41.06,1599.31,,3,Electronically-commutated Motor,1.817,2.7,Yes,,No,,,,,01/01/2017,12/28/2018,"United States, Canada",ES_1122275_SP32950VSP_12292018024940_1780990
2332267,Hayward Industries Inc.,Hayward,EcoStar,SP3400VSP,"EcoStar,HCP3400VSP,",In-Ground (Self-Priming) Pool Filter Pump,Variable-speed,7.267,39,5.22,31.35,8.15,1126.0,117.42,77.28,2777.5,48.25,1203.66,,69.38,1962.89,,95.97,2265.28,,41.06,1599.31,,3,Electronically-commutated Motor,1.817,2.7,Yes,,No,,,,,03/11/2013,12/28/2018,"United States, Canada",ES_1122275_SP3400VSP_12292018025048_1848934
2332268,Hayward Industries Inc.,Hayward,EcoStar SVRS,SP3400VSPVR,"EcoStar SVRS,HCP3400VSPVR,",In-Ground (Self-Priming) Pool Filter Pump,Variable-speed,7.267,39,5.22,31.35,8.15,1126.0,117.42,77.28,2777.5,48.25,1203.66,,69.38,1962.89,,95.97,2265.28,,41.06,1599.31,,3,Electronically-commutated Motor,1.817,2.7,Yes,,No,,,,,03/11/2013,12/28/2018,"United States, Canada",ES_1122275_SP3400VSPVR_12292018025120_1880894
2332532,"Waterway Plastics, Inc.",Waterway,POWER DEFENDER 165,PD-VSC165,"ECONO-VSC-165,ECONO-VSC-165,",In-Ground (Self-Priming) Pool Filter Pump,Multi-speed,7.108,1.4,7.01,36.27,10.75,1601.0,195.01,64.96,2855,34.22,944.48,,58.43,1414.46,,74.08,1396.26,,38.14,1487.01,,3,Electronically-commutated Motor,0.834,1.65,No,,No,,,,,06/01/2013,01/30/2019,"United States, Canada",ES_1122880_PD-VSC165_01302019201636_9396786
2332534,"Waterway Plastics, Inc.",Waterway,POWER DEFENDER 270,PD-VSC270,"ECONO-VSC,ECONO-VSC,",In-Ground (Self-Priming) Pool Filter Pump,Variable-speed,6.216,7.5,5.78,31.19,8.09,1225.0,147.04,70.99,2772,41.38,1160.49,,66,1968.37,,88.38,2168.78,,39.59,1653.82,,4,Electronically-commutated Motor,1.422,2.7,No,,No,,,,,06/01/2013,01/30/2019,"United States, Canada",ES_1122880_PD-VSC270_01302019202927_0167530
2332559,"Waterway Plastics, Inc.",Waterway,POWER DEFENDER 300,PD-VSC300,,In-Ground (Self-Priming) Pool Filter Pump,Variable-speed,5.723,1.8,5.62,31.37,8.24,1248.0,167.01,72.4,2824,43.17,1319.68,,67.9,2210.62,,90.23,2440.18,,40.48,1851.69,,5,Electronically-commutated Motor,1.525,3,No,,No,,,,,03/20/2017,01/30/2019,"United States, Canada",ES_1122880_PD-VSC300_01302019215115_5075727
2332560,"Waterway Plastics, Inc.",Waterway,POWER DEFENDER 300 (SVL),PD-VSA300,,In-Ground (Self-Priming) Pool Filter Pump,Variable-speed,5.889,0.15,5.88,31.18,7.94,1264.0,176.95,69.8,2834,40.09,1249.27,,62.97,2058.72,,86.89,2311.31,,37.05,1782.02,,5,Electronically-commutated Motor,1.362,3,No,,No,,,,,03/20/2017,01/30/2019,"United States, Canada",ES_1122880_PD-VSA300_01302019215349_5229505
2332561,"Waterway Plastics, Inc.",Waterway,POWER DEFENDER 270 (SVL),PD-VSA270,"ECONO-VSA,ECONO-VSA,",In-Ground (Self-Priming) Pool Filter Pump,Variable-speed,6.359,5.1,6.05,31.17,7.81,1251.0,150.43,67.98,2749,37.68,1059.21,,61.27,1804.6,,84.52,2017.3,,36.07,1579.13,,5,Electronically-commutated Motor,1.264,2.7,No,,No,,,,,03/20/2017,01/30/2019,"United States, Canada",ES_1122880_PD-VSA270_01302019215724_5444921
2333616,Fluidra,Viron,eVo P280,eVo P280,"J-VSP150,J-VSP150,; JVX160,JVX160,; XT P320,XT P320,; XT P320,XT P320,; eVo P300,eVo P300,",In-Ground (Self-Priming) Pool Filter Pump,Variable-speed,10.3,86,5.55,24.7,5.06,1175,81.2,,,,,,,,,,,,,,,,Electronically-commutated Motor,0.63,1.87,No,,No,,,,,08/01/2014,02/05/2019,"United States, Canada",ES_1129581_eVo P280_02152019135606_7790353
2333617,Fluidra,Canada Viron,XT P320,XT P320,,In-Ground (Self-Priming) Pool Filter Pump,Variable-speed,10.3,86,5.55,24.7,5.06,1175,81.2,,,,,,,,,,,,,,,,Electronically-commutated Motor,0.63,1.87,No,,No,,,,,02/01/2018,02/05/2019,"United States, Canada",ES_1129581_XT P320_02152019135606_1378404
2333618,Fluidra,Viron,eVo P300,eVo P300,,In-Ground (Self-Priming) Pool Filter Pump,Variable-speed,10.3,86,5.55,24.7,5.06,1175,81.2,,,,,,,,,,,,,,,,Electronically-commutated Motor,0.63,1.87,No,,No,,,,,02/01/2018,02/05/2019,"United States, Canada",ES_1129581_eVo P300_02152019135606_1378404
2333619,Fluidra,Viron,J-VSP150,J-VSP150,,In-Ground (Self-Priming) Pool Filter Pump,Variable-speed,10.3,86,5.55,24.7,5.06,1175,81.2,,,,,,,,,,,,,,,,Electronically-commutated Motor,0.63,1.87,No,,No,,,,,02/01/2018,02/05/2019,"United States, Canada",ES_1129581_J-VSP150_02152019135606_1378404
2333620,Fluidra,Viron,JVX 160,JVX 160,,In-Ground (Self-Priming) Pool Filter Pump,Variable-speed,10.3,86,5.55,24.7,5.06,1175,81.2,,,,,,,,,,,,,,,,Electronically-commutated Motor,0.63,1.87,No,,No,,,,,02/01/2018,02/05/2019,"United States, Canada",ES_1129581_JVX 160_02152019135606_1378404
2333621,Fluidra,Viron,XT P600,XT P600,"Canada XT P580,J-VSP150,; XT P580,eVo P300,; eVo P580,XT P320,",In-Ground (Self-Priming) Pool Filter Pump,Variable-speed,7.4,22,6.08,31.1,8.17,1300,136.5,,,,,,,,,,,,,,,,Electronically-commutated Motor,1.25,2.5,No,,No,,,,,08/01/2014,02/05/2019,"United States, Canada",ES_1129581_XT P600_02152019135606_1378404
2333622,Fluidra,Viron,eVo P580,eVo P580,,In-Ground (Self-Priming) Pool Filter Pump,Variable-speed,7.4,22,6.08,31.1,8.17,1300,136.5,,,,,,,,,,,,,,,,Electronically-commutated Motor,1.25,2.5,No,,No,,,,,02/01/2018,02/05/2019,"United States, Canada",ES_1129581_eVo P580_02152019135606_1378404
2333623,Fluidra,Viron,XT P580,XT P580,,In-Ground (Self-Priming) Pool Filter Pump,Variable-speed,7.4,22,6.08,31.1,8.17,1300,136.5,,,,,,,,,,,,,,,,Electronically-commutated Motor,1.25,2.5,No,,No,,,,,02/01/2018,02/05/2019,"United States, Canada",ES_1129581_XT P580_02152019135606_1378404
2333625,"Ningbo C.F Electronic Tech Co., Ltd",Flobot,FB2010VS,FB2010VS,"BLPVS2010P,BLPVS2010P,; CHPVS2010P,CHPVS2010P,; CMARVSP1.0,CMARVSP1.0,; LEPVS2010P,LEPVS2010P,; PL2517,PL2517,; SF1.0P,SF1.0P,",In-Ground (Self-Priming) Pool Filter Pump,Variable-speed,8.7,21,7.19,31.74,8.08,1510,144.6,,,,,,,,,,,,,,,,Permanent Split-capacitor Motor,0.77,1.5,No,,No,,,,,09/01/2018,02/08/2019,"United States, Canada",ES_1142275_FB2010VS_02152019142922_9395099
2333626,"Ningbo C.F Electronic Tech Co., Ltd",Flobot,FB2015VS,FB2015VS,"BLPVS2015P,BLPVS2015P,; CHPVS2015P,CHPVS2015P,; CMARVSP1.5,CMARVSP1.5,; LEPVS2015P,LEPVS2015P,; PL2518,PL2518,; SF1.5P,SF1.5P,",In-Ground (Self-Priming) Pool Filter Pump,Variable-speed,8.3,28,6.48,31.09,7.98,1320,128.8,,,,,,,,,,,,,,,,Permanent Split-capacitor Motor,1.05,1.7,No,,No,,,,,09/01/2018,02/08/2019,"United States, Canada",ES_1142275_FB2015VS_02152019142922_9395099
2333627,"Ningbo C.F Electronic Tech Co., Ltd",Flobot,FB2020VS,FB2020VS,"BLPVS2020P,BLPVS2020P,; CHPVS2020P,CHPVS2020P,; CMARVSP2.0,CMARVSP2.0,; LEPVS2020P,LEPVS2020P,; PL2516,PL2516,; SF2.0,SF2.0,",In-Ground (Self-Priming) Pool Filter Pump,Variable-speed,8.4,35,6.21,31.2,7.98,1210,103.8,,,,,,,,,,,,,,,,Permanent Split-capacitor Motor,1.18,2,No,,No,,,,,09/01/2018,02/08/2019,"United States, Canada",ES_1142275_FB2020VS_02152019142922_9395099
2333628,"Ningbo C.F Electronic Tech Co., Ltd",Flobot,FB2030VS,FB2030VS,"BLPVS2030P,BLPVS2030P,; CHPVS2030P,CHPVS2030P,; CMARVSP3.0,CMARVSP3.0,; LEPVS2030P,LEPVS2030P,; PL2519,PL2519,; SF3.0P,SF3.0P,",In-Ground (Self-Priming) Pool Filter Pump,Variable-speed,7.5,26,5.93,31.1,7.93,1130,105.2,,,,,,,,,,,,,,,,Permanent Split-capacitor Motor,1.33,3,No,,No,,,,,09/01/2018,02/08/2019,"United States, Canada",ES_1142275_FB2030VS_02152019142922_9395099
2333629,"Ningbo C.F Electronic Tech Co., Ltd",Flow-works,FW1515VS,FW1515VS,"BLPVS1515H,BLPVS1515H,; CHPVS1515H,CHPVS1515H,; LEPVS1515H,LEPVS1515H,; PL2515,PL2515,; SF1.5HP,SF1.5HP,",In-Ground (Self-Priming) Pool Filter Pump,Variable-speed,9.3,27,7.35,24.8,4.93,1130,74.9,,,,,,,,,,,,,,,,Permanent Split-capacitor Motor,0.72,1.5,No,,No,,,,,09/01/2018,02/08/2019,"United States, Canada",ES_1142275_FW1515VS_02152019142922_9395099
2333630,"Ningbo C.F Electronic Tech Co., Ltd",Circupool /SmartFLO,SF1.0P,SF1.0P,,In-Ground (Self-Priming) Pool Filter Pump,Variable-speed,8.7,21,7.19,31.74,8.08,1510,144.6,,,,,,,,,,,,,,,,Permanent Split-capacitor Motor,0.77,1.5,No,,No,,,,,09/01/2018,02/08/2019,"United States, Canada",ES_1142275_SF1.0P_02152019142922_9395099
2333631,"Ningbo C.F Electronic Tech Co., Ltd",Circupool /SmartFLO,SF1.5P,SF1.5P,,In-Ground (Self-Priming) Pool Filter Pump,Variable-speed,8.3,28,6.48,31.09,7.98,1320,128.8,,,,,,,,,,,,,,,,Permanent Split-capacitor Motor,1.05,1.7,No,,No,,,,,09/01/2018,02/08/2019,"United States, Canada",ES_1142275_SF1.5P_02152019142922_9395099
2333632,"Ningbo C.F Electronic Tech Co., Ltd",Circupool /SmartFLO,SF2.0,SF2.0,,In-Ground (Self-Priming) Pool Filter Pump,Variable-speed,8.4,35,6.21,31.2,7.98,1210,103.8,,,,,,,,,,,,,,,,Permanent Split-capacitor Motor,1.18,2,No,,No,,,,,09/01/2018,02/08/2019,"United States, Canada",ES_1142275_SF2.0_02152019142922_9395099
2333633,"Ningbo C.F Electronic Tech Co., Ltd",Circupool /SmartFLO,SF3.0P,SF3.0P,,In-Ground (Self-Priming) Pool Filter Pump,Variable-speed,7.5,26,5.93,31.1,7.93,1130,105.2,,,,,,,,,,,,,,,,Permanent Split-capacitor Motor,1.33,3,No,,No,,,,,09/01/2018,02/08/2019,"United States, Canada",ES_1142275_SF3.0P_02152019142922_9395099
2333634,"Ningbo C.F Electronic Tech Co., Ltd",Circupool /SmartFLO,SF1.5HP,SF1.5HP,,In-Ground (Self-Priming) Pool Filter Pump,Variable-speed,9.3,27,7.35,24.8,4.93,1130,74.9,,,,,,,,,,,,,,,,Permanent Split-capacitor Motor,0.72,1.5,No,,No,,,,,09/01/2018,02/08/2019,"United States, Canada",ES_1142275_SF1.5HP_02152019142922_9395099
2333635,"Ningbo C.F Electronic Tech Co., Ltd",Calimar,CMARVSP1.0,CMARVSP1.0,,In-Ground (Self-Priming) Pool Filter Pump,Variable-speed,8.7,21,7.19,31.74,8.08,1510,144.6,,,,,,,,,,,,,,,,Permanent Split-capacitor Motor,0.77,1.5,No,,No,,,,,09/01/2018,02/08/2019,"United States, Canada",ES_1142275_CMARVSP1.0_02152019142922_9395099
2333636,"Ningbo C.F Electronic Tech Co., Ltd",Calimar,CMARVSP1.5,CMARVSP1.5,,In-Ground (Self-Priming) Pool Filter Pump,Variable-speed,8.3,28,6.48,31.09,7.98,1320,128.8,,,,,,,,,,,,,,,,Permanent Split-capacitor Motor,1.05,1.7,No,,No,,,,,09/01/2018,02/08/2019,"United States, Canada",ES_1142275_CMARVSP1.5_02152019142922_9395099
2333637,"Ningbo C.F Electronic Tech Co., Ltd",Calimar,CMARVSP2.0,CMARVSP2.0,,In-Ground (Self-Priming) Pool Filter Pump,Variable-speed,8.4,35,6.21,31.2,7.98,1210,103.8,,,,,,,,,,,,,,,,Permanent Split-capacitor Motor,1.18,2,No,,No,,,,,09/01/2018,02/08/2019,"United States, Canada",ES_1142275_CMARVSP2.0_02152019142922_9395099
2333638,"Ningbo C.F Electronic Tech Co., Ltd",Calimar,CMARVSP3.0,CMARVSP3.0,,In-Ground (Self-Priming) Pool Filter Pump,Variable-speed,7.5,26,5.93,31.1,7.93,1130,105.2,,,,,,,,,,,,,,,,Permanent Split-capacitor Motor,1.33,3,No,,No,,,,,09/01/2018,02/08/2019,"United States, Canada",ES_1142275_CMARVSP3.0_02152019142922_9395099
2333639,"Ningbo C.F Electronic Tech Co., Ltd",PureLine,PL2517,PL2517,,In-Ground (Self-Priming) Pool Filter Pump,Variable-speed,8.7,21,7.19,31.74,8.08,1510,144.6,,,,,,,,,,,,,,,,Permanent Split-capacitor Motor,0.77,1.5,No,,No,,,,,09/01/2018,02/08/2019,"United States, Canada",ES_1142275_PL2517_02152019142922_9395099
2333640,"Ningbo C.F Electronic Tech Co., Ltd",PureLine,PL2518,PL2518,,In-Ground (Self-Priming) Pool Filter Pump,Variable-speed,8.3,28,6.48,31.09,7.98,1320,128.8,,,,,,,,,,,,,,,,Permanent Split-capacitor Motor,1.05,1.7,No,,No,,,,,09/01/2018,02/08/2019,"United States, Canada",ES_1142275_PL2518_02152019142922_9395099
2333641,"Ningbo C.F Electronic Tech Co., Ltd",PureLine,PL2516,PL2516,,In-Ground (Self-Priming) Pool Filter Pump,Variable-speed,8.4,35,6.21,31.2,7.98,1210,103.8,,,,,,,,,,,,,,,,Permanent Split-capacitor Motor,1.18,2,No,,No,,,,,09/01/2018,02/08/2019,"United States, Canada",ES_1142275_PL2516_02152019142922_9395099
2333642,"Ningbo C.F Electronic Tech Co., Ltd",PureLine,PL2519,PL2519,,In-Ground (Self-Priming) Pool Filter Pump,Variable-speed,7.5,26,5.93,31.1,7.93,1130,105.2,,,,,,,,,,,,,,,,Permanent Split-capacitor Motor,1.33,3,No,,No,,,,,09/01/2018,02/08/2019,"United States, Canada",ES_1142275_PL2519_02152019142922_9395099
2333643,"Ningbo C.F Electronic Tech Co., Ltd",PureLine,PL2515,PL2515,,In-Ground (Self-Priming) Pool Filter Pump,Variable-speed,9.3,27,7.35,24.8,4.93,1130,74.9,,,,,,,,,,,,,,,,Permanent Split-capacitor Motor,0.72,1.5,No,,No,,,,,09/01/2018,02/08/2019,"United States, Canada",ES_1142275_PL2515_02152019142922_9395099
2333644,"Ningbo C.F Electronic Tech Co., Ltd",Blueworks,BLPVS2010P,BLPVS2010P,,In-Ground (Self-Priming) Pool Filter Pump,Variable-speed,8.7,21,7.19,31.74,8.08,1510,144.6,,,,,,,,,,,,,,,,Permanent Split-capacitor Motor,0.77,1.5,No,,No,,,,,09/01/2018,02/08/2019,"United States, Canada",ES_1142275_BLPVS2010P_02152019142922_9395099
2333645,"Ningbo C.F Electronic Tech Co., Ltd",Blueworks,BLPVS2015P,BLPVS2015P,,In-Ground (Self-Priming) Pool Filter Pump,Variable-speed,8.3,28,6.48,31.09,7.98,1320,128.8,,,,,,,,,,,,,,,,Permanent Split-capacitor Motor,1.05,1.7,No,,No,,,,,09/01/2018,02/08/2019,"United States, Canada",ES_1142275_BLPVS2015P_02152019142922_9395099
2333646,"Ningbo C.F Electronic Tech Co., Ltd",Blueworks,BLPVS2020P,BLPVS2020P,,In-Ground (Self-Priming) Pool Filter Pump,Variable-speed,8.4,35,6.21,31.2,7.98,1210,103.8,,,,,,,,,,,,,,,,Permanent Split-capacitor Motor,1.18,2,No,,No,,,,,09/01/2018,02/08/2019,"United States, Canada",ES_1142275_BLPVS2020P_02152019142922_9395099
2333647,"Ningbo C.F Electronic Tech Co., Ltd",Blueworks,BLPVS2030P,BLPVS2030P,,In-Ground (Self-Priming) Pool Filter Pump,Variable-speed,7.5,26,5.93,31.1,7.93,1130,105.2,,,,,,,,,,,,,,,,Permanent Split-capacitor Motor,1.33,3,No,,No,,,,,09/01/2018,02/08/2019,"United States, Canada",ES_1142275_BLPVS2030P_02152019142922_9395099
2333648,"Ningbo C.F Electronic Tech Co., Ltd",Blueworks,BLPVS1515H,BLPVS1515H,,In-Ground (Self-Priming) Pool Filter Pump,Variable-speed,9.3,27,7.35,24.8,4.93,1130,74.9,,,,,,,,,,,,,,,,Permanent Split-capacitor Motor,0.72,1.5,No,,No,,,,,09/01/2018,02/08/2019,"United States, Canada",ES_1142275_BLPVS1515H_02152019142922_2983150
2333649,"Ningbo C.F Electronic Tech Co., Ltd",Lemonpool,LEPVS2010P,LEPVS2010P,,In-Ground (Self-Priming) Pool Filter Pump,Variable-speed,8.7,21,7.19,31.74,8.08,1510,144.6,,,,,,,,,,,,,,,,Permanent Split-capacitor Motor,0.77,1.5,No,,No,,,,,09/01/2018,02/08/2019,"United States, Canada",ES_1142275_LEPVS2010P_02152019142922_2983150
2333650,"Ningbo C.F Electronic Tech Co., Ltd",Lemonpool,LEPVS2015P,LEPVS2015P,,In-Ground (Self-Priming) Pool Filter Pump,Variable-speed,8.3,28,6.48,31.09,7.98,1320,128.8,,,,,,,,,,,,,,,,Permanent Split-capacitor Motor,1.05,1.7,No,,No,,,,,09/01/2018,02/08/2019,"United States, Canada",ES_1142275_LEPVS2015P_02152019142922_2983150
2333651,"Ningbo C.F Electronic Tech Co., Ltd",Lemonpool,LEPVS2020P,LEPVS2020P,,In-Ground (Self-Priming) Pool Filter Pump,Variable-speed,8.4,35,6.21,31.2,7.98,1210,103.8,,,,,,,,,,,,,,,,Permanent Split-capacitor Motor,1.18,2,No,,No,,,,,09/01/2018,02/08/2019,"United States, Canada",ES_1142275_LEPVS2020P_02152019142922_2983150
2333652,"Ningbo C.F Electronic Tech Co., Ltd",Lemonpool,LEPVS2030P,LEPVS2030P,,In-Ground (Self-Priming) Pool Filter Pump,Variable-speed,7.5,26,5.93,31.1,7.93,1130,105.2,,,,,,,,,,,,,,,,Permanent Split-capacitor Motor,1.33,3,No,,No,,,,,09/01/2018,02/08/2019,"United States, Canada",ES_1142275_LEPVS2030P_02152019142922_2983150
2333653,"Ningbo C.F Electronic Tech Co., Ltd",Lemonpool,LEPVS1515H,LEPVS1515H,,In-Ground (Self-Priming) Pool Filter Pump,Variable-speed,9.3,27,7.35,24.8,4.93,1130,74.9,,,,,,,,,,,,,,,,Permanent Split-capacitor Motor,0.72,1.5,No,,No,,,,,09/01/2018,02/08/2019,"United States, Canada",ES_1142275_LEPVS1515H_02152019142922_2983150
2333654,"Ningbo C.F Electronic Tech Co., Ltd",Chlorworks,CHPVS2010P,CHPVS2010P,,In-Ground (Self-Priming) Pool Filter Pump,Variable-speed,8.7,21,7.19,31.74,8.08,1510,144.6,,,,,,,,,,,,,,,,Permanent Split-capacitor Motor,0.77,1.5,No,,No,,,,,09/01/2018,02/08/2019,"United States, Canada",ES_1142275_CHPVS2010P_02152019142922_2983150
2333655,"Ningbo C.F Electronic Tech Co., Ltd",Chlorworks,CHPVS2015P,CHPVS2015P,,In-Ground (Self-Priming) Pool Filter Pump,Variable-speed,8.3,28,6.48,31.09,7.98,1320,128.8,,,,,,,,,,,,,,,,Permanent Split-capacitor Motor,1.05,1.7,No,,No,,,,,09/01/2018,02/08/2019,"United States, Canada",ES_1142275_CHPVS2015P_02152019142922_2983150
2333656,"Ningbo C.F Electronic Tech Co., Ltd",Chlorworks,CHPVS2020P,CHPVS2020P,,In-Ground (Self-Priming) Pool Filter Pump,Variable-speed,8.4,35,6.21,31.2,7.98,1210,103.8,,,,,,,,,,,,,,,,Permanent Split-capacitor Motor,1.18,2,No,,No,,,,,09/01/2018,02/08/2019,"United States, Canada",ES_1142275_CHPVS2020P_02152019142922_2983150
2333657,"Ningbo C.F Electronic Tech Co., Ltd",Chlorworks,CHPVS2030P,CHPVS2030P,,In-Ground (Self-Priming) Pool Filter Pump,Variable-speed,7.5,26,5.93,31.1,7.93,1130,105.2,,,,,,,,,,,,,,,,Permanent Split-capacitor Motor,1.33,3,No,,No,,,,,09/01/2018,02/08/2019,"United States, Canada",ES_1142275_CHPVS2030P_02152019142922_2983150
2333658,"Ningbo C.F Electronic Tech Co., Ltd",Chlorworks,CHPVS1515H,CHPVS1515H,,In-Ground (Self-Priming) Pool Filter Pump,Variable-speed,9.3,27,7.35,24.8,4.93,1130,74.9,,,,,,,,,,,,,,,,Permanent Split-capacitor Motor,0.72,1.5,No,,No,,,,,09/01/2018,02/08/2019,"United States, Canada",ES_1142275_CHPVS1515H_02152019142922_2983150
2333819,Asia Connection LLC,Blue Torrent,Cyclone Series,2020,,In-Ground (Self-Priming) Pool Filter Pump,Variable-speed,8.4,37,6.15,31.2,7.98,1210,113.3,,,,,,,,,,,,,,,,Electronically-commutated Motor,1.21,2,No,,No,,,,,07/21/2018,02/19/2019,"United States, Canada",ES_1130188_2020_02212019082007_9935448
2333820,Asia Connection LLC,Blue Torrent,Cyclone Series,2030,,In-Ground (Self-Priming) Pool Filter Pump,Variable-speed,7.5,28,5.87,31.1,7.93,1130,113.9,,,,,,,,,,,,,,,,Electronically-commutated Motor,1.37,3,No,,No,,,,,07/21/2018,02/19/2019,"United States, Canada",ES_1130188_2030_02212019082007_8299246
2333821,Asia Connection LLC,Blue Torrent,Typhoon,AC IMP15VS,,In-Ground (Self-Priming) Pool Filter Pump,Variable-speed,8.5,54,5.51,25.1,5.17,1200,98.4,,,,,,,,,,,,,,,,Electronically-commutated Motor,0.65,1.5,No,,No,,,,,07/21/2018,02/19/2019,"United States, Canada",ES_1130188_AC IMP15VS_02212019082007_8299246
2333822,Asia Connection LLC,Blue Torrent,Typhoon,AC PSP15VS,,In-Ground (Self-Priming) Pool Filter Pump,Variable-speed,9.4,28,7.35,25.19,5.93,1200,86.8,,,,,,,,,,,,,,,,Electronically-commutated Motor,0.72,1.5,No,,No,,,,,07/21/2018,02/19/2019,"United States, Canada",ES_1130188_AC PSP15VS_02212019082007_8299246
2333961,Fluidra,Viron,XT P320,5393501,,In-Ground (Self-Priming) Pool Filter Pump,Variable-speed,10.3,86,5.55,24.7,5.06,1175,81.2,,,,,,,,,,,,,,,,Electronically-commutated Motor,0.63,1.88,No,,No,,,,,02/01/2018,02/05/2019,"United States, Canada",ES_1129581_5393501_02262019165310_7043471
2333962,Fluidra,Viron,XT P580,5393601,,In-Ground (Self-Priming) Pool Filter Pump,Variable-speed,7.4,22,6.08,31.1,8.17,1300,136.5,,,,,,,,,,,,,,,,Electronically-commutated Motor,1.25,2.5,No,,No,,,,,02/01/2018,02/05/2019,"United States, Canada",ES_1129581_5393601_02262019165310_7043471
2334909,Fluidra,Canada Viron,eVo P280,5397601,,In-Ground (Self-Priming) Pool Filter Pump,Variable-speed,10.38,87,5.55,24.7,5.06,1175,81.2,,,,,,,,,,,,,,,,Electronically-commutated Motor,0.63,1.88,No,,No,,,,,02/01/2018,03/15/2019,"United States, Canada",ES_1129581_5397601_03182019164854_2117206
2334910,Fluidra,Canada Viron,eVo P300,5397701,,In-Ground (Self-Priming) Pool Filter Pump,Variable-speed,10.38,87,5.55,24.7,5.06,1175,81.2,,,,,,,,,,,,,,,,Electronically-commutated Motor,0.63,1.88,No,,No,,,,,02/01/2018,03/15/2019,"United States, Canada",ES_1129581_5397701_03182019164854_5705256
2334911,Fluidra,Canada Viron,XT P600,5393701,,In-Ground (Self-Priming) Pool Filter Pump,Variable-speed,7.43,22,6.08,31.1,8.17,1300,136.5,,,,,,,,,,,,,,,,Electronically-commutated Motor,1.25,2.5,No,,No,,,,,02/01/2018,03/15/2019,"United States, Canada",ES_1129581_5393701_03182019164854_5705256
2334912,Fluidra,Viron,eVo P600,53978,,In-Ground (Self-Priming) Pool Filter Pump,Variable-speed,7.43,22,6.08,31.1,8.17,1300,136.5,,,,,,,,,,,,,,,,Electronically-commutated Motor,1.25,2.5,No,,No,,,,,02/01/2018,03/15/2019,"United States, Canada",ES_1129581_53978_03182019164854_5705256
2334913,Fluidra,Canada Viron,eVo P600,5397801,,In-Ground (Self-Priming) Pool Filter Pump,Variable-speed,7.43,22,6.08,31.1,8.17,1300,136.5,,,,,,,,,,,,,,,,Electronically-commutated Motor,1.25,2.5,No,,No,,,,,02/01/2018,03/15/2019,"United States, Canada",ES_1129581_5397801_03182019164854_5705256
2334914,Fluidra,Viron,eVo P580,53979,,In-Ground (Self-Priming) Pool Filter Pump,Variable-speed,7.43,22,6.08,31.1,8.17,1300,136.5,,,,,,,,,,,,,,,,Electronically-commutated Motor,1.25,2.5,No,,No,,,,,02/01/2018,03/15/2019,"United States, Canada",ES_1129581_53979_03182019164854_5705256
2334915,Fluidra,Canada Viron,eVo P580,5397901,,In-Ground (Self-Priming) Pool Filter Pump,Variable-speed,7.43,22,6.08,31.1,8.17,1300,136.5,,,,,,,,,,,,,,,,Electronically-commutated Motor,1.25,2.5,No,,No,,,,,02/01/2018,03/15/2019,"United States, Canada",ES_1129581_5397901_03182019164854_5705256
2334916,Fluidra,Jacuzzi,J-VSP250,53711,,In-Ground (Self-Priming) Pool Filter Pump,Variable-speed,7.43,22,6.08,31.1,8.17,1300,136.5,,,,,,,,,,,,,,,,Electronically-commutated Motor,1.25,2.5,No,,No,,,,,02/01/2018,03/15/2019,"United States, Canada",ES_1129581_53711_03182019164854_5705256
2334917,Fluidra,Jacuzzi,JVX 300,53713,,In-Ground (Self-Priming) Pool Filter Pump,Variable-speed,7.43,22,6.08,31.1,8.17,1300,136.5,,,,,,,,,,,,,,,,Electronically-commutated Motor,1.25,2.5,No,,No,,,,,02/01/2018,03/15/2019,"United States, Canada",ES_1129581_53713_03182019164854_5705256
2335473,Hayward Industries Inc.,Hayward,Booster Pump,6060,,Pressure Cleaner Booster Pump,Single-speed,0.597,33,0.45,10.05,89.86,3524.0,830.6,,,,,,,,,,,,,,,,Capacitor Start - Induction Run,0.228,1.25,No,1,No,,,,,05/28/2009,03/29/2019,"United States, Canada",ES_1122275_6060_03292019180520_2720510
2335474,Hayward Industries Inc.,Hayward,Booster Pump 300,HSP30060,,Pressure Cleaner Booster Pump,Single-speed,0.635,41,0.45,9.95,86.86,3496.0,936.27,,,,,,,,,,,,,,,,Permanent Split-capacitor Motor,0.218,1.25,No,1,No,,,,,07/13/2017,03/29/2019,"United States, Canada",ES_1122275_HSP30060_03292019180558_2758963
2335485,Zodiac Pool Systems,Jandy,VSPLUSHP,VSPHP270AUT,,In-Ground (Self-Priming) Pool Filter Pump,Variable-speed,7.051,29,5.46,31.36,7.91,1159.0,134.72,73.97,2758,44.65,1158.08,,68.2,1944.48,,92.11,2195.87,,40.6,1587.7,,5,Electronically-commutated Motor,1.631,2.7,Yes,,No,,,,,03/01/2015,03/31/2019,"United States, Canada",ES_1122278_VSPHP270AUT_03312019173703_3823990
2335486,Zodiac Pool Systems,Jandy,VSPLUSHP,VSPHP270JEP,,In-Ground (Self-Priming) Pool Filter Pump,Variable-speed,7.051,29,5.46,31.36,7.91,1159.0,134.72,73.97,2758,44.65,1158.08,,68.2,1944.48,,92.11,2195.87,,40.6,1587.7,,5,Electronically-commutated Motor,1.631,2.7,Yes,,No,,,,,03/01/2015,03/31/2019,"United States, Canada",ES_1122278_VSPHP270JEP_03312019172544_3144083
2335487,Zodiac Pool Systems,Jandy,Epump,JEP2.0SVRS,,In-Ground (Self-Priming) Pool Filter Pump,Variable-speed,7.168,32,5.41,31.16,8.12,1158.0,129.39,74.41,2757,45.5,1148.54,,68.67,1929.66,,93.26,2177.97,,41,1539.87,,4,Electronically-commutated Motor,1.67,2.7,Yes,,No,,,,,03/01/2019,03/31/2019,"United States, Canada",ES_1122278_JEP2.0SVRS_03312019175406_4846677
2335488,Zodiac Pool Systems,Jandy,FloPro,FHPM1.0-2,,In-Ground (Self-Priming) Pool Filter Pump,Two-speed,5.608,2.7,5.46,34.37,9.74,1752.0,261.81,68.86,3543,39,1160.21,,53.84,1120.63,,68.86,1160.21,,33.84,1010.9,,,Permanent Split-capacitor Motor,0.678,1,No,,No,,,,,03/01/2019,03/31/2019,"United States, Canada",ES_1122278_FHPM1.0-2_03312019175759_5079212
2335489,Zodiac Pool Systems,POLARIS,Polaris Booster Pump,PB4SQ,,Pressure Cleaner Booster Pump,Single-speed,0.652,45,0.45,10.03,114.13,3416.0,922.6,,,,,,,,,,,,,,,,Permanent Split-capacitor Motor,0.289,0.97,No,,No,,,,,03/01/2017,03/31/2019,"United States, Canada",ES_1122278_PB4SQ_03312019180331_5411313
2335490,Zodiac Pool Systems,POLARIS,Polaris Pressure Cleaner Booster Pump,PB4-60,,Pressure Cleaner Booster Pump,Single-speed,0.471,4.7,0.45,10.03,117.88,3356.0,1276.89,,,,,,,,,,,,,,,,Permanent Split-capacitor Motor,0.299,0.75,No,,No,,,,,03/01/2017,03/31/2019,"United States, Canada",ES_1122278_PB4-60_03312019180839_5719940
2335550,Zodiac Pool Systems,Zodiac Pool Systems LLC,VSFHP165JEP,VSFHP165JEP,",VSFHP165AUT,",In-Ground (Self-Priming) Pool Filter Pump,Variable-speed,9.118,37,6.64,31.3,7.93,1380,116.1,63.5,2760,32.22,769.4,,59.1,1338,,77.9,1425,,36.3,1175,,,Capacitor Start - Capacitor Run,0.98,1.65,Yes,1,No,,,,,03/22/2019,04/01/2019,"United States, Canada",ES_1122278_VSFHP165JEP_03222019160013_1077386
2335554,Zodiac Pool Systems,Zodiac Pool Systems LLC,VSFHP270JEP,VSFHP270JEP,",VSFHP270AUT,",In-Ground (Self-Priming) Pool Filter Pump,Variable-speed,6.955,23,5.67,31.1,7.91,1140,141.3,71.6,2740,42.3,1125.6,,67,1949,,89.5,2129,,40.5,1679,,,Capacitor Start - Capacitor Run,1.49,2.7,Yes,1,No,,,,,03/22/2019,04/01/2019,"United States, Canada",ES_1122278_VSFHP270JEP_03222019160831_3096887
2335557,Zodiac Pool Systems,Zodiac Pool Systems LLC,VSSHP220AUT,VSSHP220AUT,,In-Ground (Self-Priming) Pool Filter Pump,Variable-speed,7.509,35,5.57,31.3,7.86,1160,125.1,72.8,2760,43.39,1081.4,,66.9,1783,,91,2002,,39.7,1452,,,Capacitor Start - Capacitor Run,1.56,2.21,Yes,1,No,,,,,03/22/2019,04/01/2019,"United States, Canada",ES_1122278_VSSHP220AUT_03222019160413_5430414
2335558,Zodiac Pool Systems,Zodiac Pool Systems LLC,VSFHP270DV2A,VSFHP270DV2A,",VSFHP270DV0A,",In-Ground (Self-Priming) Pool Filter Pump,Variable-speed,7.031,29,5.44,30.5,7.98,1160,121.2,72.9,2780,45.53,1189.8,,68.6,1897,,92.8,2120,,40.9,1555,,,Capacitor Start - Capacitor Run,1.65,2.7,Yes,1,No,,,,,03/22/2019,04/01/2019,"United States, Canada",ES_1122278_VSFHP270DV2A_03222019155346_8055383
2335559,Zodiac Pool Systems,Zodiac Pool Systems LLC,VSPHP270DV2A,VSPHP270DV2A,",VSPHP270DV0A,",In-Ground (Self-Priming) Pool Filter Pump,Variable-speed,7.189,30,5.51,31.25,7.99,1150,131.3,75.5,2760,43.31,1118.8,,68.9,1925,,93,2155,,41.1,1572,,,Capacitor Start - Capacitor Run,1.6,2.7,Yes,1,No,,,,,03/22/2019,04/01/2019,"United States, Canada",ES_1122278_VSPHP270DV2A_03222019154750_8218957
2335560,Zodiac Pool Systems,Zodiac Pool Systems LLC,VSSHP220DV2A,VSSHP220DV2A,",VSSHP220DV0A,",In-Ground (Self-Priming) Pool Filter Pump,Variable-speed,6.708,19,5.64,29.6,7.81,7.81,168.7,32.4,2760,42.02,1024.5,,67,1949,,89.5,2129,,40.5,1679,,,Capacitor Start - Capacitor Run,1.51,2.7,Yes,1,No,,,,,03/22/2019,04/01/2019,"United States, Canada",ES_1122278_VSSHP220DV2A_03222019154007_6523401
2335561,Zodiac Pool Systems,Zodiac Pool Systems LLC,VSSHP270DV2A,VSSHP270DV2A,",VSSHP270DV0A,",In-Ground (Self-Priming) Pool Filter Pump,Variable-speed,7.507,38,5.44,31,7.95,1180,121.8,74.2,2760,44.28,1096.8,,68.6,1897,,92.8,2120,,40.9,1555,,,Capacitor Start - Capacitor Run,1.65,2.7,Yes,1,No,,,,,03/22/2019,04/01/2019,"United States, Canada",ES_1122278_VSSHP270DV2A_03222019154500_2508966
2336028,Zodiac Pool Systems,Jandy,VSSHP270AUT,VSSHP270AUT,,In-Ground (Self-Priming) Pool Filter Pump,Variable-speed,7.002,31,5.36,31.2,7.89,1170,129.6,75.1,2800,45.73,1194.3,,69.3,1902,,93.8,2135,,41.1,1542,,,Capacitor Start - Capacitor Run,1.71,2.7,Yes,1,No,,,,,03/22/2019,04/03/2019,"United States, Canada",ES_1122278_VSSHP270AUT_03222019161140_6165429
