ENERGY STAR Unique ID,Brand Name,Model Number,Additional Model Information,Type,Defrost Type,Compact,Built-in,Thru the Door Dispenser,Ice Maker,Capacity (Total Volume) (ft3),Adjusted Volume (ft3),Annual Energy Use (kWh/yr),US Federal Standard (kWh/yr),Percent Less Energy Use than US Federal Standard,Connected Functionality,Date Available On Market,Date Certified,Markets,CB Model Identifier
2220169,Equator,FR 502-650 W,,Upright Freezer,Automatic,No,No,No,No,13.8,24.3,391,438,11,No,09/24/2014,08/06/2014,"United States, Canada",ES_0040188_FR 502-650 W_08292014121414_70009788
2275448,EuroDesign,EDV064S,,Upright Freezer,Manual,Yes,No,No,No,6.3,11.1,289,322,10,No,08/15/2016,08/16/2016,Canada,ES_1125680_EDV064S_08172016035134_5894744
2216934,Fisher & Paykel,RB36S,,Upright Freezer,Automatic,Yes,No,No,No,3.7,6.5,300,418,28,No,08/14/2014,07/14/2014,"United States, Canada",ES_31708_RB36S_08012014195535_2935368
2320354,Fisher & Paykel,RS18F,,Upright Freezer,Automatic,No,Yes,Yes,Yes,7.8,13.7,415,480,15,No,07/01/2018,05/23/2018,"United States, Canada",ES_31708_RS1884FLJ1_05232018153043_9443195
2320365,Fisher & Paykel,RS24F,,Upright Freezer,Automatic,No,Yes,Yes,Yes,11.9,20.9,440,551,22,No,07/01/2018,05/23/2018,"United States, Canada",ES_31708_RS2484FRJ1_05232018154722_0442046
2320386,Fisher & Paykel,RS30F,,Upright Freezer,Automatic,No,Yes,Yes,Yes,15.6,27.5,491,616,22,No,07/01/2018,05/23/2018,"United States, Canada",ES_31708_RS3084FLJ1_05232018173646_7006338
2266698,Frigidaire,BKFH17F1SW*,,Upright Freezer,Automatic,No,No,No,No,16.6,29.3,431,481,10,No,05/09/2016,05/09/2016,"United States, Canada",ES_1021080_BKFH17F1SW*_05132016041445_70077657
2242001,Frigidaire,CFFH17F1RW*,,Upright Freezer,Automatic,No,No,No,No,16.6,29.3,431,481,10,No,06/22/2015,06/17/2015,"United States, Canada",ES_1021080_CFFH17F1RW*_06222015061714_70036140
2244473,Frigidaire,CFFH17F1RW*,,Upright Freezer,Automatic,No,No,No,No,16.6,29.3,431,481,10,No,06/29/2015,06/17/2015,"United States, Canada",ES_1021080_CFFH17F1RW*_07262015035412_70040185
2304848,Frigidaire,CFFH17F1TW0,,Upright Freezer,Automatic,No,No,No,No,16.6,29.3,431,481,10,No,10/16/2017,10/06/2017,"United States, Canada",ES_1021080_CFFH17F1TW0_10112017032824_70158493
2234547,Frigidaire,FFFH17F1RW*,,Upright Freezer,Automatic,No,No,No,No,16.6,29.3,431,481,10,No,03/02/2015,03/04/2015,"United States, Canada",ES_1021080_FFFH17F1RW*_03112015072806_70025812
2220962,Frigidaire,FFFH17F2QW*,,Upright Freezer,Automatic,No,No,No,No,16.6,29.3,431,481,10,No,09/08/2014,09/25/2014,"United States, Canada",ES_1021080_FFFH17F2QW*10012014013337_70012088
2220961,Frigidaire,FFFH17F4QT*,,Upright Freezer,Automatic,No,No,No,No,16.6,29.3,431,481,10,No,09/08/2014,09/25/2014,"United States, Canada",ES_1021080_FFFH17F4QT*10012014013337_70012088
2220973,Frigidaire,FFFH17F4QW*,,Upright Freezer,Automatic,No,No,No,No,16.6,29.3,431,481,10,No,09/08/2014,09/25/2014,"United States, Canada",ES_1021080_FFFH17F4QW*10012014013337_70012088
2220966,Frigidaire,FFFH20F2QW*,,Upright Freezer,Automatic,No,No,No,No,20.2,35.6,480,535,10,No,09/08/2014,09/25/2014,"United States, Canada",ES_1021080_FFFH20F2QW*10012014013337_70012088
2316193,Frigidaire,FFFH20F2QWE,,Upright Freezer,Automatic,No,No,No,No,20.2,35.6,480,535,10,No,03/19/2018,03/26/2018,"United States, Canada",ES_1021080_FFFH20F2QWE_03292018020135_70178247
2220980,Frigidaire,FFFH21F4QT*,,Upright Freezer,Automatic,No,No,No,No,20.5,36.1,484,539,10,No,09/08/2014,09/25/2014,"United States, Canada",ES_1021080_FFFH21F4QT*10012014013337_70012088
2316196,Frigidaire,FFFH21F4QTB,,Upright Freezer,Automatic,No,No,No,No,20.5,36.1,484,539,10,No,03/19/2018,03/26/2018,"United States, Canada",ES_1021080_FFFH21F4QTB_03292018020135_70178247
2220979,Frigidaire,FFFH21F4QW*,,Upright Freezer,Automatic,No,No,No,No,20.5,36.1,484,539,10,No,09/08/2014,09/25/2014,"United States, Canada",ES_1021080_FFFH21F4QW*10012014013337_70012088
2316191,Frigidaire,FFFH21F4QW1,,Upright Freezer,Automatic,No,No,No,No,20.5,36.1,484,539,10,No,03/19/2018,03/26/2018,"United States, Canada",ES_1021080_FFFH21F4QW1_03292018020135_70178247
2220967,Frigidaire,FFFH21F6QW*,,Upright Freezer,Automatic,No,No,No,No,20.5,36.1,484,539,10,No,09/08/2014,09/25/2014,"United States, Canada",ES_1021080_FFFH21F6QW*10012014013337_70012088
2220974,Frigidaire,LFFH17F3QW*,,Upright Freezer,Automatic,No,No,No,No,16.6,29.3,431,481,10,No,09/08/2014,09/25/2014,"United States, Canada",ES_1021080_LFFH17F3QW*10012014013337_70012088
2220993,Frigidaire,LFFH20F3QM*,,Upright Freezer,Automatic,No,No,No,No,20.2,35.6,480,535,10,No,09/08/2014,09/25/2014,"United States, Canada",ES_1021080_LFFH20F3QM*10012014013337_70012088
2316192,Frigidaire,LFFH20F3QM1,,Upright Freezer,Automatic,No,No,No,No,20.2,35.6,480,535,10,No,03/19/2018,03/26/2018,"United States, Canada",ES_1021080_LFFH20F3QM1_03292018020135_70178247
2220992,Frigidaire,LFFH20F3QW*,,Upright Freezer,Automatic,No,No,No,No,20.2,35.6,480,535,10,No,09/08/2014,09/25/2014,"United States, Canada",ES_1021080_LFFH20F3QW*_10012014013338_70012088
2316194,Frigidaire,LFFH20F3QWF,,Upright Freezer,Automatic,No,No,No,No,20.2,35.6,480,535,10,No,03/19/2018,03/26/2018,"United States, Canada",ES_1021080_LFFH20F3QWF_03292018020135_70178247
2219312,Gaggenau,RF411701,,Upright Freezer,Automatic,No,Yes,Yes,Yes,8.6,15.2,443,495,12,No,10/15/2014,09/10/2014,"United States, Canada",ES_0031649_RF411701_06182014123847_2737291
2303322,Gaggenau,RF411704,",,Network Communication",Upright Freezer,Automatic,No,Yes,Yes,Yes,8.6,15.1,418,494,17,No,09/01/2017,03/06/2017,"United States, Canada",ES_0031649_RF411704_03082017044344_70122368
2219310,Gaggenau,RF461701,,Upright Freezer,Automatic,No,Yes,Yes,Yes,12.2,21.5,472,557,17,No,10/15/2014,09/10/2014,"United States, Canada",ES_0031649_RF461701_06182014123847_2737291
2303324,Gaggenau,RF461704,",,Network Communication",Upright Freezer,Automatic,No,Yes,Yes,Yes,12.2,21.4,443,556,22,No,09/01/2017,03/06/2017,"United States, Canada",ES_0031649_RF461704_03082017044344_70122368
2233415,Gaggenau,RF463702,",,Reverse Door",Upright Freezer,Automatic,No,Yes,Yes,Yes,11.3,19.9,494,541,10,No,09/15/2014,08/11/2014,"United States, Canada",ES_0031649_RF463702_08082014030531_2752705
2233416,Gaggenau,RF463703,",,Reverse Door",Upright Freezer,Automatic,No,Yes,Yes,Yes,11.3,19.9,494,541,10,No,09/15/2014,08/11/2014,"United States, Canada",ES_0031649_RF463703_08082014030531_2752705
2237333,Gaggenau,RF463703TW,,Upright Freezer,Automatic,No,Yes,Yes,Yes,11.3,19.9,494,541,10,No,11/15/2015,04/01/2015,"United States, Canada",ES_0031649_RF463703TW_03262015042706_70026997
2303332,Gaggenau,RF463704,",,Network Communication",Upright Freezer,Automatic,No,Yes,Yes,Yes,11.2,19.8,457,540,17,No,09/01/2017,03/06/2017,"United States, Canada",ES_0031649_RF463704_03082017044344_70122368
2303333,Gaggenau,RF463705,",,Reverse Door, Network Communication",Upright Freezer,Automatic,No,Yes,Yes,Yes,11.2,19.8,457,540,17,No,09/01/2017,03/06/2017,"United States, Canada",ES_0031649_RF463705_03082017044344_70122368
2219308,Gaggenau,RF471701,,Upright Freezer,Automatic,No,Yes,Yes,Yes,15.8,27.8,564,619,10,No,10/15/2014,09/10/2014,"United States, Canada",ES_0031649_RF471701_06182014123847_2737291
2303325,Gaggenau,RF471704,",,Network Communication",Upright Freezer,Automatic,No,Yes,Yes,Yes,15.8,27.8,493,619,22,No,09/01/2017,03/06/2017,"United States, Canada",ES_0031649_RF471704_03082017044344_70122368
2303327,Gaggenau,RF491704,",,Network Communication",Upright Freezer,Automatic,No,Yes,Yes,Yes,19.4,34.2,543,682,22,No,09/01/2017,03/06/2017,"United States, Canada",ES_0031649_RF491704_03082017044344_70122368
2220964,Gallery,FGVU17F8QT*,,Upright Freezer,Automatic,No,No,No,No,16.6,29.3,431,481,10,No,09/08/2014,09/25/2014,"United States, Canada",ES_1021080_FGVU17F8QT*10012014013337_70012088
2220968,Gallery,FGVU21F8QF*,,Upright Freezer,Automatic,No,No,No,No,20.5,36.1,484,539,10,No,09/08/2014,09/25/2014,"United States, Canada",ES_1021080_FGVU21F8QF*10012014013337_70012088
2220969,Gallery,FGVU21F8QT*,,Upright Freezer,Automatic,No,No,No,No,20.5,36.1,484,539,10,No,09/08/2014,09/25/2014,"United States, Canada",ES_1021080_FGVU21F8QT*10012014013337_70012088
2215216,GE,FCM11PH****,,Chest Freezer,Manual,No,No,No,No,10.6,18.7,218,244,11,No,08/04/2014,06/23/2014,"United States, Canada",ES_1123206_FCM11PH****_06232014030230_2739746
2296149,GE,FCM16DL****,,Chest Freezer,Manual,No,No,No,No,15.7,27.6,277,309,10,No,06/20/2017,05/12/2017,"United States, Canada",ES_1123206_FCM16DL****_05152017122546_70137740
2296150,GE,FCM22DL****,,Chest Freezer,Manual,No,No,No,No,21.7,38.1,346,386,10,No,06/20/2017,05/12/2017,"United States, Canada",ES_1123206_FCM22DL****_05152017122546_70137740
2287820,GE,FUF14DL****,,Upright Freezer,Automatic,No,No,No,No,14.1,24.8,397,442,10,No,04/01/2017,01/05/2017,"United States, Canada",ES_1123206_FUF14DL****_01052017122505_70116313
2287821,GE,FUF17DL****,,Upright Freezer,Automatic,No,No,No,No,17.3,30.4,441,490,10,No,04/01/2017,01/05/2017,"United States, Canada",ES_1123206_FUF17DL****_01052017122505_70116313
2287822,GE,FUF21DL****,,Upright Freezer,Automatic,No,No,No,No,21.3,37.5,495,552,10,No,04/01/2017,01/05/2017,"United States, Canada",ES_1123206_FUF21DL****_01052017122505_70116313
2261069,Gorenje,ZOF2862E,,Upright Freezer,Automatic,No,No,No,No,15.1,15.1,323,358,10,No,02/01/2016,10/24/2016,"United States, Canada",ES_1123023_ZOF2862E_02292016180304_8984231
2310849,Hisense,FC-26DD1SHA,",FC70D6*WE,; ,FE703,; ,HCS70138WW00,",Chest Freezer,Manual,Yes,No,No,No,6.9,12.1,223,249,10,No,02/07/2018,02/11/2018,United States,ES_1110877_FC-26DD1SHA_02072018155113_8287317
2318576,Hisense,FC34D6AWE,",HCF03EE8****,",Chest Freezer,Manual,Yes,No,No,No,3.4,5.9,172,191,10,No,03/29/2018,04/17/2018,United States,ES_1110877_FC34D6AWE_04162018134417_3754693
2318407,Hisense,FC50D6AWE,",HCF05EE8****,",Chest Freezer,Manual,Yes,No,No,No,4.9,8.7,195,217,10,No,03/29/2018,04/11/2018,United States,ES_1110877_FC50D6AWE_03292018162402_776178
2318406,Hisense,FC70D6AWE,",HCF07EE8****,",Chest Freezer,Manual,Yes,No,No,No,6.9,12.1,223,249,10,No,03/29/2018,04/11/2018,United States,ES_1110877_FC70D6AWE_03292018163013_4502069
2263988,Hisense,FC72D6BWE,,Chest Freezer,Manual,Yes,No,No,No,7.2,12.7,228,254,10,No,06/01/2016,04/12/2016,United States,ES_1110877_FC72D6BWE_04072016142538_4909326
2334229,Insignia,NS-UZ14***,,Upright Freezer,Automatic,No,No,No,No,13.8,24.3,394,438,10,No,03/05/2019,03/06/2019,"United States, Canada",ES_1059185_NS-UZ14***_03062019083854_1534310
2329489,Insignia,NS-UZ14******,,Upright Freezer,Automatic,No,No,No,No,13.8,24.3,391,438,11,No,11/06/2018,11/12/2018,"United States, Canada",ES_1059185_NS-UZ14******_11122018074234_8554863
2334230,Insignia,NS-UZ14SS0,,Upright Freezer,Automatic,No,No,No,No,13.8,24.3,394,438,10,No,03/05/2019,03/06/2019,"United States, Canada",ES_1059185_NS-UZ14SS0_03062019083823_1503279
2334231,Insignia,NS-UZ14WH0,,Upright Freezer,Automatic,No,No,No,No,13.8,24.3,394,438,10,No,03/05/2019,03/06/2019,"United States, Canada",ES_1059185_NS-UZ14WH0_03062019083807_1487890
2294595,Insignia,NS-UZ14XSS8,,Upright Freezer,Automatic,No,No,No,No,13.8,24.3,394,438,10,No,04/15/2017,04/19/2017,"United States, Canada",ES_1059185_NS-UZ14XSS8_04202017082446_6686076
2275214,Insignia,NS-UZ14XWH7,,Upright Freezer,Automatic,No,No,No,No,13.8,24.3,391,438,11,No,08/10/2016,08/12/2016,"United States, Canada",ES_1059185_NS-UZ14XWH7_08152016033914_2354756
2329490,Insignia,NS-UZ14XWH7-C,,Upright Freezer,Automatic,No,No,No,No,13.8,24.3,391,438,11,No,11/06/2018,11/12/2018,"United States, Canada",ES_1059185_NS-UZ14XWH7-C_11122018074226_8546701
2334232,Insignia,NS-UZ17***,,Upright Freezer,Automatic,No,No,No,No,17,29.9,438,486,10,No,03/05/2019,03/06/2019,"United States, Canada",ES_1059185_NS-UZ17***_03062019084639_1999132
2329487,Insignia,NS-UZ17******,,Upright Freezer,Automatic,No,No,No,No,17,29.9,438,486,10,No,11/06/2018,11/12/2018,"United States, Canada",ES_1059185_NS-UZ17******_11122018071237_6757579
2334233,Insignia,NS-UZ17SS0,,Upright Freezer,Automatic,No,No,No,No,17,29.9,438,486,10,No,03/05/2019,03/06/2019,"United States, Canada",ES_1059185_NS-UZ17SS0_03062019084618_1978344
2334234,Insignia,NS-UZ17WH0,,Upright Freezer,Automatic,No,No,No,No,17,29.9,438,486,10,No,03/05/2019,03/06/2019,"United States, Canada",ES_1059185_NS-UZ17WH0_03062019084603_1963432
2303795,Insignia,NS-UZ17XSS9,,Upright Freezer,Automatic,No,No,No,No,17,29.6,438,483,9,No,09/15/2017,09/20/2017,"United States, Canada",ES_1059185_NS-UZ17XSS9_09202017070115_0875549
2284265,Insignia,NS-UZ17XWH7,,Upright Freezer,Automatic,No,No,No,No,17,29.9,438,486,10,No,11/15/2016,11/16/2016,"United States, Canada",ES_1059185_NS-UZ17XWH7_11172016071628_6988598
2329488,Insignia,NS-UZ17XWH7-C,,Upright Freezer,Automatic,No,No,No,No,17,29.9,438,486,10,No,11/06/2018,11/12/2018,"United States, Canada",ES_1059185_NS-UZ17XWH7-C_11122018071229_6749364
2334227,Insignia,NS-UZ21***,,Upright Freezer,Automatic,No,No,No,No,21,37,492,547,10,No,03/05/2019,03/06/2019,"United States, Canada",ES_1059185_NS-UZ21***_03062019072311_6991368
2334228,Insignia,NS-UZ21WH0,,Upright Freezer,Automatic,No,No,No,No,21,37,492,547,10,No,03/05/2019,03/06/2019,"United States, Canada",ES_1059185_NS-UZ21WH0_03062019072240_6960521
2284264,Insignia,NS-UZ21XWH7,,Upright Freezer,Automatic,No,No,No,No,21,37,492,547,10,No,11/15/2016,11/16/2016,"United States, Canada",ES_1059185_NS-UZ21XWH7_11172016071640_7000543
2318906,Jenn-Air,JBZF*18IGX**,,Upright Freezer,Automatic,No,Yes,Yes,Yes,8.9,15.8,459,501,10,No,05/02/2018,04/25/2018,"United States, Canada",ES_0022856_JBZF*18IGX**_04262018014203_70182435
2318907,Jenn-Air,JBZF*24IGX**,,Upright Freezer,Automatic,No,Yes,Yes,Yes,13,23,523,572,10,No,05/02/2018,04/25/2018,"United States, Canada",ES_0022856_JBZF*24IGX**_04262018014203_70182435
2318908,Jenn-Air,JBZF*30IGX**,,Upright Freezer,Automatic,No,Yes,Yes,Yes,17.2,30.3,588,644,10,No,05/02/2018,04/25/2018,"United States, Canada",ES_0022856_JBZF*30IGX**_04262018014203_70182435
2220985,Kenmore,253.22042*,,Upright Freezer,Automatic,No,No,No,No,20.2,35.6,480,535,10,No,09/08/2014,09/25/2014,"United States, Canada",ES_1021080_253.22042*10012014013337_70012088
2316197,Kenmore,253.22042411,,Upright Freezer,Automatic,No,No,No,No,20.2,35.6,480,535,10,No,03/19/2018,03/26/2018,"United States, Canada",ES_15649_253.22042411_03292018020135_70178247
2220984,Kenmore,253.22742*,,Upright Freezer,Automatic,No,No,No,No,16.6,29.3,431,481,10,No,09/08/2014,09/25/2014,"United States, Canada",ES_1021080_253.22742*10012014013337_70012088
2220986,Kenmore,253.27002*,,Upright Freezer,Automatic,No,No,No,No,20.5,36.1,484,539,10,No,09/08/2014,09/25/2014,"United States, Canada",ES_1021080_253.27002*10012014013337_70012088
2220987,Kenmore,253.27003*,,Upright Freezer,Automatic,No,No,No,No,20.5,36.1,484,539,10,No,09/08/2014,09/25/2014,"United States, Canada",ES_1021080_253.27003*10012014013337_70012088
2220988,Kenmore,253.27009*,,Upright Freezer,Automatic,No,No,No,No,20.5,36.1,484,539,10,No,09/08/2014,09/25/2014,"United States, Canada",ES_1021080_253.27009*10012014013337_70012088
2285551,KOOLATRON,KTUF88,,Upright Freezer,Manual,Yes,No,No,No,3,5.3,240,272,12,No,11/20/2016,12/06/2016,Canada,ES_1137414_KTUF88_12062016121522_6522285
2222447,Liebherr,HF 861,,Upright Freezer,Automatic,No,Yes,Yes,Yes,7.8,13.7,439,480,10,No,10/06/2014,09/22/2014,"United States, Canada",ES_1017655_HF 861_10022014105208_2767851
2330834,Liebherr,MF1851,,Upright Freezer,Automatic,No,Yes,Yes,Yes,7.8,13.7,412,480,16,No,11/01/2018,10/05/2018,"United States, Canada",ES_1017655_MF1851_12052018035621_70208456
2330835,Liebherr,MF2451,,Upright Freezer,Automatic,No,Yes,Yes,Yes,11.5,20.2,438,544,21,No,11/01/2018,10/05/2018,"United States, Canada",ES_1017655_MF2451_12052018035621_70208456
2321535,Liebherr,UF501,,Upright Freezer,Automatic,Yes,No,No,No,2.8,4.9,302,402,25,No,05/15/2018,06/20/2018,"United States, Canada",ES_1017655_UF501_06212018020527_70188344
2318763,Magic Chef,HMUF6WE,,Upright Freezer,Manual,Yes,No,No,No,5.8,10.3,281,315,11,No,04/20/2018,04/23/2018,"United States, Canada",ES_1107227_HMUF6WE_04192018143134_8711969
2269783,Marathon,MCF35W,",MCF35BL,; ,MCF35BLS,",Chest Freezer,Manual,Yes,No,No,No,3.5,6.1,172,193,11,No,06/10/2016,06/15/2016,Canada,ES_1137295_MCF35W_06122016113245_989343
2300586,Marathon,MCF35W-1,,Chest Freezer,Manual,Yes,No,No,No,3.5,6.2,172,194,11,No,07/14/2017,07/13/2017,"United States, Canada",ES_1137295_MCF35W-1_07262017114236_9356713
2301188,Marathon,MCF50W,,Chest Freezer,Manual,Yes,No,No,No,5.1,9,196,220,11,No,07/14/2017,07/13/2017,"United States, Canada",ES_1137295_MCF50W_07262017115324_0004277
2269356,Marathon,MCF51W,",MCF51BL,; ,MCF51BLS,",Chest Freezer,Manual,Yes,No,No,No,5,8.9,195,219,11,No,06/10/2016,06/06/2016,Canada,ES_1137295_MCF51W_06022016151006_2567407
2300589,Marathon,MCF70GRD,,Chest Freezer,Manual,Yes,No,No,No,7,12.3,224,251,11,No,07/14/2017,07/13/2017,"United States, Canada",ES_1137295_MCF70GRD_07262017115022_9822185
2300590,Marathon,MCF70W,,Chest Freezer,Manual,Yes,No,No,No,7,12.3,224,251,11,No,07/14/2017,07/13/2017,"United States, Canada",ES_1137295_MCF70W_07262017115033_9833642
2271907,Marathon,MCF71W,",MCF71BLS,",Chest Freezer,Manual,Yes,No,No,No,7,12.4,224,252,11,No,07/05/2016,07/06/2016,Canada,ES_1137295_MCF71W_07052016165103_7388574
2269043,Marathon,MUF65W,"Freezers,MUF65BLS,",Upright Freezer,Manual,Yes,No,No,No,6.3,11.1,289,322,10,No,05/15/2016,06/06/2016,Canada,ES_1137295_MUF65W_06062016024820_1300857
2262210,Marvel,ML24FAP***,,Upright Freezer,Automatic,Yes,No,No,No,4.6,8,351,433,19,No,02/16/2016,03/02/2016,"United States, Canada",ES_1100125_ML24FAP***03102016055320_70065799
2262209,Marvel,ML24FAS***,,Upright Freezer,Automatic,Yes,No,No,No,4.7,8.3,305,436,30,No,02/16/2016,03/02/2016,"United States, Canada",ES_1100125_ML24FAS***03102016055320_70065799
2272221,Marvel,MO24FAS***,,Upright Freezer,Automatic,Yes,No,No,No,4.7,8.3,324,436,26,No,06/30/2016,06/30/2016,"United States, Canada",ES_1100125_MO24FAS***_07122016045316_70086657
2262211,Marvel,MP24FAP***,,Upright Freezer,Automatic,Yes,No,No,No,4.6,8,351,433,19,No,02/16/2016,03/02/2016,"United States, Canada",ES_1100125_MP24FAP***03102016055320_70065799
2262212,Marvel,MP24FAS***,,Upright Freezer,Automatic,Yes,No,No,No,4.6,8,340,433,21,No,02/16/2016,03/02/2016,"United States, Canada",ES_1100125_MP24FAS***03102016055320_70065799
2284115,Master Chef,043-0292-2,,Chest Freezer,Manual,Yes,No,No,No,3.5,3.5,172,169,-2,No,12/01/2016,11/14/2016,Canada,ES_1025242_043-0292_11102016020928_70106582
2284116,Master Chef,043-0293-0,,Chest Freezer,Manual,Yes,No,No,No,5,5,195,183,-7,No,12/01/2016,11/14/2016,Canada,ES_1025242_043-0293_11102016020928_70106582
2285302,Master Chef,043-2352-8,,Upright Freezer,Manual,Yes,No,No,No,3,5.3,240,272,12,No,12/19/2013,12/01/2016,Canada,ES_1025242_043-2352-8_12022016111118_7078043
2306410,Midea,3730-937,,Upright Freezer,Automatic,No,No,No,No,13.8,24.3,394,438,10,No,11/10/2017,11/13/2017,"United States, Canada",ES_1030337_3730-937_11142017074346_5426050
2216666,Midea,HS502FW-2,,Upright Freezer,Automatic,No,No,No,No,13.8,24.3,391,438,11,No,07/25/2014,07/02/2014,"United States, Canada",ES_1030337_HS502FW-2_07072014114523_2739814
2216667,Midea,HS-502FWE(SZ),,Upright Freezer,Automatic,No,No,No,No,13.8,24.3,391,438,11,No,07/25/2014,07/02/2014,"United States, Canada",ES_1030337_HS-502FWE(SZ)_07072014114523_2739814
2329400,Midea,HS-507FWE,,Upright Freezer,Automatic,No,No,No,No,13.8,24.3,391,438,11,No,11/06/2018,11/09/2018,"United States, Canada",ES_1030337_HS-507FWE_11092018050728_0048635
2329397,Midea,HS625FEW,,Upright Freezer,Automatic,No,No,No,No,17,29.9,438,486,10,No,11/06/2018,11/09/2018,"United States, Canada",ES_1030337_HS625FEW_11092018043333_8013314
2329398,Midea,HS772FEW,,Upright Freezer,Automatic,No,No,No,No,21,37,492,547,10,No,11/06/2018,11/09/2018,"United States, Canada",ES_1030337_HS772FEW_11092018050408_9848367
2330142,Midea,MU138SWAR1RC1,,Upright Freezer,Automatic,No,No,No,No,13.8,24.3,394,438,10,No,11/21/2018,11/22/2018,"United States, Canada",ES_1030337_MU138SWAR1RC1_11222018061950_7590770
2285115,Midea,URBD142E,,Chest Freezer,Manual,Yes,No,No,No,5,8.8,195,218,11,No,11/25/2016,11/24/2016,"United States, Canada",ES_1030337_URBD142E _11242016011332_70109145
2285116,Midea,URBD99DE,,Chest Freezer,Manual,Yes,No,No,No,3.5,6.2,172,194,11,No,11/25/2016,11/24/2016,"United States, Canada",ES_1030337_URBD99DE_11242016011332_70109145
2210471,Midea,WHS-109FW1,"Freezers,WHS-109FB1,; Freezers,WHS-109FSS1,",Upright Freezer,Manual,Yes,No,No,No,3,5.3,240,272,12,No,04/30/2014,04/23/2014,United States,ES_1030337_WHS-109FW1_05062014020144_1704311
2216664,Midea,WHS-502FWEB1(E),,Upright Freezer,Automatic,No,No,No,No,13.8,24.3,391,438,11,No,07/25/2014,07/02/2014,"United States, Canada",ES_1030337_WHS-502FWEB1(E)_07072014114523_2739814
2216665,Midea,WHS-502FWESS1(E),,Upright Freezer,Automatic,No,No,No,No,13.8,24.3,391,438,11,No,07/25/2014,07/02/2014,"United States, Canada",ES_1030337_WHS-502FWESS1(E)_07072014114523_2739814
2216668,Midea,WHS-502FWEW1(E),,Upright Freezer,Automatic,No,No,No,No,13.8,24.3,391,438,11,No,07/25/2014,07/02/2014,"United States, Canada",ES_1030337_WHS-502FWEW1(E) _07072014114523_2739814
2222795,Amana,AZB33X18D*,,Upright Freezer,Automatic,No,No,No,No,17.7,31.2,447,497,10,No,11/10/2014,10/09/2014,"United States, Canada",ES_0022856_AZB33X18D*_10142014101026_2769601
2223895,Amana,AZB33X20D*,,Upright Freezer,Automatic,No,No,No,No,19.7,34.6,473,527,10,No,11/24/2014,10/29/2014,"United States, Canada",ES_0022856_AZB33X20D*_10292014105615_2774957
2291926,Arctic King,ACFM102ADW,",ACFM102ADOT,",Chest Freezer,Manual,No,No,No,No,10.2,18,214,239,10,No,03/15/2017,03/06/2017,"United States, Canada",ES_1030337_ACFM102ADW_03062017084054_9654106
2333367,Arctic King,ARU030S1ARSS,,Upright Freezer,Manual,Yes,No,No,No,3,5.3,240,272,12,No,02/12/2019,02/12/2019,"United States, Canada",ES_1030337_ARU030S1ARSS_02122019062545_2745718
2333368,Arctic King,ARU030S1ARWW,,Upright Freezer,Manual,Yes,No,No,No,3,5.3,240,272,12,No,02/12/2019,02/12/2019,"United States, Canada",ES_1030337_ARU030S1ARWW_02122019062527_2727762
2319455,Arctic King,AUFM011AEW,,Upright Freezer,Manual,Yes,No,No,No,1.1,1.9,215,242,11,No,04/10/2017,03/13/2017,"United States, Canada",ES_1030337_AUFM011AEW_05072018022248_70123329
2210429,Arctic King,AUFM021AEW,,Upright Freezer,Manual,Yes,No,No,No,2.1,3.7,219,258,15,No,04/25/2014,03/20/2014,United States,ES_1030337_AUFM021AEW_05052014233909_3149145
2324561,Arctic King,WHS-109FW1,,Upright Freezer,Manual,Yes,No,No,No,3,5.3,240,272,12,No,08/05/2018,08/06/2018,"United States, Canada",ES_1030337_WHS-109FW1_08062018074204_1324651
2294817,Arctic King,WHS-129C1W,,Chest Freezer,Manual,Yes,No,No,No,3.5,6.2,172,194,11,No,04/20/2017,04/24/2017,"United States, Canada",ES_1030337_WHS-129C1W_04242017040327_70130447
2255903,Arctic King,WHS-129C1WSB,"Freezer,WHS-129C1WSB,",Upright Freezer,Manual,Yes,No,No,No,3,5.3,240,272,12,No,01/01/2016,12/31/2015,"United States, Canada",ES_1030337_WHS-129C1WSB_12312015063455_3695718
2294818,Arctic King,WHS-185C1W,,Chest Freezer,Manual,Yes,No,No,No,5,8.8,196,218,10,No,04/20/2017,04/24/2017,"United States, Canada",ES_1030337_WHS-185C1W_04242017040327_70130447
2335494,Arctic Wind,AUFW138E,,Upright Freezer,Automatic,No,No,No,No,13.8,24.3,394,438,10,No,03/29/2019,04/01/2019,"United States, Canada",ES_1121980_AUFW138E_04012019061940_9580349
2335491,Arctic Wind,AUFW170E,,Upright Freezer,Automatic,No,No,No,No,17,29.9,438,486,10,No,03/29/2019,04/01/2019,"United States, Canada",ES_1121980_AUFW170E_04012019025445_7285665
2331972,Arctic Wind,AUFW210E,,Upright Freezer,Automatic,No,No,No,No,21,37,492,547,10,No,12/20/2018,12/25/2018,"United States, Canada",ES_1121980_AUFW210E_12252018051558_4958372
2334210,Arctic Wind,AUFW210E-LK,,Upright Freezer,Automatic,No,No,No,No,21,37,492,547,10,No,02/28/2019,02/28/2019,"United States, Canada",ES_1121980_AUFW210E-LK_03042019092455_1495681
2241998,AVANTGARDE,EVC137W,,Upright Freezer,Automatic,No,No,No,No,13.7,24.1,391,436,10,No,06/18/2015,06/18/2015,"United States, Canada",ES_1125680_EVC137W_06172015020000_70036683
2255167,Avanti,CF24Q0W,,Chest Freezer,Manual,Yes,No,No,No,2.5,4.4,137,178,23,No,01/15/2016,12/18/2015,United States,ES_92257_CF24Q0W_12082015163635_6507379
2269183,Avanti,CF35B0W,",CF35B2P,",Chest Freezer,Manual,Yes,No,No,No,3.5,6.1,172,193,11,No,06/01/2016,06/06/2016,"United States, Canada",ES_92257_CF35B0W_06012016171235_4110071
2269355,Avanti,CF50B0W,,Chest Freezer,Manual,Yes,No,No,No,5,8.9,195,219,11,No,06/10/2016,06/06/2016,"United States, Canada",ES_92257_CF50B0W_06022016150315_5814630
2235015,Avanti,CF70B0W,,Chest Freezer,Manual,Yes,No,No,No,7,12.4,224,252,11,No,04/15/2015,03/20/2015,"United States, Canada",ES_92257_CF70B0W_03192015134537_448266
2322856,Avanti,FFVF21D0W,,Upright Freezer,Automatic,No,No,No,No,21,37,492,547,10,No,07/10/2018,07/17/2018,"United States, Canada",ES_92257_FFVF21D0W_07172018080759_4879515
2293207,Avanti,VF58B0W,,Upright Freezer,Manual,Yes,No,No,No,5.8,10.2,281,314,11,No,03/06/2017,03/17/2017,"United States, Canada",ES_92257_VF58B0W_03132017155807_6964227
2292433,BLACK DECKER,BUFK12W,,Upright Freezer,Manual,Yes,No,No,No,1.2,2.1,201,244,18,No,03/10/2017,03/06/2017,United States,ES_1126481_BUFK12W_03132017065255_2775232
2247949,Bosch,B18IF800SP,,Upright Freezer,Automatic,No,Yes,Yes,Yes,8.6,15.2,443,495,12,No,09/11/2015,09/11/2015,"United States, Canada",ES_0031649_B18IF800SP23847_KISDF18US_2737291
2303323,Bosch,B18IF900SP,",,Network Communication",Upright Freezer,Automatic,No,Yes,Yes,Yes,8.6,15.1,418,494,17,No,09/01/2017,03/06/2017,"United States, Canada",ES_0031649_B18IF900SP_03082017044344_70122368
2309820,CLASSIC,3730-937,,Upright Freezer,Automatic,No,No,No,No,13.8,24.3,394,438,10,No,11/10/2017,11/13/2017,"United States, Canada",ES_1136068_3730-937_11142017074346_5426050
2250041,Commercial Cool,CCUK12W,,Upright Freezer,Manual,Yes,No,No,No,1.2,2.1,201,244,18,No,10/10/2015,10/10/2015,"United States, Canada",ES_1126481_CCUK12W_10122015065255_2775232
2220965,Crosley,CFUFH17QW*,,Upright Freezer,Automatic,No,No,No,No,16.6,29.3,431,481,10,No,09/08/2014,09/25/2014,"United States, Canada",ES_1021080_CFUFH17QW*10012014013337_70012088
2304849,Crosley,CFUFH17TW0,,Upright Freezer,Automatic,No,No,No,No,16.6,29.3,431,481,10,No,12/11/2017,10/06/2017,"United States, Canada",ES_1021080_CFUFH17TW0_10112017032824_70158493
2316195,Crosley,CFUFH21TW,,Upright Freezer,Automatic,No,No,No,No,20.5,36.1,484,539,10,No,03/19/2018,03/26/2018,"United States, Canada",ES_0092264_CFUFH21TW_03292018020135_70178247
2304850,Crosley,CFUFH21TW0,,Upright Freezer,Automatic,No,No,No,No,20.5,36.1,484,539,10,No,12/11/2017,10/06/2017,"United States, Canada",ES_1021080_CFUFH21TW0_10112017032824_70158493
2220971,Crosley,CFUFHC21QW*,,Upright Freezer,Automatic,No,No,No,No,20.5,36.1,484,539,10,No,09/08/2014,09/25/2014,"United States, Canada",ES_1021080_CFUFHC21QW*10012014013337_70012088
2304851,Crosley,CFUFHC21TW0,,Upright Freezer,Automatic,No,No,No,No,20.5,36.1,484,539,10,No,12/11/2017,10/06/2017,"United States, Canada",ES_1021080_CFUFHC21TW0_10112017032824_70158493
2326487,Crosley,XCM22DM****,,Chest Freezer,Manual,No,No,No,No,21.7,38.1,346,386,10,No,09/15/2018,09/25/2018,United States,ES_0092264_XCM22DM****_09272018013720_70199441
2324327,Crosley,XUF21DM****,,Upright Freezer,Automatic,No,No,No,No,21.3,37.5,495,552,10,No,09/14/2018,08/13/2018,United States,ES_0092264_XUF21DM****_08142018032330_70194865
2293046,Dacor,DRZ18980***,,Upright Freezer,Automatic,No,Yes,Yes,Yes,9.5,16.7,465,510,10,Yes,04/20/2017,03/24/2017,"United States, Canada",ES_1016518_DRZ18980***_03242017112645_70128926
2292830,Dacor,DRZ24980***,,Upright Freezer,Automatic,No,Yes,Yes,Yes,13.6,23.9,500,581,15,Yes,01/15/2018,12/19/2017,"United States, Canada",ES_1016518_DRZ24980***_03222017113716_70128313
2290228,Dacor,DRZ30980***,,Upright Freezer,Automatic,No,Yes,Yes,Yes,17.6,31,550,651,17,Yes,01/15/2018,12/19/2017,"United States, Canada",ES_1016518_DRZ30980***_02082017105714_70119350
2308783,Dacor,DRZ30990***,,Upright Freezer,Automatic,No,Yes,Yes,Yes,17.5,30.8,550,649,17,Yes,02/12/2018,12/19/2017,"United States, Canada",ES_1016518_DRZ30990***_01082018112404_70167602
2293045,Dacor,DRZ36980***,,Upright Freezer,Automatic,No,Yes,Yes,Yes,21.4,37.7,580,717,20,Yes,01/15/2018,12/19/2017,"United States, Canada",ES_1016518_DRZ36980***_03242017112645_70128468
2306341,Danby,DUF140E1*,,Upright Freezer,Automatic,No,No,No,No,13.8,24.3,394,438,10,No,10/15/2017,11/09/2017,"United States, Canada",ES_31682_DUF140E1*_11132017123230_6350872
2218449,Danby Designer,DCF051A1*,,Chest Freezer,Manual,Yes,No,No,No,5.1,9,196,220,11,No,09/06/2014,07/25/2014,"United States, Canada",ES_0031682_DCF051A1*_07222014114047_2736942
2218451,Danby Designer,DCF081A1*,,Chest Freezer,Manual,No,No,No,No,8.1,14.3,189,212,11,No,09/06/2014,07/25/2014,"United States, Canada",ES_0031682_DCF081A1*_07222014114047_2736942
2218452,Danby Designer,DCF096A1*,,Chest Freezer,Manual,No,No,No,No,9.6,16.9,206,231,11,No,09/06/2014,07/25/2014,"United States, Canada",ES_0031682_DCF096A1*_07222014114047_2736942
2250121,Danby Designer,DUF138E1WDD,,Upright Freezer,Automatic,No,No,No,No,13.8,24.3,391,438,11,No,10/13/2015,09/21/2015,"United States, Canada",ES_0031682_DUF138E1WDD_09302015120456_70047172
2306340,Danby Designer,DUF140E1*,,Upright Freezer,Automatic,No,No,No,No,13.8,24.3,394,438,10,No,10/15/2017,11/09/2017,"United States, Canada",ES_31682_DUF140E1*_11132017123132_6292427
2292580,Danby Designer,DUF206E1*,,Upright Freezer,Automatic,No,No,No,No,21,37,492,547,10,No,03/05/2017,03/16/2017,"United States, Canada",ES_31682_DUF206E1*_03162017082013_2413623
2215466,Danby Designer,DUFM026B1*,,Upright Freezer,Manual,Yes,No,No,No,2.6,4.7,237,266,11,No,07/02/2014,07/14/2014,Canada,ES_31682_DUFM026B1*_07082014155558_8597375
2218453,Danby Designer,DUFM043A1*,,Upright Freezer,Manual,Yes,No,No,No,4.3,7.6,260,291,11,No,09/06/2014,07/25/2014,"United States, Canada",ES_0031682_DUFM043A1*_07222014114047_2736942
2273718,Danby Designer,DUFM059C1*,,Upright Freezer,Manual,Yes,No,No,No,5.9,10.4,256,316,19,No,07/20/2016,07/06/2016,"United States, Canada",ES_0031682_DUFM059C1*_07142016105701_70087492
2218455,Danby Designer,DUFM101A1*,,Upright Freezer,Manual,No,No,No,No,10.1,17.8,261,293,11,No,09/06/2014,07/25/2014,"United States, Canada",ES_0031682_DUFM101A1*_07222014114047_2736942
2288908,“Danby Designer” or “Danby”,DCF051A2*,,Chest Freezer,Manual,Yes,No,No,No,5.1,9,196,220,11,No,01/30/2017,01/03/2017,"United States, Canada",ES_0031682_DCF051A2*_01032017024918_70111997
2288903,“Danby Designer” or “Danby”,DCF071A4*,,Chest Freezer,Manual,Yes,No,No,No,7.1,12.5,225,252,11,No,01/30/2017,01/03/2017,"United States, Canada",ES_0031682_DCF071A4*_01032017024918_70111997
2288904,“Danby Designer” or “Danby”,DCF096A2*,,Chest Freezer,Manual,No,No,No,No,9.6,16.9,206,231,11,No,01/30/2017,01/03/2017,"United States, Canada",ES_0031682_DCF096A2*_01032017024918_70111997
2218450,Danby Designer or Danby,DCF071A3*,,Chest Freezer,Manual,Yes,No,No,No,7.1,12.5,225,252,11,No,09/06/2014,07/25/2014,"United States, Canada",ES_0031682_DCF071A3*_07222014114047_2736942
2301260,“Danby Designer” or “Danby”or “Danby Premiere ”,DUFM071A1*,,Upright Freezer,Manual,Yes,No,No,No,7.1,12.5,298,334,11,No,08/02/2017,06/26/2017,"United States, Canada",ES_0031682_DUFM071A1*_08022017035906_70142510
2218454,Danby Designer or Danby Premiere,DUFM085A2*,,Upright Freezer,Manual,No,No,No,No,8.5,15,247,277,11,No,09/06/2014,07/25/2014,"United States, Canada",ES_0031682_DUFM085A2*_07222014114047_2736942
2332298,"Danby or Danby Designer, Danby Premiere, Danby Diplomat, Silhouette, Silhouette Pro, Silhouette Sele",DCFM108A1*,,Chest Freezer,Manual,No,No,No,No,10.8,18.9,220,246,11,No,01/16/2019,11/20/2018,"United States, Canada",ES_0031682_DCFM108A1*_01072019124232_70202395
2307586,Danby or Danby Designer or Danby Premiere or Simplicity,DCF051A3*,,Chest Freezer,Manual,Yes,No,No,No,5.1,9,196,220,11,No,12/12/2017,11/30/2017,"United States, Canada",ES_0031682_DCF051A3*_12012017104808_70163948
2307587,Danby or Danby Designer or Danby Premiere or Simplicity,DCF071A5*,,Chest Freezer,Manual,Yes,No,No,No,7.1,12.5,225,252,11,No,12/12/2017,11/30/2017,"United States, Canada",ES_0031682_DCF071A5*_12012017104806_70163948
2307581,Danby or Danby Designer or Danby Premiere or Simplicity,DCF096A3*,,Chest Freezer,Manual,No,No,No,No,9.6,16.9,206,231,11,No,12/12/2017,11/30/2017,"United States, Canada",ES_0031682_DCF096A3*_12012017104804_70163948
2307582,Danby or Danby Designer or Danby Premiere or Simplicity,DUFM043A2*,,Upright Freezer,Manual,Yes,No,No,No,4.3,7.6,260,291,11,No,12/12/2017,11/30/2017,"United States, Canada",ES_0031682_DUFM043A2*_12012017104802_70163948
2307588,Danby or Danby Designer or Danby Premiere or Simplicity,DUFM071A2*.,,Upright Freezer,Manual,Yes,No,No,No,7.1,12.5,298,334,11,No,12/12/2017,11/30/2017,"United States, Canada",ES_0031682_DUFM071A2*._12012017104805_70163948
2307583,Danby or Danby Designer or Danby Premiere or Simplicity,DUFM085A3*,,Upright Freezer,Manual,No,No,No,No,8.5,15,247,277,11,No,12/12/2017,11/30/2017,"United States, Canada",ES_0031682_DUFM085A3*_12012017104803_70163948
2307584,Danby or Danby Designer or Danby Premiere or Simplicity,DUFM085A4*,,Upright Freezer,Manual,No,No,No,No,8.5,15,247,277,11,No,12/12/2017,11/30/2017,"United States, Canada",ES_0031682_DUFM085A4*_12012017104801_70163948
2307585,Danby or Danby Designer or Danby Premiere or Simplicity,DUFM101A1*,,Upright Freezer,Manual,No,No,No,No,10.1,17.8,261,293,11,No,12/12/2017,11/30/2017,"United States, Canada",ES_0031682_DUFM101A1*_12012017104807_70163948
2208038,Edgestar,CMF151L-1,,Upright Freezer,Manual,Yes,No,No,No,1.1,1.9,215,242,11,No,07/10/2014,03/31/2014,"United States, Canada",ES_1074063_CMF151L-1_03182014035110_2711219
2208039,Edgestar,CRF150SS-1,,Upright Freezer,Manual,Yes,No,No,No,1.1,1.9,215,242,11,No,07/10/2014,03/31/2014,"United States, Canada",ES_1074063_CRF150SS-1_03182014035111_2711219
2334684,ELLIPSE,ECVC138W,,Upright Freezer,Automatic,No,No,No,No,13.8,24.3,394,438,10,No,03/10/2019,03/13/2019,"United States, Canada",ES_1125680_ECVC138W_03132019074643_3203437
2303490,ELLIPSE,EDV166W,",EDV166S,",Upright Freezer,Automatic,No,No,No,No,17,29.6,438,483,9,No,09/05/2017,09/08/2017,"United States, Canada",ES_1125680_EDV166W_09122017091145_7505892
2329406,Emerson,UF300WE,,Upright Freezer,Manual,Yes,No,No,No,3,5.3,240,272,12,No,11/08/2018,11/09/2018,"United States, Canada",ES_1122227_UF300WE_11092018092923_5763638
2300585,EPIC,ECF35W-1,,Chest Freezer,Manual,Yes,No,No,No,3.5,6.2,172,194,11,No,07/14/2017,07/13/2017,"United States, Canada",ES_1137295_ECF35W-1_07262017114225_9345740
2301187,EPIC,ECF50W,,Chest Freezer,Manual,Yes,No,No,No,5.1,9,196,220,11,No,07/14/2017,07/13/2017,"United States, Canada",ES_1137295_ECF50W_07262017115313_9993178
2300588,EPIC,ECF70W,,Chest Freezer,Manual,Yes,No,No,No,7,12.3,224,251,11,No,07/14/2017,07/13/2017,"United States, Canada",ES_1137295_ECF70W_07262017114956_9796507
2220168,Equator,FR 502-650 SS,,Upright Freezer,Automatic,No,No,No,No,13.8,24.3,391,438,11,No,09/24/2014,08/06/2014,"United States, Canada",ES_0040188_FR 502-650 SS_08292014121414_70009788
2302996,Midea,WHS-507FWEW1,",WHS-507FWEB1,; ,WHS-507FWESS1,",Upright Freezer,Automatic,No,No,No,No,13.8,24.3,394,438,10,No,08/30/2017,08/31/2017,"United States, Canada",ES_1030337_WHS-507FWEW1_08312017103427_5667485
2210213,Midea,WHS-52FB1,,Upright Freezer,Manual,Yes,No,No,No,1.1,1.9,215,242,11,No,05/09/2014,05/08/2014,"United States, Canada",ES_1030337_WHS-52FB1_04282014101217_2721653
2210214,Midea,WHS-52FSS1,,Upright Freezer,Manual,Yes,No,No,No,1.1,1.9,215,242,11,No,05/09/2014,05/08/2014,"United States, Canada",ES_1030337_WHS-52FSS1_04282014101218_2721653
2210212,Midea,WHS-52FW1,,Upright Freezer,Manual,Yes,No,No,No,1.1,1.9,215,242,11,No,05/09/2014,05/08/2014,"United States, Canada",ES_1030337_WHS-52FW1_04282014101216_2721653
2291786,Midea,WHS-625FWEW1,",WHS-625FWEB1, WHS-625FWESS1,",Upright Freezer,Automatic,No,No,No,No,17,29.6,438,483,9,No,02/10/2017,02/23/2017,"United States, Canada",ES_1030337_WHS-625FWEW1_03022017062847_6127747
2269041,Midea,WHS-75FW1,,Upright Freezer,Manual,Yes,No,No,No,2.1,3.7,219,258,15,No,05/10/2016,06/01/2016,"United States, Canada",ES_1030337_WHS-75FW1_06062016070606_6766428
2291785,Midea,WHS-772FWEW1,",WHS-772FWEB1, WHS-772FWESS1,",Upright Freezer,Automatic,No,No,No,No,21,37,492,547,10,No,02/10/2017,02/23/2017,"United States, Canada",ES_1030337_WHS-772FWEW1_03022017062907_6147719
2219291,Miele,F 1413 Vi,"F 1413 SF,F 1413 SF,reverse door and door makeup difference",Upright Freezer,Automatic,No,Yes,Yes,Yes,8.4,14.8,440,491,12,No,10/15/2014,09/10/2014,"United States, Canada",ES_0031629_FIN18M1IL1_06182014123847_2737291
2219294,Miele,F 1473 Vi,"F 1473 SF,F 1473 SF,door makeup difference",Upright Freezer,Automatic,Yes,No,No,No,7.7,13.6,436,490,11,No,10/15/2014,09/10/2014,"United States, Canada",ES_0031629_FID18M1IL1_06182014123847_2737291
2219292,Miele,F 1813 Vi,"F 1813 SF, F 1803 Vi,F 1813 SF, F 1803 Vi,reverse door and door makeup difference",Upright Freezer,Automatic,No,Yes,Yes,Yes,15.6,27.5,521,616,17,No,10/15/2014,09/10/2014,"United States, Canada",ES_0031629_FIN30M1IR1_06182014123847_2737291
2219293,Miele,F 1913 Vi,"F 1913 SF, F 1903 Vi,F 1913 SF, F 1903 Vi,reverse door and door makeup difference",Upright Freezer,Automatic,No,Yes,Yes,Yes,19.2,33.8,575,678,16,No,10/15/2014,09/10/2014,"United States, Canada",ES_0031629_FIN36M1IR1_06182014123847_2737291
2333179,Miele,F 2411 SF,",,Cosmetic",Upright Freezer,Automatic,No,Yes,Yes,Yes,8.6,15.1,418,494,17,No,02/14/2019,02/05/2019,"United States, Canada",ES_0031629_F 2411 SF_02072019040259_70213076
2333178,Miele,F 2411 Vi,,Upright Freezer,Automatic,No,Yes,Yes,Yes,8.6,15.1,418,494,17,No,02/14/2019,02/05/2019,"United States, Canada",ES_0031629_F 2411 Vi_02072019040259_70213076
2333515,Miele,F 2461 Vi,",KI KIWD18USM,Cosmetic",Upright Freezer,Automatic,No,Yes,Yes,Yes,7.8,13.6,428,479,12,No,02/14/2019,02/13/2019,"United States, Canada",ES_0031629_F 2461 Vi_02142019034744_70215609
2333517,Miele,F 2471 SF,",KI KIWD18USM,Cosmetic",Upright Freezer,Automatic,No,Yes,Yes,Yes,7.8,13.6,428,479,12,No,02/14/2019,02/13/2019,"United States, Canada",ES_0031629_F 2471 SF_02142019034744_70215609
2333516,Miele,F 2471 Vi,,Upright Freezer,Automatic,No,Yes,Yes,Yes,7.8,13.6,428,479,12,No,02/14/2019,02/13/2019,"United States, Canada",ES_0031629_F 2471 Vi_02142019034744_70215609
2333518,Miele,F 2661 Vi,",KI KIWD24USM,Cosmetic",Upright Freezer,Automatic,No,Yes,Yes,Yes,11.2,19.8,457,540,17,No,02/14/2019,02/13/2019,"United States, Canada",ES_0031629_F 2661 Vi_02142019034744_70215609
2333520,Miele,F 2671 SF,",KI KIWD24USM,Cosmetic",Upright Freezer,Automatic,No,Yes,Yes,Yes,11.2,19.8,457,540,17,No,02/14/2019,02/13/2019,"United States, Canada",ES_0031629_F 2671 SF_02142019034744_70215609
2333519,Miele,F 2671 Vi,,Upright Freezer,Automatic,No,Yes,Yes,Yes,11.2,19.8,457,540,17,No,02/14/2019,02/13/2019,"United States, Canada",ES_0031629_F 2671 Vi_02142019034744_70215609
2333181,Miele,F 2801 Vi,",,Cosmetic",Upright Freezer,Automatic,No,Yes,Yes,Yes,15.8,27.7,493,618,22,No,02/14/2019,02/05/2019,"United States, Canada",ES_0031629_F 2801 Vi_02072019040259_70213076
2333182,Miele,F 2811 SF,",,Cosmetic",Upright Freezer,Automatic,No,Yes,Yes,Yes,15.8,27.7,493,618,22,No,02/14/2019,02/05/2019,"United States, Canada",ES_0031629_F 2811 SF_02072019040259_70213076
2333180,Miele,F 2811 Vi,,Upright Freezer,Automatic,No,Yes,Yes,Yes,15.8,27.7,493,618,22,No,02/14/2019,02/05/2019,"United States, Canada",ES_0031629_F 2811 Vi_02072019040259_70213076
2333184,Miele,F 2901 Vi,",,Cosmetic",Upright Freezer,Automatic,No,Yes,Yes,Yes,19.4,34.1,543,681,21,No,02/14/2019,02/05/2019,"United States, Canada",ES_0031629_F 2901 Vi_02072019040259_70213076
2333185,Miele,F 2911 SF,",,Cosmetic",Upright Freezer,Automatic,No,Yes,Yes,Yes,19.4,34.1,543,681,21,No,02/14/2019,02/05/2019,"United States, Canada",ES_0031629_F 2911 SF_02072019040259_70213076
2333183,Miele,F 2911 Vi,,Upright Freezer,Automatic,No,Yes,Yes,Yes,19.4,34.1,543,681,21,No,02/14/2019,02/05/2019,"United States, Canada",ES_0031629_F 2911 Vi_02072019040259_70213076
2222448,Miele,FNS 37492 iE,,Upright Freezer,Automatic,No,Yes,Yes,Yes,7.8,13.7,439,480,10,No,10/06/2014,09/22/2014,"United States, Canada",ES_1017655_FNS 37492 iE_10022014105208_2767851
2244749,PREMIUM,PFV1375MW,,Upright Freezer,Automatic,No,No,No,No,13.8,24.3,391,438,11,No,07/28/2015,07/22/2015,"United States, Canada",ES_1117600_PFV1375MW_07292015124310_70040588
2244750,PREMIUM,PFV1376MS,,Upright Freezer,Automatic,No,No,No,No,13.8,24.3,391,438,11,No,07/28/2015,07/22/2015,"United States, Canada",ES_1117600_PFV1376MS_07292015124310_70040588
2322894,PREMIUM,PFV1385MW,,Upright Freezer,Automatic,No,No,No,No,13.8,24.3,394,438,10,No,07/10/2018,07/18/2018,"United States, Canada",ES_1117600_PFV1385MW_07182018031237_3557520
2322895,PREMIUM,PFV1386MS,,Upright Freezer,Automatic,No,No,No,No,13.8,24.3,394,438,10,No,07/10/2018,07/18/2018,"United States, Canada",ES_1117600_PFV1386MS_07182018032008_4008753
2218761,PREMIUM,PFV30500MW,"Freezers,PFV30600MS,",Upright Freezer,Manual,Yes,No,No,No,3,5.3,240,272,12,No,11/01/2014,08/28/2014,United States,ES_1117600_PFV30500MW_09082014195424_6064623
2281040,RCA,RFRF-450-AMZ,,Chest Freezer,Manual,Yes,No,No,No,5.1,9,172,220,22,No,10/01/2016,10/09/2016,"United States, Canada",ES_1120898_RFRF-450-AMZ_10112016082017_4017648
2281041,RCA,RFRF470-AMZ,,Chest Freezer,Manual,Yes,No,No,No,7,12.3,198,251,21,No,10/01/2016,10/09/2016,"United States, Canada",ES_1120898_RFRF470-AMZ_10112016082423_4263725
2281042,RCA,RFRF470-BLACK-AMZ,,Chest Freezer,Manual,Yes,No,No,No,7,12.3,198,251,21,No,10/01/2016,10/09/2016,"United States, Canada",ES_1120898_RFRF470-BLACK-AMZ_10112016082134_4094744
2303376,Signature Kitchen Suite,SKSCF1801*,,Upright Freezer,Automatic,No,Yes,Yes,Yes,9.6,16.9,480,512,8,Yes,09/05/2017,08/28/2017,"United States, Canada",ES_1118034_SKSCF1801*_09082017125412_70153884
2319218,Signature Kitchen Suite,SKSCF2401*,,Upright Freezer,Automatic,No,Yes,Yes,Yes,13.9,24.4,500,585,16,Yes,05/08/2018,05/01/2018,"United States, Canada",ES_1118034_SKSCF2401*_05022018014715_70183199
2319219,Signature Kitchen Suite,SKSCF3001*,,Upright Freezer,Automatic,No,Yes,Yes,Yes,17.8,31.3,550,654,17,Yes,05/08/2018,05/01/2018,"United States, Canada",ES_1118034_SKSCF3001*_05022018014725_70183199
2203378,SPT,UF-114SS,,Upright Freezer,Manual,Yes,No,No,No,1.1,1.9,215,242,11,No,03/15/2014,01/24/2014,"United States, Canada",ES_1084573_UF-114SS_01142014044745_2691912
2203377,SPT,UF-114W,,Upright Freezer,Manual,Yes,No,No,No,1.1,1.9,215,242,11,No,03/15/2014,01/24/2014,"United States, Canada",ES_1084573_UF-114W_01142014044744_2691912
2210404,SPT,UF-214SS,,Upright Freezer,Manual,Yes,No,No,No,2.1,3.7,219,258,15,No,03/15/2014,01/08/2014,United States,ES_1084573_UF-214SS_05052014183754_5074602
2210405,SPT,UF-214W,,Upright Freezer,Manual,Yes,No,No,No,2.1,3.7,219,258,15,No,03/15/2014,01/08/2014,United States,ES_1084573_UF-214W_05052014183734_5054818
2210406,SPT,UF-304W,"Freezers,UF-304SS,",Upright Freezer,Manual,Yes,No,No,No,3,5.3,240,272,12,No,03/15/2014,01/08/2014,United States,ES_1084573_UF-304W_05052014184231_5351384
2211710,Sub-Zero,IC-30FI,,Upright Freezer,Automatic,No,Yes,Yes,Yes,15.3,26.9,557,610,10,No,06/15/2013,05/22/2014,"United States, Canada",ES_0031863_IC-30FI_05222014030921_2730201
2245579,Sub-Zero,IC-36FI,,Upright Freezer,Automatic,No,Yes,Yes,Yes,20,35.2,631,692,10,No,09/01/2015,08/10/2015,"United States, Canada",ES_0031863_IC-36FI_08132015054614_70043043
2209867,Sub-Zero,ID-24F,,Upright Freezer,Automatic,Yes,No,No,No,3.8,6.7,377,420,10,No,05/01/2014,05/01/2014,"United States, Canada",ES_0031863_ID-24F_04302014021433_2723809
2214556,Sub-Zero,ID-24FI,,Upright Freezer,Automatic,Yes,No,No,No,3.8,6.7,377,420,10,No,05/01/2014,07/03/2014,"United States, Canada",ES_0031863_ID-24FI_07032014112231_2742900
2209870,Sub-Zero,ID-30F,,Upright Freezer,Automatic,Yes,No,No,No,4.9,8.6,356,439,19,No,09/01/2013,05/01/2014,"United States, Canada",ES_0031863_ID-30F_04302014021437_2723809
2214555,Sub-Zero,ID-30FI,,Upright Freezer,Automatic,Yes,No,No,No,4.9,8.6,356,439,19,No,09/01/2013,07/03/2014,"United States, Canada",ES_0031863_ID-30FI_07032014112231_2742900
2245305,Sylvania,SFRF434-WHITE,,Chest Freezer,Manual,Yes,No,No,No,3.5,6.2,152,194,22,No,07/31/2015,08/07/2015,"United States, Canada",ES_1120898_SFRF434-WHITE_08072015054605_6365546
2248175,Sylvania,SFRF452-WHITE,,Chest Freezer,Manual,Yes,No,No,No,5.1,9,172,220,22,No,09/15/2015,09/17/2015,"United States, Canada",ES_1120898_SFRF452-WHITE FRF472-B_09182015054247_4967346
2233417,Thermador,T18ID800LP,",,Reverse Door",Upright Freezer,Automatic,No,Yes,Yes,Yes,7.8,13.8,440,481,10,No,09/15/2014,08/11/2014,"United States, Canada",ES_0031649_T18ID800LP_08082014030531_2752705
2217237,Thermador,T18ID800RP,",,Reverse Door",Upright Freezer,Automatic,No,Yes,Yes,Yes,7.8,13.8,440,481,10,No,09/15/2014,08/11/2014,"United States, Canada",ES_0031649_T18ID800RP_08082014030531_2752705
2292108,Thermador,T18ID900LP,,Upright Freezer,Automatic,No,Yes,Yes,Yes,7.8,13.7,428,480,13,No,09/01/2017,03/06/2017,"United States, Canada",ES_0031649_T18ID900LP_03082017044344_70122368
2303328,Thermador,T18ID900RP,",,Reverse Door",Upright Freezer,Automatic,No,Yes,Yes,Yes,7.8,13.7,428,480,13,No,09/01/2017,03/06/2017,"United States, Canada",ES_0031649_T18ID900RP_03082017044344_70122368
2219313,Thermador,T18IF800SP,,Upright Freezer,Automatic,No,Yes,Yes,Yes,8.6,15.2,443,495,12,No,10/15/2014,09/10/2014,"United States, Canada",ES_0031649_T18IF800SP_06182014123847_2737291
2292104,Thermador,T18IF900SP,,Upright Freezer,Automatic,No,Yes,Yes,Yes,8.6,15.1,418,494,17,No,09/01/2017,03/06/2017,"United States, Canada",ES_0031649_T18IF900SP_03082017044344_70122368
2303321,Thermador,T18IF901SP,",,Network Communication",Upright Freezer,Automatic,No,Yes,Yes,Yes,8.6,15.1,418,494,17,No,09/01/2017,03/06/2017,"United States, Canada",ES_0031649_T18IF901SP_03082017044344_70122368
2233414,Thermador,T24ID800LP,",,Reverse Door",Upright Freezer,Automatic,No,Yes,Yes,Yes,11.3,19.9,494,541,10,No,09/15/2014,08/11/2014,"United States, Canada",ES_0031649_T24ID800LP_08082014030531_2752705
2217236,Thermador,T24ID800RP,",,Reverse Door",Upright Freezer,Automatic,No,Yes,Yes,Yes,11.3,19.9,494,541,10,No,09/15/2014,08/11/2014,"United States, Canada",ES_0031649_T24ID800RP_08082014030531_2752705
2292109,Thermador,T24ID900LP,,Upright Freezer,Automatic,No,Yes,Yes,Yes,11.2,19.8,457,540,17,No,09/01/2017,03/06/2017,"United States, Canada",ES_0031649_T24ID900LP_03082017044344_70122368
2303329,Thermador,T24ID900RP,",,Reverse Door",Upright Freezer,Automatic,No,Yes,Yes,Yes,11.2,19.8,457,540,17,No,09/01/2017,03/06/2017,"United States, Canada",ES_0031649_T24ID900RP_03082017044344_70122368
2303330,Thermador,T24ID901LP,",,Network Communication",Upright Freezer,Automatic,No,Yes,Yes,Yes,11.2,19.8,457,540,17,No,09/01/2017,03/06/2017,"United States, Canada",ES_0031649_T24ID901LP_03082017044344_70122368
2303331,Thermador,T24ID901RP,",,Reverse Door, Network Communication",Upright Freezer,Automatic,No,Yes,Yes,Yes,11.2,19.8,457,540,17,No,09/01/2017,03/06/2017,"United States, Canada",ES_0031649_T24ID901RP_03082017044344_70122368
2219311,Thermador,T24IF800SP,,Upright Freezer,Automatic,No,Yes,Yes,Yes,12.2,21.5,472,557,17,No,10/15/2014,09/10/2014,"United States, Canada",ES_0031649_T24IF800SP_06182014123847_2737291
2292105,Thermador,T24IF900SP,,Upright Freezer,Automatic,No,Yes,Yes,Yes,12.2,21.4,443,556,22,No,09/01/2017,03/06/2017,"United States, Canada",ES_0031649_T24IF900SP_03082017044344_70122368
2219309,Thermador,T30IF800SP,,Upright Freezer,Automatic,No,Yes,Yes,Yes,15.8,27.8,564,619,10,No,10/15/2014,09/10/2014,"United States, Canada",ES_0031649_T30IF800SP_06182014123847_2737291
2292106,Thermador,T30IF900SP,,Upright Freezer,Automatic,No,Yes,Yes,Yes,15.8,27.8,493,619,22,No,09/01/2017,03/06/2017,"United States, Canada",ES_0031649_T30IF900SP_03082017044344_70122368
2292107,Thermador,T36IF900SP,,Upright Freezer,Automatic,No,Yes,Yes,Yes,19.4,34.2,543,682,22,No,09/01/2017,03/06/2017,"United States, Canada",ES_0031649_T36IF900SP_03082017044344_70122368
2303326,Thermador,T36IF901SP,",,Network Communication",Upright Freezer,Automatic,No,Yes,Yes,Yes,19.4,34.2,543,682,22,No,09/01/2017,03/06/2017,"United States, Canada",ES_0031649_T36IF901SPP_03082017044344_70122368
2318923,True Residential,TR-30FRZ-*-**-*,",TR-30FRZ-L-OG-A,; ,TR-30FRZ-L-OP-A,; ,TR-30FRZ-L-SG-A,; ,TR-30FRZ-R-OG-A,; ,TR-30FRZ-R-OP-A,; ,TR-30FRZ-R-SG-A,; ,TR-30FRZ-R-SS-A,",Upright Freezer,Automatic,No,No,No,No,15.2,26.8,413,459,10,No,01/01/2018,04/27/2018,"United States, Canada",ES_3320_TR-30FRZ-*-**-*_04272018111108_7468818
2282737,True Residential,TUF-24-*-**-B,,Upright Freezer,Automatic,Yes,No,No,No,4.2,7.4,385,427,10,No,04/25/2016,10/31/2016,"United States, Canada",ES_3320_TUF-24-*-**-B_10312016165135_2695270
2282738,True Residential,TUF-24-D-**-B,,Upright Freezer,Automatic,Yes,No,No,No,4.1,7.2,383,425,10,No,04/25/2016,10/31/2016,"United States, Canada",ES_3320_TUF-24-D-**-B_10312016172850_4930885
2294472,U-Line,1224FZRA,,Upright Freezer,Automatic,Yes,No,No,No,4.8,8.4,390,437,11,No,04/01/2017,04/18/2017,"United States, Canada",ES_92283_1224FZRA_04182017154538_0338750
2263423,Whirlpool,WZF57R16F***,,Upright Freezer,Automatic,No,No,No,No,15.7,27.6,419,466,10,No,04/01/2016,06/14/2016,"United States, Canada",ES_0022856_WZF57R16F***03302016013641_70071754
2208037,Whynter,CUF-110,,Upright Freezer,Manual,Yes,No,No,No,1.1,1.9,215,242,11,No,05/10/2014,03/21/2014,"United States, Canada",ES_1122240_CUF-110_03182014035309_2711217
2291160,Whynter,CUF-112SS,,Upright Freezer,Manual,Yes,No,No,No,1.1,1.9,215,242,11,No,02/21/2017,02/20/2017,"United States, Canada",ES_1122240_CUF-112SS_02172017035021_70110789
2235243,Whynter,CUF-210SSa,,Upright Freezer,Manual,Yes,No,No,No,2.1,3.7,219,258,15,No,05/10/2015,03/18/2015,United States,ES_1122240_CUF-210SSa_03262015072035_4435848
2290392,Whynter,CUF-301BK,,Upright Freezer,Manual,Yes,No,No,No,3,5.3,240,272,12,No,12/19/2013,02/09/2017,United States,ES_1122240_CUF-301BK_02102017050228_2948056
2235482,Whynter,UDF-138DW,,Upright Freezer,Automatic,No,No,No,No,13.8,24.3,391,438,11,No,03/27/2015,03/27/2015,"United States, Canada",ES_1122240_UDF-138DW_03312015031110_70027805
2328022,Whynter,UDF-139SS,,Upright Freezer,Automatic,No,No,No,No,13.8,24.3,394,438,10,No,10/15/2018,10/18/2018,"United States, Canada",ES_1122240_UDF-139SS_10182018022602_9562210
