ENERGY STAR Unique ID,ENERGY STAR Partner,Model Name,Model Number or Rebuilt Model Number,Additional Model Information,Product Type,Original Equipment Manufacturer (OEM),OEM Model Name,OEM Model Number,Door Type,Conditions for Expected Use,Vending Capacity (C),Energy Use (kWh/day),Refrigerated Volume (cu. ft.),Energy Saving Component Type,Energy Saving Kit or Component OEM,Energy Saving Kit or Component Model Number,Date Available On Market,Date Qualified,Markets,CB Model Identifier
2203621,"Automated Merchandising Systems, Inc.",AMS LB9,AMS LB9,",LB9,Identical to AMS LB9.; ,LC9,Same as AMS LB9 except there is no control to lock out customers if the internal temperature rises enough to render food potentially hazardous.",New,,,,Glass Front,Indoor Only,446,3.79,31.42,NA,NA NA,NA NA,04/06/2013,02/03/2014,United States,ES_1110953_AMS LB9_01302014194201_6303827
2203622,"Automated Merchandising Systems, Inc.",LB5,LB5,",LC5,Same as LB5 except there is no control to lock out customers if the internal temperature rises enough to render food potentially hazardous.",New,,,,Glass Front,Indoor Only,352,3.73,27.18,NA,NA NA,NA NA,04/15/2013,02/03/2014,United States,ES_1110953_LB5_01302014195044_6512109
2203718,"Automated Merchandising Systems, Inc.",LB9 ADA,LB9 ADA,",LC9 ADA,Same as LB9 ADA except there is no control to lock out customers if the internal temperature rises enough to render food potentially hazardous.",New,,,,Glass Front,Indoor Only,398,3.52,31.84,NA,NA NA,NA NA,04/15/2013,02/06/2014,United States,ES_1110953_LB9 ADA_02032014141322_7359735
2280290,Crane Merchandising Systems,DN3800-4,DN3800-4,,New,,,,Glass Front,Indoor Only,315,3.77,27.98,NA,,,03/03/2015,09/26/2016,"United States, Canada",ES_1020551_DN3800-4_09282016174727_4847566
2280286,Crane Merchandising Systems,DN3800-6,DN3800-6,,New,,,,Glass Front,Indoor Only,315,3.9,27.98,NA,,,03/03/2015,09/26/2016,"United States, Canada",ES_1020551_DN3800-6_09282016174709_4829656
2280292,Crane Merchandising Systems,DN5800-4,DN5800-4,,New,,,,Glass Front,Indoor Only,405,3.95,35.84,NA,,,03/03/2015,09/26/2016,"United States, Canada",ES_1020551_DN5800-4_09282016174646_4806415
2236038,Crane Merchandising Systems,DN 5800-4C,DN 5800-4C,",DN 5800-4,; DN 5800-4C,DN 5800-4C,",New,,,,Glass Front,Indoor/Outdoor,405,4.18,36,NA,,,03/03/2015,04/07/2015,"United States, Canada",ES_1020551_DN 5800-4C_04082015162203_0123100
2299864,Crane Merchandising Systems,DN5800-4HC,DN5800-4HC,,New,,,,Glass Front,Indoor Only,405,4.14,35.84,N/A,,,07/01/2017,07/13/2017,United States,ES_1020551_DN5800-4HC_07142017171245_2365544
2280293,Crane Merchandising Systems,DN5800-6,DN5800-6,,New,,,,Glass Front,Indoor Only,405,4.21,35.84,NA,,,03/03/2015,09/26/2016,"United States, Canada",ES_1020551_DN5800-6_09282016174559_4759286
2123300,"Royal Vendors, Inc.",GIII 550 CO2,RVCC2-550-*,,New,,,,Closed Front,Indoor/Outdoor,550,3.24,19.494,None,,,09/03/2012,09/24/2012,"United States, Switzerland, Taiwan, Japan, Canada",ES_1020282_RVCC2-550-*08302012114313_2556811
2123298,"Royal Vendors, Inc.",GIII 660 CO2,RVCC2-660-*,,New,,,,Closed Front,Indoor/Outdoor,660,3.56,23.904,None,,,09/03/2012,09/24/2012,"United States, Switzerland, Taiwan, Japan, Canada",ES_1020282_RVCC2-660-*08302012114313_2556811
2123296,"Royal Vendors, Inc.",GIII 804 CO2,RVCC2-804-*,,New,,,,Closed Front,Indoor/Outdoor,804,3.24,27.322,None,,,09/03/2012,09/24/2012,"United States, Switzerland, Taiwan, Japan, Canada",ES_1020282_RVCC2-804-*08302012114313_2556811
2123294,"Royal Vendors, Inc.",GIII 550,RVCC-550-*,,New,,,,Closed Front,Indoor/Outdoor,550,2.83,19.494,None,,,09/03/2012,09/24/2012,"United States, Switzerland, Taiwan, Japan, Canada",ES_1020282_RVCC-550-*08302012114313_2556811
2174920,"Royal Vendors, Inc.",GIII-550,RVCC-550-*-ES,,Rebuilt,,,,Closed Front,Indoor/Outdoor,550,3.87,19.494,Various Components,Royal Vendors Inc.,359100.0,05/01/2012,03/01/2013,"United States, Canada",ES_1020282_RVCC-550-*-ES03062013023624_7000080
2174919,"Royal Vendors, Inc.",GIII-550,RVCC-550-*-EV,,Rebuilt,,,,Closed Front,Indoor/Outdoor,550,3.03,19.494,Various Components,Royal Vendors Inc.,359120.0,05/01/2012,03/01/2013,"United States, Canada",ES_1020282_RVCC-550-*-EV03062013023624_7000080
2123292,"Royal Vendors, Inc.",GIII 660,RVCC-660-*,,New,,,,Closed Front,Indoor/Outdoor,660,3.03,23.904,None,,,09/03/2012,09/24/2012,"United States, Switzerland, Taiwan, Japan, Canada",ES_1020282_RVCC-660-*08302012114313_2556811
2174917,"Royal Vendors, Inc.",GIII-660,RVCC-660-*-ES,,Rebuilt,,,,Closed Front,Indoor/Outdoor,660,4.09,23.904,Various Components,Royal Vendors Inc.,358100.0,05/01/2012,03/01/2013,"United States, Canada",ES_1020282_RVCC-660-*-ES03062013023624_7000080
2174918,"Royal Vendors, Inc.",GIII-660,RVCC-660-*-EV2,,Rebuilt,,,,Closed Front,Indoor/Outdoor,660,3.09,23.904,Various Components,Royal Vendors Inc.,358135.0,05/01/2012,03/01/2013,"United States, Canada",ES_1020282_RVCC-660-*-EV203062013023624_7000080
2123290,"Royal Vendors, Inc.",GIII 804,RVCC-804-*,,New,,,,Closed Front,Indoor/Outdoor,804,2.93,27.322,None,,,09/03/2012,09/24/2012,"United States, Switzerland, Taiwan, Japan, Canada",ES_1020282_RVCC-804-*08302012114313_2556811
2174915,"Royal Vendors, Inc.",GIII-804,RVCC-804-*-ES,,Rebuilt,,,,Closed Front,Indoor/Outdoor,804,4.18,27.322,Various Components,Royal Vendors Inc.,357100.0,05/01/2012,03/01/2013,"United States, Canada",ES_1020282_RVCC-804-*-ES03062013023624_7000080
2174916,"Royal Vendors, Inc.",GIII-804,RVCC-804-*-EV2,,Rebuilt,,,,Closed Front,Indoor/Outdoor,804,2.92,27.322,Various Components,Royal Vendors Inc.,357135.0,05/01/2012,03/01/2013,"United States, Canada",ES_1020282_RVCC-804-*-EV203062013023624_7000080
2123311,"Royal Vendors, Inc.",MIV 542,RVCDE-542-*,,New,,,,Closed Front,Indoor/Outdoor,542,3.3,20.92,None,,,09/03/2012,05/23/2014,"United States, Switzerland, Taiwan, Japan, Canada",ES_1020282_RVCDE-542-*08302012114313_2556811
2123308,"Royal Vendors, Inc.",MIV 650,RVCDE-650-*,,New,,,,Closed Front,Indoor/Outdoor,650,3.24,25.803,None,,,09/03/2012,09/24/2012,"United States, Switzerland, Taiwan, Japan, Canada",ES_1020282_RVCDE-650-*08302012114313_2556811
2123305,"Royal Vendors, Inc.",MIV 768,RVCDE-768-*,,New,,,,Closed Front,Indoor/Outdoor,768,3.29,29.823,None,,,09/03/2012,09/24/2012,"United States, Switzerland, Taiwan, Japan, Canada",ES_1020282_RVCDE-768-*08302012114313_2556811
2123301,"Royal Vendors, Inc.",GIII 550 CO2,RVCV2-550-*,,New,,,,Closed Front,Indoor/Outdoor,550,3.24,19.494,None,,,09/03/2012,09/24/2012,"United States, Switzerland, Taiwan, Japan, Canada",ES_1020282_RVCV2-550-*08302012114313_2556811
2123299,"Royal Vendors, Inc.",GIII 660 CO2,RVCV2-660-*,,New,,,,Closed Front,Indoor/Outdoor,660,3.56,23.904,None,,,09/03/2012,09/24/2012,"United States, Switzerland, Taiwan, Japan, Canada",ES_1020282_RVCV2-660-*08302012114313_2556811
2123297,"Royal Vendors, Inc.",GIII 804 CO2,RVCV2-804-*,,New,,,,Closed Front,Indoor/Outdoor,804,3.24,27.3222,None,,,09/03/2012,09/24/2012,"United States, Switzerland, Taiwan, Japan, Canada",ES_1020282_RVCV2-804-*08302012114313_2556811
2123318,"Royal Vendors, Inc.",RVV-500,RVCV-500*,,New,,,,Glass Front,Indoor Only,320,3.88,29.981,None,,,09/03/2012,09/24/2012,"United States, Switzerland, Taiwan, Japan, Canada",ES_1020282_RVCV-500*08302012114313_2556811
2123295,"Royal Vendors, Inc.",GIII 550,RVCV-550-*,,New,,,,Closed Front,Indoor/Outdoor,550,2.83,19.494,None,,,09/03/2012,09/24/2012,"United States, Switzerland, Taiwan, Japan, Canada",ES_1020282_RVCV-550-*08302012114313_2556811
2123293,"Royal Vendors, Inc.",GIII 660,RVCV-660-*,,New,,,,Closed Front,Indoor/Outdoor,660,3.03,23.904,None,,,09/03/2012,09/24/2012,"United States, Switzerland, Taiwan, Japan, Canada",ES_1020282_RVCV-660-*08302012114313_2556811
2312511,"Royal Vendors, Inc.",RVCV-700-**,RVCV-700-**,,New,,,,Glass Front,Indoor Only,450,3.96,37.12,N/A,,,02/28/2018,02/28/2018,"United States, Canada",ES_1020282_RVCV-700-**_03082018040907_70176655
2123291,"Royal Vendors, Inc.",GIII 804,RVCV-804-*,,New,,,,Closed Front,Indoor/Outdoor,804,2.93,27.322,None,,,09/03/2012,09/24/2012,"United States, Switzerland, Taiwan, Japan, Canada",ES_1020282_RVCV-804-*08302012114313_2556811
2123309,"Royal Vendors, Inc.",MIV 542,RVDPE-542-*,,New,,,,Closed Front,Indoor/Outdoor,542,3.3,20.92,None,,,09/03/2012,05/23/2014,"United States, Switzerland, Taiwan, Japan, Canada",ES_1020282_RVDPE-542-*08302012114313_2556811
2123306,"Royal Vendors, Inc.",MIV 650,RVDPE-650-*,,New,,,,Closed Front,Indoor/Outdoor,650,3.24,25.803,None,,,09/03/2012,09/24/2012,"United States, Switzerland, Taiwan, Japan, Canada",ES_1020282_RVDPE-650-*08302012114313_2556811
2123303,"Royal Vendors, Inc.",MIV 768,RVDPE-768-*,,New,,,,Closed Front,Indoor/Outdoor,768,3.29,29.823,None,,,09/03/2012,09/24/2012,"United States, Switzerland, Taiwan, Japan, Canada",ES_1020282_RVDPE-768-*08302012114313_2556811
2123317,"Royal Vendors, Inc.",Display,RVDVE-650-*,,New,,,,Closed Front,Indoor/Outdoor,650,3.31,25.803,None,,,09/03/2012,09/24/2012,"United States, Switzerland, Taiwan, Japan, Canada",ES_1020282_RVDVE-650-*08302012114313_2556811
2123313,"Royal Vendors, Inc.",HVV 650,RVHV-650-*,,New,,,,Closed Front,Indoor/Outdoor,650,4.16,25.803,None,,,09/03/2012,09/24/2012,"United States, Switzerland, Taiwan, Japan, Canada",ES_1020282_RVHV-650-*08302012114313_2556811
2123315,"Royal Vendors, Inc.",20+ HVV 780,RVHV-654-*,,New,,,,Closed Front,Indoor/Outdoor,654,4.41,32.869,None,,,09/03/2012,09/24/2012,"United States, Switzerland, Taiwan, Japan, Canada",ES_1020282_RVHV-654-*08302012114313_2556811
2123312,"Royal Vendors, Inc.",HVV 768,RVHV-768-*,,New,,,,Closed Front,Indoor/Outdoor,768,4.63,29.823,None,,,09/03/2012,09/24/2012,"United States, Switzerland, Taiwan, Japan, Canada",ES_1020282_RVHV-768-*08302012114313_2556811
2123314,"Royal Vendors, Inc.",20+ HVV 780,RVHV-780-*,,New,,,,Closed Front,Indoor/Outdoor,780,4.32,37.36,None,,,09/03/2012,09/24/2012,"United States, Switzerland, Taiwan, Japan, Canada",ES_1020282_RVHV-780-*08302012114313_2556811
2123310,"Royal Vendors, Inc.",MIV 542,RVMCE-542-*,,New,,,,Closed Front,Indoor/Outdoor,542,3.3,20.92,None,,,09/03/2012,05/23/2014,"United States, Switzerland, Taiwan, Japan, Canada",ES_1020282_RVMCE-542-*08302012114313_2556811
2123307,"Royal Vendors, Inc.",MIV 650,RVMCE-650-*,,New,,,,Closed Front,Indoor/Outdoor,650,3.24,25.803,None,,,09/03/2012,09/24/2012,"United States, Switzerland, Taiwan, Japan, Canada",ES_1020282_RVMCE-650-*08302012114313_2556811
2123304,"Royal Vendors, Inc.",MIV 768,RVMCE-768-*,,New,,,,Closed Front,Indoor/Outdoor,768,3.29,29.823,None,,,09/03/2012,09/24/2012,"United States, Switzerland, Taiwan, Japan, Canada",ES_1020282_RVMCE-768-*08302012114313_2556811
2123316,"Royal Vendors, Inc.",Red Bull,RVRB-372-*,,New,,,,Closed Front,Indoor/Outdoor,372,3.54,15.533,None,,,09/03/2012,09/24/2012,"United States, Switzerland, Taiwan, Japan, Canada",ES_1020282_RVRB-372-*08302012114313_2556811
2295528,"Royal Vendors, Inc.",RVV-500,RVRV3-500-**,,New,,,,Glass Front,Indoor Only,320,3.76,29.98,NA,,,03/28/2017,04/25/2017,"United States, Canada",ES_1020282_RVRV3-500-**_05042017065612_7013 5028
2123302,"Royal Vendors, Inc.",RVV-500,RVRVV-500-*,,New,,,,Glass Front,Indoor Only,320,3.88,29.981,None,,,09/03/2012,09/24/2012,"United States, Switzerland, Taiwan, Japan, Canada",ES_1020282_RVRVV-500-*08302012114313_2556811
2312510,"Royal Vendors, Inc.",RVRVV-700-**,RVRVV-700-**,,New,,,,Glass Front,Indoor Only,450,3.96,37.12,N/A,,,02/28/2018,02/28/2018,"United States, Canada",ES_1020282_RVRVV-700-**_03082018040907_70176655
2173426,Sanden Vendo America Inc,521,521CDC***,,New,,,,Closed Front,Indoor/Outdoor,196,3.23,8.9,None,,,05/01/2010,02/08/2013,"United States, Canada",ES_1020286_521CDC***02082013014226_2600518
2173425,Sanden Vendo America Inc,521,521CDD***,,New,,,,Closed Front,Indoor/Outdoor,196,3.23,8.9,None,,,05/01/2010,02/08/2013,"United States, Canada",ES_1020286_521CDD***02082013014226_2600518
2173424,Sanden Vendo America Inc,521,521CDP***,,New,,,,Closed Front,Indoor/Outdoor,196,3.23,8.9,None,,,05/01/2010,02/08/2013,"United States, Canada",ES_1020286_521CDP***02082013014226_2600518
2173427,Sanden Vendo America Inc,521,521CDT***,,New,,,,Closed Front,Indoor/Outdoor,196,3.23,8.9,None,,,05/01/2010,02/08/2013,"United States, Canada",ES_1020286_521CDT***02082013014226_2600518
2173428,Sanden Vendo America Inc,521,521PAD***,,New,,,,Closed Front,Indoor/Outdoor,196,3.23,8.9,None,,,05/01/2010,02/08/2013,"United States, Canada",ES_1020286_521PAD***02082013014225_2600518
2173429,Sanden Vendo America Inc,521,521TAD***,,New,,,,Closed Front,Indoor/Outdoor,196,3.23,8.9,None,,,05/01/2010,02/08/2013,"United States, Canada",ES_1020286_521TAD***02082013014224_2600518
2311006,Sanden Vendo America Inc,621-HC,621***,,New,,,,Closed Front,Indoor/Outdoor,544,2.84,21.8,None,,,02/22/2018,02/21/2018,"United States, Canada",ES_1020286_621***_02262018020119_70175002
2173414,Sanden Vendo America Inc,621,621CDC***,,New,,,,Closed Front,Indoor/Outdoor,544,3.81,21.82,None,,,03/01/2013,02/08/2013,"United States, Canada",ES_1020286_621CDC***02082013014226_2600518
2173413,Sanden Vendo America Inc,621,621CDD***,,New,,,,Closed Front,Indoor/Outdoor,544,3.81,21.82,None,,,03/01/2013,02/08/2013,"United States, Canada",ES_1020286_621CDD***02082013014226_2600518
2173412,Sanden Vendo America Inc,621,621CDP***,,New,,,,Closed Front,Indoor/Outdoor,544,3.81,21.82,None,,,03/01/2013,02/08/2013,"United States, Canada",ES_1020286_621CDP***02082013014226_2600518
2173415,Sanden Vendo America Inc,621,621CDT***,,New,,,,Closed Front,Indoor/Outdoor,544,3.81,21.82,None,,,03/01/2013,02/08/2013,"United States, Canada",ES_1020286_621CDT***02082013014226_2600518
2173420,Sanden Vendo America Inc,621,621CNC***,,New,,,,Closed Front,Indoor/Outdoor,544,3.42,21.82,None,,,01/01/2012,02/08/2013,"United States, Canada",ES_1020286_621CNC***02082013014226_2600518
2173419,Sanden Vendo America Inc,621,621CND***,,New,,,,Closed Front,Indoor/Outdoor,544,3.42,21.82,None,,,01/01/2012,02/08/2013,"United States, Canada",ES_1020286_621CND***02082013014226_2600518
2173418,Sanden Vendo America Inc,621,621CNP***,,New,,,,Closed Front,Indoor/Outdoor,544,3.42,21.82,None,,,01/01/2012,02/08/2013,"United States, Canada",ES_1020286_621CNP***02082013014226_2600518
2173421,Sanden Vendo America Inc,621,621CNT***,,New,,,,Closed Front,Indoor/Outdoor,544,3.42,21.82,None,,,01/01/2012,02/08/2013,"United States, Canada",ES_1020286_621CNT***02082013014226_2600518
2173416,Sanden Vendo America Inc,621,621PAD***,,New,,,,Closed Front,Indoor/Outdoor,544,3.81,21.82,None,,,03/01/2013,02/08/2013,"United States, Canada",ES_1020286_621PAD***02082013014226_2600518
2173422,Sanden Vendo America Inc,621,621PND***,,New,,,,Closed Front,Indoor/Outdoor,544,3.42,21.82,None,,,01/01/2012,02/08/2013,"United States, Canada",ES_1020286_621PND***02082013014226_2600518
2173417,Sanden Vendo America Inc,621,621TAD***,,New,,,,Closed Front,Indoor/Outdoor,544,3.81,21.82,None,,,03/01/2013,02/08/2013,"United States, Canada",ES_1020286_621TAD***02082013014226_2600518
2173423,Sanden Vendo America Inc,621,621TND***,,New,,,,Closed Front,Indoor/Outdoor,544,3.42,21.82,None,,,01/01/2012,02/08/2013,"United States, Canada",ES_1020286_621TND***02082013014226_2600518
2311007,Sanden Vendo America Inc,721-HC,721***,,New,,,,Closed Front,Indoor/Outdoor,680,3.01,27.1,None,,,02/22/2018,02/21/2018,"United States, Canada",ES_1020286_721***_02262018020119_70175002
2173402,Sanden Vendo America Inc,721,721CDC***,,New,,,,Closed Front,Indoor/Outdoor,680,3.91,27.1,None,,,03/01/2013,02/08/2013,"United States, Canada",ES_1020286_721CDC***02082013014226_2600518
2173401,Sanden Vendo America Inc,721,721CDD***,,New,,,,Closed Front,Indoor/Outdoor,680,3.91,27.1,None,,,03/01/2013,02/08/2013,"United States, Canada",ES_1020286_721CDD***02082013014226_2600518
2173400,Sanden Vendo America Inc,721,721CDP***,,New,,,,Closed Front,Indoor/Outdoor,680,3.91,27.1,None,,,03/01/2013,02/08/2013,"United States, Canada",ES_1020286_721CDP***02082013014214_2600518
2173403,Sanden Vendo America Inc,721,721CDT***,,New,,,,Closed Front,Indoor/Outdoor,680,3.91,27.1,None,,,03/01/2013,02/08/2013,"United States, Canada",ES_1020286_721CDT***02082013014226_2600518
2173408,Sanden Vendo America Inc,721,721CNC***,,New,,,,Closed Front,Indoor/Outdoor,680,4.15,27.1,None,,,01/01/2012,02/08/2013,"United States, Canada",ES_1020286_721CNC***02082013014226_2600518
2173407,Sanden Vendo America Inc,721,721CND***,,New,,,,Closed Front,Indoor/Outdoor,680,4.15,27.1,None,,,01/01/2012,02/08/2013,"United States, Canada",ES_1020286_721CND***02082013014226_2600518
2173406,Sanden Vendo America Inc,721,721CNP***,,New,,,,Closed Front,Indoor/Outdoor,680,4.15,27.1,None,,,01/01/2012,02/08/2013,"United States, Canada",ES_1020286_721CNP***02082013014226_2600518
2173409,Sanden Vendo America Inc,721,721CNT***,,New,,,,Closed Front,Indoor/Outdoor,680,4.15,27.1,None,,,01/01/2012,02/08/2013,"United States, Canada",ES_1020286_721CNT***02082013014236_2600518
2173404,Sanden Vendo America Inc,721,721PAD***,,New,,,,Closed Front,Indoor/Outdoor,680,3.91,27.1,None,,,03/01/2013,02/08/2013,"United States, Canada",ES_1020286_721PAD***02082013024226_2600518
2173410,Sanden Vendo America Inc,721,721PND***,,New,,,,Closed Front,Indoor/Outdoor,680,4.15,27.1,None,,,01/01/2012,02/08/2013,"United States, Canada",ES_1020286_721PND***02082013014226_2600518
2173405,Sanden Vendo America Inc,721,721TAD***,,New,,,,Closed Front,Indoor/Outdoor,680,3.91,27.1,None,,,03/01/2013,02/08/2013,"United States, Canada",ES_1020286_721TAD***02082013014226_2600518
2173411,Sanden Vendo America Inc,721,721TND***,,New,,,,Closed Front,Indoor/Outdoor,680,4.15,27.1,None,,,01/01/2012,02/08/2013,"United States, Canada",ES_1020286_721TND***02082013014226_2600518
2311008,Sanden Vendo America Inc,821-HC,821***,,New,,,,Closed Front,Indoor/Outdoor,800,3.55,30.5,None,,,02/22/2018,02/21/2018,"United States, Canada",ES_1020286_821***_02262018020119_70175002
2173390,Sanden Vendo America Inc,821,821CDC***,,New,,,,Closed Front,Indoor/Outdoor,800,4.33,30.58,None,,,03/01/2013,02/08/2013,"United States, Canada",ES_1020286_821CDC***02082013014228_2600518
2173389,Sanden Vendo America Inc,821,821CDD***,,New,,,,Closed Front,Indoor/Outdoor,800,4.33,30.58,None,,,03/01/2013,02/08/2013,"United States, Canada",ES_1020286_821CDD***02082013014227_2600518
2173388,Sanden Vendo America Inc,821,821CDP***,,New,,,,Closed Front,Indoor/Outdoor,800,4.33,30.58,None,,,02/19/2013,02/08/2013,"United States, Canada",ES_1020286_821CDP***02082013014226_2600518
2173391,Sanden Vendo America Inc,821,821CDT***,,New,,,,Closed Front,Indoor/Outdoor,800,4.33,30.58,None,,,03/01/2013,02/08/2013,"United States, Canada",ES_1020286_821CDT***02082013014229_2600518
2173396,Sanden Vendo America Inc,821,821CNC***,,New,,,,Closed Front,Indoor/Outdoor,800,4.77,30.58,None,,,01/01/2012,02/08/2013,"United States, Canada",ES_1020286_821CNC***02082013014224_2600518
2173395,Sanden Vendo America Inc,821,821CND***,,New,,,,Closed Front,Indoor/Outdoor,800,4.77,30.58,None,,,01/01/2012,02/08/2013,"United States, Canada",ES_1020286_821CND***02082013014223_2600518
2173394,Sanden Vendo America Inc,821,821CNP***,,New,,,,Closed Front,Indoor/Outdoor,800,4.77,30.58,None,,,01/01/2012,02/08/2013,"United States, Canada",ES_1020286_821CNP***02082013014222_2600518
2173397,Sanden Vendo America Inc,821,821CNT***,,New,,,,Closed Front,Indoor/Outdoor,800,4.77,30.58,None,,,01/01/2012,02/08/2013,"United States, Canada",ES_1020286_821CNT***02082013014225_2600518
2173392,Sanden Vendo America Inc,821,821PAD***,,New,,,,Closed Front,Indoor/Outdoor,800,4.33,30.58,None,,,03/01/2013,02/08/2013,"United States, Canada",ES_1020286_821PAD***02082013014220_2600518
2173398,Sanden Vendo America Inc,821,821PND***,,New,,,,Closed Front,Indoor/Outdoor,800,4.77,30.58,None,,,01/01/2012,02/08/2013,"United States, Canada",ES_1020286_821PND***02082013014212_2600518
2173393,Sanden Vendo America Inc,821,821TAD***,,New,,,,Closed Front,Indoor/Outdoor,800,4.33,30.58,None,,,03/01/2013,02/08/2013,"United States, Canada",ES_1020286_821TAD***02082013014221_2600518
2173399,Sanden Vendo America Inc,821,821TND***,,New,,,,Closed Front,Indoor/Outdoor,800,4.77,30.58,None,,,01/01/2012,02/08/2013,"United States, Canada",ES_1020286_821TND***02082013014213_2600518
2304846,Sanden Vendo America Inc,GF9AH****,GF9AH****,,New,,,,Glass Front,Indoor Only,405,3.81,38.54,None,,,11/01/2017,10/05/2017,"United States, Canada",ES_1020286_GF9AH****_10112017023225_70158197
2265623,Sanden Vendo America Inc,GFP,GF9AN****,,New,,,,Glass Front,Indoor Only,405,4.16,38.54,NONE,,,07/15/2015,04/22/2016,"United States, Canada",ES_1020286_GF9AN****04262016121355_70022812
2265622,Sanden Vendo America Inc,GF9,GF9AR****,,New,,,,Glass Front,Indoor Only,405,4.06,38.54,NONE,,,07/15/2015,04/22/2016,"United States, Canada",ES_1020286_GF9AR****04262016121355_70022812
2248309,Seaga Manufacturing Inc.,Infinity,INF5B,",INF5F-6 Tray,; Infinity,INF5B,",New,,,,Glass Front,Indoor Only,48,3.64,31.686,INF5F,,,08/01/2015,09/22/2015,"United States, Canada",ES_1061638_INF5B_09222015193433_0473615
2248313,Seaga Manufacturing Inc.,Infinity,INF5B,"Infinity,INF5B,",New,,,,Glass Front,Indoor Only,240,3.64,31.686,INF5B,,,08/01/2015,09/22/2015,"United States, Canada",ES_1061638_INF5B_09222015193852_0732343
2260401,Seaga Manufacturing Inc.,FlexiVend,LV2018,,New,,,,Closed Front,Indoor/Outdoor,300,3.6,25.9,N/A,,,01/22/2016,02/19/2016,United States,ES_1061638_LV2018_02112016204636_3596624
2186305,"The Wittern Group, Inc.",Summit 300,3501,,New,,,,Closed Front,Indoor Only,300,3.5,12.3,None,,,03/01/2013,07/18/2013,United States,ES_1060996_3501_07232013122306_7000184
2186312,"The Wittern Group, Inc.",CB300 Stand Alone,3501,,New,,,,Closed Front,Indoor Only,300,3.5,12.3,None,,,03/01/2013,07/18/2013,United States,ES_1060996_3501_07232013122315_7000184
2186319,"The Wittern Group, Inc.",AB 6/300 Stand Alone,3501,,New,,,,Closed Front,Indoor Only,300,3.5,12.3,None,,,03/01/2013,07/18/2013,United States,ES_1060996_3501_07232013122322_7000184
2186326,"The Wittern Group, Inc.",BC6 Stand Alone,3501,,New,,,,Closed Front,Indoor Only,300,3.5,12.3,None,,,03/01/2013,07/18/2013,United States,ES_1060996_3501_07232013122329_7000184
2186333,"The Wittern Group, Inc.",Summit 300,3501,,New,,,,Closed Front,Indoor Only,300,3.5,12.3,None,,,03/01/2013,07/18/2013,United States,ES_1060996_3501_07232013122336_7000184
2186301,"The Wittern Group, Inc.",Alpine ST5000,3565,,New,,,,Glass Front,Indoor Only,480,4.2,34.6,None,,,04/01/2013,07/18/2013,United States,ES_1060996_3565_07232013122302_7000184
2186308,"The Wittern Group, Inc.",5W Single Zone,3565,,New,,,,Glass Front,Indoor Only,480,4.2,34.6,None,,,04/01/2013,07/18/2013,United States,ES_1060996_3565_07232013122309_7000184
2186315,"The Wittern Group, Inc.",AB 5W Single Zone 45/675,3565,,New,,,,Glass Front,Indoor Only,480,4.2,34.6,None,,,04/01/2013,07/18/2013,United States,ES_1060996_3565_07232013122318_7000184
2186322,"The Wittern Group, Inc.",5W Single Zone,3565,,New,,,,Glass Front,Indoor Only,480,4.2,34.6,None,,,04/01/2013,07/18/2013,United States,ES_1060996_3565_07232013122325_7000184
2186329,"The Wittern Group, Inc.",Alpine ST5000,3565,,New,,,,Glass Front,Indoor Only,480,4.2,34.6,None,,,04/01/2013,07/18/2013,United States,ES_1060996_3565_07232013122332_7000184
2186302,"The Wittern Group, Inc.",Alpine VT5000,3566,,New,,,,Glass Front,Indoor Only,480,4.2,34.6,None,,,04/01/2013,07/18/2013,United States,ES_1060996_3566_07232013122303_7000184
2186309,"The Wittern Group, Inc.",5W Dual Zone,3566,,New,,,,Glass Front,Indoor Only,480,4.2,34.6,None,,,04/01/2013,07/18/2013,United States,ES_1060996_3566_07232013122312_7000184
2186316,"The Wittern Group, Inc.",AB 5W Dual Zone 45/675,3566,,New,,,,Glass Front,Indoor Only,480,4.2,34.6,None,,,04/01/2013,07/18/2013,United States,ES_1060996_3566_07232013122319_7000184
2186323,"The Wittern Group, Inc.",5W Dual Zone,3566,,New,,,,Glass Front,Indoor Only,480,4.2,34.6,None,,,04/01/2013,07/18/2013,United States,ES_1060996_3566_07232013122326_7000184
2186330,"The Wittern Group, Inc.",Alpine VT5000,3566,,New,,,,Glass Front,Indoor Only,480,4.2,34.6,None,,,04/01/2013,07/18/2013,United States,ES_1060996_3566_07232013122333_7000184
2186303,"The Wittern Group, Inc.",Alpine ST3000,3567,,New,,,,Glass Front,Indoor Only,308,3.5,20.95,None,,,04/01/2013,07/18/2013,United States,ES_1060996_3567_07232013122304_7000184
2186310,"The Wittern Group, Inc.",3W Single Zone,3567,,New,,,,Glass Front,Indoor Only,308,3.5,20.95,None,,,04/01/2013,07/18/2013,United States,ES_1060996_3567_07232013122313_7000184
2186317,"The Wittern Group, Inc.",AB 3W Single Zone 27/182,3567,,New,,,,Glass Front,Indoor Only,308,3.5,20.95,None,,,04/01/2013,07/18/2013,United States,ES_1060996_3567_07232013122320_7000184
2186324,"The Wittern Group, Inc.",3W Single Zone,3567,,New,,,,Glass Front,Indoor Only,308,3.5,20.95,None,,,04/01/2013,07/18/2013,United States,ES_1060996_3567_07232013122327_7000184
2186331,"The Wittern Group, Inc.",Alpine ST3000,3567,,New,,,,Glass Front,Indoor Only,308,3.5,20.95,None,,,04/01/2013,07/18/2013,United States,ES_1060996_3567_07232013122334_7000184
2186304,"The Wittern Group, Inc.",Alpine VT3000,3568,,New,,,,Glass Front,Indoor Only,308,3.5,20.95,None,,,04/01/2013,07/18/2013,United States,ES_1060996_3568_07232013122305_7000184
2186311,"The Wittern Group, Inc.",3W Dual Zone,3568,,New,,,,Glass Front,Indoor Only,308,3.5,20.95,None,,,04/01/2013,07/18/2013,United States,ES_1060996_3568_07232013122314_7000184
2186318,"The Wittern Group, Inc.",AB 3W Dual Zone 27/182,3568,,New,,,,Glass Front,Indoor Only,308,3.5,20.95,None,,,04/01/2013,07/18/2013,United States,ES_1060996_3568_07232013122321_7000184
2186325,"The Wittern Group, Inc.",3W Dual Zone,3568,,New,,,,Glass Front,Indoor Only,308,3.5,20.95,None,,,04/01/2013,07/18/2013,United States,ES_1060996_3568_07232013122328_7000184
2186332,"The Wittern Group, Inc.",Alpine VT3000,3568,,New,,,,Glass Front,Indoor Only,308,3.5,20.95,None,,,04/01/2013,07/18/2013,United States,ES_1060996_3568_07232013122335_7000184
2186306,"The Wittern Group, Inc.",Summit 300 Satellite,3569,,New,,,,Closed Front,Indoor Only,300,3.5,12.3,None,,,03/01/2013,07/18/2013,United States,ES_1060996_3569_07232013122307_7000184
2186313,"The Wittern Group, Inc.",CB300 Satellite,3569,,New,,,,Closed Front,Indoor Only,300,3.5,12.3,None,,,03/01/2013,07/18/2013,United States,ES_1060996_3569_07232013122316_7000184
2186320,"The Wittern Group, Inc.",AB 6/300 Satellite,3569,,New,,,,Closed Front,Indoor Only,300,3.5,12.3,None,,,03/01/2013,07/18/2013,United States,ES_1060996_3569_07232013122323_7000184
2186327,"The Wittern Group, Inc.",BC6 Satellite,3569,,New,,,,Closed Front,Indoor Only,300,3.5,12.3,None,,,03/01/2013,07/18/2013,United States,ES_1060996_3569_07232013122330_7000184
2186334,"The Wittern Group, Inc.",Summit 300 Satellite,3569,,New,,,,Closed Front,Indoor Only,300,3.5,12.3,None,,,03/01/2013,07/18/2013,United States,ES_1060996_3569_07232013122337_7000184
2186300,"The Wittern Group, Inc.",Summit 500,3578,,New,,,,Closed Front,Indoor Only,500,3.6,17.9,None,,,03/01/2013,07/18/2013,United States,ES_1060996_3578_07232013122338_7000184
2186307,"The Wittern Group, Inc.",Summit 500,3578,,New,,,,Closed Front,Indoor Only,500,3.6,17.9,None,,,03/01/2013,07/18/2013,United States,ES_1060996_3578_07232013122308_7000184
2186314,"The Wittern Group, Inc.",CB500,3578,,New,,,,Closed Front,Indoor Only,500,3.6,17.9,None,,,03/01/2013,07/18/2013,United States,ES_1060996_3578_07232013122317_7000184
2186321,"The Wittern Group, Inc.",AB 10/500 Cold Drink,3578,,New,,,,Closed Front,Indoor Only,500,3.6,17.9,None,,,03/01/2013,07/18/2013,United States,ES_1060996_3578_07232013122324_7000184
2186328,"The Wittern Group, Inc.",BC 10,3578,,New,,,,Closed Front,Indoor Only,500,3.6,17.9,None,,,03/01/2013,07/18/2013,United States,ES_1060996_3578_07232013122331_7000184
