ENERGY STAR Unique ID,ENERGY STAR Partner,Brand Name,Model Name,Model Number,Additional Model Information,Product Type,Amplifier Channels,Video Player Type,Tuner Included,Connected Technology,Default Auto Power Down (APD) Timing (min.),Average Power Consumption 2 Minutes Before APD (Watts),Average Power Consumption 2 Minutes After APD (Watts),Energy Use (Idle) (Watts),Energy Use (Sleep Mode) (Watts),Energy Use (Video Playback) (Watts),Energy Use (Audio Playback) (Watts),Is Amplifier Consumer or Commercial?,Amplifier Input Power at 1/8 Maximum Undistorted Power (Watts),Amplifier Efficiency %,Total Idle State Allowance (W) ,Total Sleep Mode Allowance (W)  ,Date Available On Market,Date Certified,Markets,CB Model Identifier
2294441,"Funai Corporation, Inc.",Sanyo,Blu-ray Disc / DVD Player,FWBP706F C,,Blu-ray Disc Player,N/A,Blu-ray Disc,No,"802.11 WiFi,Ethernet",25,5.2,0.3,5.1,0.3,7,5.8,N/A,,,N/A,4,06/12/2017,04/06/2017,"United States, Canada",ES_45054.0_FWBP706F C_04182017043731_0251712
2294445,"Funai Corporation, Inc.",Sanyo,Blu-ray Disc / DVD Player,FWBP505F Q,,Blu-ray Disc Player,N/A,Blu-ray Disc,No,N/A,25,3.9,0.3,3.9,0.3,5.5,4.4,N/A,,,N/A,1,06/05/2017,04/06/2017,"United States, Canada",ES_45054.0_FWBP505F Q_04182017052741_3261419
2296580,"Funai Corporation, Inc.",Sanyo,Blu-ray Disc / DVD Player,FWBP507FF,,Blu-ray Disc Player,N/A,Blu-ray Disc,No,N/A,25,3.9,0.3,3.9,0.3,5.5,4.4,N/A,,,N/A,1,11/15/2017,05/25/2017,"United States, Canada",ES_45054.0_FWBP507FF_05252017005357_3637048
2186664,MUSIC Tribe Manufacturing PH Ltd.,LAB.GRUPPEN,E Series,E 12:2,",E 4:2,; ,E 8:2,; ,E2:2,",Audio Amplifier - Full Spectrum,2.1,N/A,No,N/A,20,0.7,0,0.7,0,,,Commercial,36.5,67,N/A,1,01/01/2012,07/22/2013,"United States, Switzerland, Taiwan, Japan, Canada",ES_1105798_LAB.GRUPPEN AB (694821) | E 12:2_07312013013958_4798854
2195085,MUSIC Tribe Manufacturing PH Ltd.,LAB.GRUPPEN,LUCIA120/2M,LUCIA120/2M,",LUCIA120/2,",Audio Amplifier - Full Spectrum,2,N/A,No,N/A,20,12.3,1,0,1.1,,,Commercial,39.9,50,N/A,1,06/01/2015,05/04/2015,"United States, Switzerland, Taiwan, Japan, Canada",ES_1082434_LUCIA120/2M_10252013021728_2666221
2195086,MUSIC Tribe Manufacturing PH Ltd.,LAB.GRUPPEN,LUCIA240/2M,LUCIA240/2M,",LUCIA240/2,",Audio Amplifier - Full Spectrum,2,N/A,No,N/A,20,12.5,1.1,0,1.6,,,Commercial,54.3,56,N/A,1,06/01/2015,05/04/2015,"United States, Switzerland, Taiwan, Japan, Canada",ES_1082434_LUCIA240/2M_10252013021729_2666221
2241236,MUSIC Tribe Manufacturing PH Ltd.,LAB.GRUPPEN,Lucia 120/1-70,Lucia 120/1-70,,Audio Amplifier - Full Spectrum,1,N/A,No,USB,20,13.7,1.7,0,1.7,,,Commercial,52.1,59,N/A,2,06/01/2015,05/04/2015,"United States, Switzerland, Taiwan, Japan, Canada",ES_1082434_Lucia 120/1-70_06082015061811_70027769
2241237,MUSIC Tribe Manufacturing PH Ltd.,LAB.GRUPPEN,Lucia 240/1-70,Lucia 240/1-70,,Audio Amplifier - Full Spectrum,1,N/A,No,USB,20,13.8,1.7,0,1.7,,,Commercial,52.8,59,N/A,2,06/01/2015,05/04/2015,"United States, Switzerland, Taiwan, Japan, Canada",ES_1082434_Lucia 240/1-70_06082015061811_70027769
2282140,MUSIC Tribe Manufacturing PH Ltd.,LAB.GRUPPEN,E SERIES 5:4,E SERIES 5:4,,Audio Amplifier - Full Spectrum,4,N/A,No,N/A,20,29.4,0.7,0,0.7,,,Commercial,68.9,45,N/A,1,10/27/2016,10/04/2016,"United States, Switzerland, Taiwan, Japan, Canada",ES_1082434_E SERIES 5:4_10242016024052_70077110
2282141,MUSIC Tribe Manufacturing PH Ltd.,LAB.GRUPPEN,E SERIES 10:4,E SERIES 10:4,,Audio Amplifier - Full Spectrum,4,N/A,No,N/A,20,31.5,0.8,0,0.8,,,Commercial,110.9,56,N/A,1,10/27/2016,10/04/2016,"United States, Switzerland, Taiwan, Japan, Canada",ES_1082434_E SERIES 10:4_10242016024052_70077110
2285010,MUSIC Tribe Manufacturing PH Ltd.,LAB.GRUPPEN,Lucia 60/1-70,Lucia 60/1-70,,Audio Amplifier - Full Spectrum,1,N/A,No,USB,21,12.4,1,0,1,,,Commercial,16.5,,N/A,2,11/15/2016,11/08/2016,"United States, Switzerland, Taiwan, Japan, Canada",ES_1082434_Lucia 60/1-70_11292016050213_70086693
2285011,MUSIC Tribe Manufacturing PH Ltd.,LAB.GRUPPEN,Lucia 60/2,Lucia 60/2,,Audio Amplifier - Full Spectrum,2,N/A,No,USB,21,13,1,0,1,,,Commercial,14.8,,N/A,2,11/15/2016,11/08/2016,"United States, Switzerland, Taiwan, Japan, Canada",ES_1082434_Lucia 60/2_11292016050213_70086693
2285012,MUSIC Tribe Manufacturing PH Ltd.,LAB.GRUPPEN,Lucia 60/2M,Lucia 60/2M,,Audio Amplifier - Full Spectrum,2,N/A,No,USB,21,12.5,1,0,1,,,Commercial,15,,N/A,2,11/15/2016,11/08/2016,"United States, Switzerland, Taiwan, Japan, Canada",ES_1082434_Lucia 60/2M_11292016050213_70086693
2330878,"NEEC Audio Barcelona, S.L.",ECLER,GPA2-400ES,GPA2-400ES,,Audio Amplifier - Full Spectrum,2,N/A,No,N/A,2,99.1,0.5,23.7,0.5,,,Commercial,99.1,58,N/A,1,01/10/2018,12/07/2018,"United States, Canada",ES_1133828.0_GPA2-400ES_11072018075835_7515629
2331104,"NEEC Audio Barcelona, S.L.",ECLER,HSA2-400ES,HSA2-400ES,,Audio Amplifier - Full Spectrum,2,N/A,No,N/A,2,114.6,0.5,22.9,0.5,,,Commercial,88.4,56,N/A,1,12/11/2015,12/07/2018,"United States, Canada",ES_1133828.0_HSA2-400ES_12102018005452_3292224
2195161,Panasonic,Panasonic,DVD-S700,DVD-S700,,"CD Player,DVD Player",N/A,DVD with Upconversion,No,N/A,25,6.1,0.4,6.1,0.4,6.2,6.1,Consumer,,,N/A,1,11/18/2013,11/20/2013,"United States, Canada",ES_31845_DVD-S700_11192013113244_5501977
2195162,Panasonic,Panasonic,DVD-S500,DVD-S500,,"CD Player,DVD Player",N/A,DVD,No,N/A,25,5.5,0.5,5.5,0.5,5.9,5.7,Consumer,,,N/A,1,11/18/2013,11/20/2013,"United States, Canada",ES_31845_DVD-S500_11192013135231_2092553
2199567,Panasonic,Panasonic,SC-HC39,SC-HC39,,"Clock Radio,CD Player,Compact/Shelf Audio System",2,CD,Yes,Bluetooth,20,5.8,0.1,5.8,0.1,0,7.2,Consumer,7.8,22,N/A,2,02/01/2014,12/10/2013,"United States, Canada",ES_31845_SC-HC39_12312013111606_6529046
2246594,"QSC, LLC",QSC,SPA,SPA2-60,,Audio Amplifier - Full Spectrum,2,N/A,No,N/A,30,95.4,0.3,95.4,0.3,,,Commercial,37,44,N/A,1,10/15/2015,08/27/2015,"United States, Switzerland, Taiwan, Japan, Canada",ES_1114777.0_SPA2-60_08272015194530_4730192
2246595,"QSC, LLC",QSC,SPA,SPA4-60,,Audio Amplifier - Full Spectrum,4,N/A,No,N/A,30,98.6,0.5,98.6,0.5,,,Commercial,64.3,,N/A,1,10/15/2015,08/27/2015,"United States, Switzerland, Taiwan, Japan, Canada",ES_1114777.0_SPA4-60_08272015194947_4987503
2269781,"QSC, LLC",QSC,SPA2-200,SPA2-200,,Audio Amplifier - Full Spectrum,2,N/A,No,N/A,25,7.3,0.5,7.3,0.5,,,Commercial,68.5,58,N/A,1,06/21/2016,06/15/2016,"United States, Switzerland, Taiwan, Japan, Canada",ES_1114777.0_SPA2-200_06152016143328_1208118
2269782,"QSC, LLC",QSC,SPA4-100,SPA4-100,,Audio Amplifier - Full Spectrum,4,N/A,No,N/A,25,10.1,0.6,10.1,0.6,,,Commercial,65.7,47,N/A,1,06/21/2016,06/15/2016,"United States, Switzerland, Taiwan, Japan, Canada",ES_1114777.0_SPA4-100_06152016145326_2406126
2181005,"Samsung Electronics Co., Ltd.",Samsung,DVD-E360,DVD-E360,,Other,N/A,DVD,No,N/A,25,5.8,0.4,4.9,0.4,5.8,5.8,Consumer,,,N/A,1,05/15/2013,05/16/2013,"United States, Switzerland, Canada",ES_1105798_SAMSUNG ELECTRONICS CO LTD VISUAL DISPLAY DIV (272077) | DVD-E360_05162013095402_8042037
2181555,"Samsung Electronics Co., Ltd.",Samsung,DVD-C500,DVD-C500,,Other,N/A,DVD,No,N/A,25,5.8,0.5,4.9,0.5,5.8,5.8,Consumer,,,N/A,1,05/25/2013,05/24/2013,United States,ES_1105798_SAMSUNG ELECTRONICS CO LTD VISUAL DISPLAY DIV (272077) | DVD-C500_05282013101044_5844496
2232613,"Samsung Electronics Co., Ltd.",Samsung,BD-J5100,BD-J5100,"BD-JM51,BD-JM51,; BD-JM51C,BD-JM51C,",Blu-ray Disc Player,N/A,N/A,No,N/A,25,4.5,0.3,0,0.3,4.5,4.5,Consumer,,,N/A,1,02/23/2015,02/02/2015,"United States, Switzerland, Canada",ES_1023593.0_BD-J5100_02042015083453_8893750
2232695,"Samsung Electronics Co., Ltd.",Samsung,BD-J5900,BD-J5900,"BD-JM59,BD-JM59,; BD-JM59C,BD-JM59C,",Blu-ray Disc Player,N/A,N/A,No,N/A,25,4.5,0.3,0,0.3,4.5,4.5,Consumer,,,N/A,1,02/23/2015,02/02/2015,"United States, Switzerland, Canada",ES_1023593.0_BD-J5900_02052015011636_8996540
2232696,"Samsung Electronics Co., Ltd.",Samsung,BD-J5700,BD-J5700,"BD-JM57,BD-JM57,; BD-JM57C,BD-JM57C,",Blu-ray Disc Player,N/A,N/A,No,N/A,25,4.5,0.3,0,0.3,4.5,4.5,Consumer,,,N/A,1,02/23/2015,02/02/2015,"United States, Switzerland, Canada",ES_1023593.0_BD-J5700_02052015013346_0026577
2232866,"Samsung Electronics Co., Ltd.",Samsung,HW-J355,HW-J355,"HW-J350,HW-J350,; HW-J355,HW-J355,; HW-JM35,HW-JM35,",Audio Amplifier - Limited Bandwidth,2.1,N/A,No,N/A,25,8,0.3,0,0.3,,,Consumer,16.2,,N/A,1,02/23/2015,02/06/2015,"United States, Switzerland, Canada",ES_1023593.0_HW-J355_02102015061854_9134662
2232868,"Samsung Electronics Co., Ltd.",Samsung,HW-J450,HW-J450,"HW-J450,HW-J450,; HW-JM45,HW-JM45,",Audio Amplifier - Limited Bandwidth,2.1,N/A,No,N/A,25,7.4,0.3,0,0.3,,,Consumer,16.2,,N/A,1,02/23/2015,02/06/2015,"United States, Switzerland, Canada",ES_1023593.0_HW-J450_02102015063513_0113504
2232880,"Samsung Electronics Co., Ltd.",Samsung,HW-J6000,HW-J6000,"HW-J4000,HW-J4000,; HW-J6000,HW-J6000,; HW-J6000R,HW-J6000R,; HW-J6001R,HW-J6001R,; HW-J6010R,HW-J6010R,; HW-J6011R,HW-J6011R,; HW-JM4000,HW-JM4000,; HW-JM4000C,HW-JM4000C,; HW-JM6000,HW-JM6000,; HW-JM6000C,HW-JM6000C,",Audio Amplifier - Limited Bandwidth,6.1,N/A,No,N/A,25,5.2,0.3,0,0.3,,,Consumer,16.2,,N/A,1,04/01/2015,02/06/2015,"United States, Switzerland, Canada",ES_1023593.0_HW-J6000_02102015064905_0945418
2234856,"Samsung Electronics Co., Ltd.",Samsung,HW-J250,HW-J250,"HW-J250,HW-J250,; HW-JM25,HW-JM25,; HW-JM25C,HW-JM25C,",Audio Amplifier - Limited Bandwidth,1.1,N/A,No,N/A,25,4.4,0.5,0,0.5,,,Consumer,9,,N/A,1,04/01/2015,03/19/2015,"United States, Switzerland, Canada",ES_1023593.0_HW-J250_03192015043736_9856425
2234857,"Samsung Electronics Co., Ltd.",Samsung,HW-J370,HW-J370,"HW-J370,HW-J370,; HW-JM37,HW-JM37,; HW-JM37C,HW-JM37C,",Audio Amplifier - Limited Bandwidth,1.1,N/A,No,N/A,25,7.7,0.3,0,0.3,,,Consumer,6.1,,N/A,1,04/01/2015,03/19/2015,"United States, Switzerland, Canada",ES_1023593.0_HW-J370_03192015050358_1438733
2234858,"Samsung Electronics Co., Ltd.",Samsung,HW-J470,HW-J470,"HW-J470,HW-J470,; HW-JM47,HW-JM47,",Audio Amplifier - Limited Bandwidth,1.1,N/A,No,N/A,25,8.2,0.3,0,0.3,,,Consumer,16.3,,N/A,1,04/01/2015,03/19/2015,"United States, Switzerland, Canada",ES_1023593.0_HW-J470_03192015062539_6339540
2234860,"Samsung Electronics Co., Ltd.",Samsung,HW-J550,HW-J550,"HW-J550,HW-J550,; HW-J551,HW-J551,; HW-JM55,HW-JM55,; HW-JM55C,HW-JM55C,",Audio Amplifier - Limited Bandwidth,1.1,N/A,No,N/A,25,6.1,0.3,0,0.3,,,Consumer,16.3,,N/A,1,04/01/2015,03/19/2015,"United States, Switzerland, Canada",ES_1023593.0_HW-J550_03192015071059_9059718
2236283,"Samsung Electronics Co., Ltd.",Samsung,HW-JM45C,HW-JM45C,,Audio Amplifier - Limited Bandwidth,1.1,N/A,No,N/A,25,7.7,0.3,0,0.3,,,Consumer,16.3,,N/A,1,06/30/2015,04/13/2015,Canada,ES_1023593.0_HW-JM45C_04142015054241_0161776
2238004,"Samsung Electronics Co., Ltd.",Samsung,HW-H500,HW-H500,,Audio Amplifier - Full Spectrum,2.1,N/A,No,N/A,25,17.8,0.3,0,0.3,,,Consumer,17.8,,N/A,1,07/20/2014,07/15/2014,"United States, Switzerland, Canada",ES_1023593.0_HW-H500_04222015072328_7408035
2253960,"Samsung Electronics Co., Ltd.",Samsung,BD-J4500,BD-J4500,"BD-J4500,BD-J4500,; BD-J4500R,BD-J4500R,",Blu-ray Disc Player,N/A,N/A,No,N/A,25,5.2,0.3,0,0.3,5.2,5.2,Consumer,,,N/A,1,12/16/2015,11/27/2015,"United States, Switzerland, Canada",ES_1023593.0_BD-J4500_12012015072524_4724488
2257811,"Samsung Electronics Co., Ltd.",Samsung,HW-K450,HW-K450,"HW-K430,HW-K430,; HW-K460,HW-K460,; HW-KM45,HW-KM45,; HW-KM45C,HW-KM45C,",Audio Amplifier - Limited Bandwidth,4.1,N/A,No,N/A,15,5.6,0.3,0,0.3,,,Consumer,24.5,58,N/A,1,03/10/2016,02/05/2015,"United States, Switzerland, Canada",ES_1023593.0_HW-K450_02042016052349_3429761
2257812,"Samsung Electronics Co., Ltd.",Samsung,HW-K360,HW-K360,"HW-K360,HW-K360,; HW-K369,HW-K369,; HW-KM36,HW-KM36,; HW-KM36C,HW-KM36C,",Audio Amplifier - Limited Bandwidth,2.1,N/A,No,N/A,15,5.2,0.3,0,0.3,,,Consumer,12,,N/A,1,03/10/2016,02/05/2015,"United States, Switzerland, Canada",ES_1023593.0_HW-K360_02042016051827_3107845
2260246,"Samsung Electronics Co., Ltd.",Samsung,HW-K550,HW-K550,"HW-K551,HW-K551,; HW-K560,HW-K560,; HW-KM55,HW-KM55,; HW-KM55C,HW-KM55C,; HW-KM57C,HW-KM57C,",Audio Amplifier - Limited Bandwidth,4.1,N/A,No,N/A,15,6.2,0.3,0,0.3,,,Consumer,,,N/A,1,03/10/2016,02/18/2016,"United States, Switzerland, Canada",ES_1023593.0_HW-K550_02182016044242_0562628
2260682,"Samsung Electronics Co., Ltd.",Samsung,HW-K370,HW-K370,"HW-K380,HW-K380,; HW-KM37,HW-KM37,; HW-KM37C,HW-KM37C,; HW-KM38,HW-KM38,; HW-KM39,HW-KM39,",Audio Amplifier - Limited Bandwidth,2.1,N/A,No,N/A,15,5.5,0.3,0,0.3,,,Consumer,12.3,,N/A,1,03/20/2016,02/24/2016,"United States, Canada",ES_1023593.0_HW-K370_02242016082624_2384222
2260685,"Samsung Electronics Co., Ltd.",Samsung,HW-K470,HW-K470,"HW-K480,HW-K480,; HW-KM47,HW-KM47,; HW-KM47C,HW-KM47C,",Audio Amplifier - Limited Bandwidth,4.1,N/A,No,N/A,15,5.6,0.3,0,0.3,,,Consumer,24.7,58,N/A,1,03/20/2016,02/24/2016,"United States, Switzerland, Canada",ES_1023593.0_HW-K470_02242016083041_2641083
2289198,"Samsung Electronics Co., Ltd.",Samsung,HW-M450,HW-M450,"HW-M460,HW-M460,; HW-M495,HW-M495,; HW-MM45,HW-MM45,; HW-MM45C,HW-MM45C,",Audio Amplifier - Limited Bandwidth,2.1,N/A,No,N/A,15,5.3,0.2,0,0.2,,,Consumer,22,74,N/A,1,02/10/2017,01/22/2017,"United States, Canada",ES_1023593.0_HW-M450_01232017065627_4587531
2289207,"Samsung Electronics Co., Ltd.",Samsung,HW-M360,HW-M360,"HW-M369,HW-M369,; HW-M395,HW-M395,; HW-MM36,HW-MM36,; HW-MM36C,HW-MM36C,; HW-MM37,HW-MM37,",Audio Amplifier - Limited Bandwidth,2.1,N/A,No,N/A,15,4.5,0.2,0,0.2,,,Consumer,12,56,N/A,1,02/10/2017,01/22/2017,"United States, Canada",ES_1023593.0_HW-M360_01232017065610_4570663
2290143,"Samsung Electronics Co., Ltd.",Samsung,HW-M4500,HW-M4500,"HW-M4500C,HW-M4500C,; HW-M4501,HW-M4501,; HW-M4510,HW-M4510,; HW-M4511,HW-M4511,; HW-M4990,HW-M4990,; HW-M4991,HW-M4991,; HW-MM4500,HW-MM4500,; HW-MM4500C,HW-MM4500C,",Audio Amplifier - Limited Bandwidth,2,N/A,No,N/A,15,4.6,0.2,0,0.2,,,Consumer,24,78,N/A,1,02/28/2017,02/06/2017,"United States, Switzerland, Canada",ES_1023593.0_HW-M4500_02072017120755_9275338
2290144,"Samsung Electronics Co., Ltd.",Samsung,HW-M550,HW-M550,"HW-M560,HW-M560,; HW-M595,HW-M595,; HW-MM55,HW-MM55,; HW-MM55C,HW-MM55C,",Audio Amplifier - Limited Bandwidth,2.1,N/A,No,N/A,15,5.8,0.2,0,0.2,,,Consumer,22.5,73,N/A,1,02/28/2017,02/06/2017,"United States, Canada",ES_1023593.0_HW-M550_02072017120855_9335880
2297678,"Samsung Electronics Co., Ltd.",Samsung,HW-M370,HW-M370,,Audio Amplifier - Limited Bandwidth,2.1,N/A,No,N/A,15,4.6,0.2,0,0.2,,,Consumer,12.2,56,N/A,1,06/30/2017,06/18/2017,"United States, Switzerland, Canada",ES_1023593.0_HW-M370_06192017073935_7975744
2300708,"Samsung Electronics Co., Ltd.",Samsung,HW-M430,HW-M430,,Audio Amplifier - Limited Bandwidth,2.1,N/A,No,N/A,15,5.7,0.2,0,0.2,,,Consumer,22.3,74,N/A,1,08/15/2017,07/27/2017,"United States, Switzerland, Canada",ES_1023593.0_HW-M430_07282017004624_2784415
2321513,"Samsung Electronics Co., Ltd.",Samsung,PS-WM20,PS-WM20,"PS-WM30,PS-WM30,",Subwoofer,1,N/A,No,N/A,15,4.5,0.3,0,0.3,,,Consumer,22,53,N/A,1,06/25/2018,06/21/2018,"United States, Canada",ES_1023593.0_PS-WM20_06222018022400_4240610
2330877,"Samsung Electronics Co., Ltd.",Samsung,HW-N450,HW-N450,"HW-N4##,HW-N4##,; HW-N400,HW-N400,; HW-NM4##,HW-NM4##,; HW-NM45C,HW-NM45C,",Audio Amplifier - Limited Bandwidth,2.1,N/A,No,"Bluetooth, HDMI-CEC",15,5.1,2.5,0,2.5,,,Consumer,20,58,N/A,4,07/10/2018,11/15/2018,United States,ES_1023593.0_HW-N450_11152018070553_5553309
2331015,"Samsung Electronics Co., Ltd.",Samsung,HW-N650,HW-N650,"HW-MN6##,HW-MN6##,; HW-N6##,HW-N6##,; HW-NM65C,HW-NM65C,",Audio Amplifier - Limited Bandwidth,5.1,N/A,No,"Bluetooth, HDMI-CEC",15,7.6,2.5,0,2.5,,,Consumer,23.8,55,N/A,4,07/10/2018,11/15/2018,United States,ES_1023593.0_HW-N650_11152018070630_5590705
2331016,"Samsung Electronics Co., Ltd.",Samsung,HW-N550,HW-N550,"HW-N5##,HW-N5##,; HW-NM5##,HW-NM5##,",Audio Amplifier - Limited Bandwidth,2.1,N/A,No,"Bluetooth, HDMI-CEC",15,6.3,2.5,0,2.5,,,Consumer,22.8,68,N/A,4,07/10/2018,11/15/2018,United States,ES_1023593.0_HW-N550_11152018070610_5570093
2333677,"Samsung Electronics Co., Ltd.",Samsung,HW-Q70R,HW-Q70R,"HW-Q750R,HW-Q750R,; HW-Q76R,HW-Q76R,; HW-Q7CR,HW-Q7CR,",Audio Amplifier - Limited Bandwidth,2.1,N/A,No,"Bluetooth, HDMI-CEC, WIFI",5,6.3,3.2,0,3.2,,,Consumer,27.3,57,N/A,6,04/01/2019,02/17/2019,"United States, Canada",ES_1023593.0_HW-Q70R_02182019041333_3213917
2333678,"Samsung Electronics Co., Ltd.",Samsung,HW-Q60R,HW-Q60R,"HW-Q6##,HW-Q6##,; HW-Q650R,HW-Q650R,; HW-Q6CR,HW-Q6CR,; HW-Q6CRV,HW-Q6CRV,",Audio Amplifier - Limited Bandwidth,5.1,N/A,No,"Bluetooth, HDMI-CEC",15,7.6,2.5,0,2.5,,,Consumer,23.8,55,N/A,4,03/01/2019,01/14/2019,"United States, Canada",ES_1023593.0_HW-Q60R_01152019045858_8338618
2333679,"Samsung Electronics Co., Ltd.",Samsung,HW-R650,HW-R650,"HW-R60#,HW-R60#,; HW-R600,HW-R600,; HW-R60C,HW-R60C,; HW-R60M,HW-R60M,; HW-R60MV,HW-R60MV,; HW-R630,HW-R630,; HW-R660,HW-R660,",Audio Amplifier - Limited Bandwidth,2.1,N/A,No,"Bluetooth, HDMI-CEC",15,6.3,2.5,0,2.5,,,Consumer,22.8,68,N/A,4,03/01/2019,01/14/2019,"United States, Canada",ES_1023593.0_HW-R650_01152019050258_8578254
2333680,"Samsung Electronics Co., Ltd.",Samsung,HW-R550,HW-R550,"HW-R50#,HW-R50#,; HW-R500,HW-R500,; HW-R50C,HW-R50C,; HW-R50M,HW-R50M,; HW-R530,HW-R530,; HW-R540,HW-R540,; HW-R560,HW-R560,",Audio Amplifier - Limited Bandwidth,2.1,N/A,No,"Bluetooth, HDMI-CEC",15,5.1,2.5,0,2.5,,,Consumer,20,58,N/A,4,03/01/2019,01/14/2019,"United States, Canada",ES_1023593.0_HW-R550_01152019062101_3261859
2333681,"Samsung Electronics Co., Ltd.",Samsung,HW-R450,HW-R450,"HW-R40#,HW-R40#,; HW-R400,HW-R400,; HW-R40C,HW-R40C,; HW-R40M,HW-R40M,; HW-R430,HW-R430,; HW-R460,HW-R460,; HW-R470,HW-R470,; HW-R47M,HW-R47M,; HW-R480,HW-R480,",Audio Amplifier - Limited Bandwidth,2.1,N/A,No,"Bluetooth, SRD",15,4.5,2.5,0,2.5,,,Consumer,12,56,N/A,4,03/01/2019,01/21/2019,"United States, Canada",ES_1023593.0_HW-R450_01222019042934_1374382
2331013,"Samsung Electronics Co., Ltd.",SAMSUNG harman/kardon,HW-N950,HW-N950,"HW-N9##,HW-N9##,",Audio Amplifier - Limited Bandwidth,5.1,N/A,No,"Bluetooth, HDMI-CEC, WIFI",15,7.6,3.7,0,3.7,,,Consumer,26.6,66,N/A,6,07/10/2018,11/15/2018,United States,ES_1023593.0_HW-N950_11152018070718_5638940
2331014,"Samsung Electronics Co., Ltd.",SAMSUNG harman/kardon,HW-N850,HW-N850,"HW-N8##,HW-N8##,",Audio Amplifier - Limited Bandwidth,5.1,N/A,No,"Bluetooth, HDMI-CEC, WIFI",15,7.6,3.7,0,3.7,,,Consumer,26.6,66,N/A,6,07/10/2018,11/15/2018,United States,ES_1023593.0_HW-N850_11152018070652_5612672
2160778,Sony Electronics Inc.,SONY,DVP-SR210P,DVP-SR210P,,DVD Player,N/A,DVD,No,N/A,25,3,0.4,3,0.4,4,4.3,Consumer,,,N/A,1,12/01/2012,12/04/2012,"United States, Canada",ES_1105798_SONY ELECTRONICS INC (264442) | DVP-SR210P_12042012082642_9602769
2178206,Sony Electronics Inc.,SONY,BDP-S790,BDP-S790,,Blu-ray Disc Player,N/A,Blu-ray Disc,No,"802.11 WiFi,Ethernet",30,6.8,0.1,7.5,0.1,9.1,8.1,Consumer,,,N/A,1,03/10/2012,04/17/2013,"United States, Canada",ES_1105798_SONY EMCS (MALAYSIA) SDN BHD (429496) | BDP-S790_04182013175245_7565436
2178285,Sony Electronics Inc.,SONY,DVP-SR510H,DVP-SR510H,,DVD Player,N/A,DVD,No,N/A,25,3,0.3,3,0.3,4.1,4.6,Consumer,,,N/A,1,12/01/2012,04/17/2013,"United States, Canada",ES_1105798_SONY ELECTRONICS INC (264442) | DVP-SR510H_04222013140301_9381881
2222304,Sony Electronics Inc.,SONY,BDP-S1500,BDP-S1500,",BDP-BX120,; ,BDP-BX150,; ,BDP-S1200,","CD Player,Blu-ray Disc Player,DVD Player",N/A,Blu-ray Disc,No,Gigabit Ethernet,20,3.3,0.2,3.6,0.2,5,4.2,N/A,,,N/A,3,12/31/2013,10/02/2014,"United States, Canada",ES_40361.0_BDP-S1500_10022014153238_3958750
2279731,Sony Electronics Inc.,SONY,BDP-BX670,BDP-BX670,,Blu-ray Disc Player,N/A,Blu-ray Disc,No,"802.11 WiFi,Ethernet",20,5.6,0.3,5.5,0.3,7.6,7.5,Consumer,0,0,N/A,1,12/17/2015,10/05/2015,"United States, Canada",ES_40361.0_BDP-BX670_09212016051436_4876905
2299733,Sony Electronics Inc.,SONY,UBP-UX70,UBP-UX70,,"CD Player,Blu-ray Disc Player,DVD Player",N/A,Blu-ray Disc,No,"802.11 WiFi,Ethernet",20,,,4.7,0.3,6.8,5.5,N/A,,,N/A,1,11/20/2017,07/13/2017,"United States, Canada",ES_40361.0_UBP-UX70_07132017061704_6624243
2299734,Sony Electronics Inc.,SONY,UBP-X700,UBP-X700,,"CD Player,Blu-ray Disc Player,DVD Player",N/A,Blu-ray Disc,No,"802.11 WiFi,Ethernet",20,,,4.7,0.3,6.8,5.5,N/A,,,N/A,1,11/20/2017,07/13/2017,"United States, Canada",ES_40361.0_UBP-X700_07132017061438_6478527
2315190,Sony Electronics Inc.,SONY,UBP-X500,UBP-X500,,"CD Player,Blu-ray Disc Player,DVD Player",N/A,Blu-ray Disc,No,Ethernet,20,,,4.1,0.3,6,4.9,N/A,,,N/A,1,09/29/2018,03/21/2018,"United States, Canada",ES_40361.0_UBP-X500_03202018095015_9415092
2309534,Apple Inc.,Apple,HomePod,A1639,,Audio Amplifier - Full Spectrum,8,N/A,No,"802.11 WiFi,Other",8,4.4,1.7,4.4,1.7,,,Commercial,7.9,2,N/A,4,01/26/2018,01/15/2018,"United States, Switzerland, Taiwan, Japan, Canada",ES_1023756_A1639_01182018054357_70170366
2307781,"Biamp Systems, LLC",BIAMP,AMP-A460H,AMP-A460H,,Audio Amplifier - Full Spectrum,4,N/A,No,N/A,11,,,13.6,0.9,,,Commercial,81.9,47,N/A,1,11/11/2016,12/14/2017,"United States, Switzerland, Taiwan, Japan, Canada",ES_1018460.0_AMP-A460H_12142017124724_5644588
2180868,Extron Electronics,Extron,Audio Amplifier,MPA 401-100V,,Audio Amplifier - Full Spectrum,1,N/A,No,N/A,23,7.5,0.7,7.5,0.7,,,Commercial,14,36,N/A,1,04/29/2013,05/10/2013,"United States, Switzerland, Taiwan, Japan, Canada",ES_1105798_EXTRON ELECTRONICS (16856) | MPA 401-100V_05132013232346_7426606
2180869,Extron Electronics,Extron,Audio Amplifier,MPA 401-70V,,Audio Amplifier - Full Spectrum,1,N/A,No,N/A,23,6.5,0.7,6.5,0.7,,,Commercial,12.8,41,N/A,1,04/29/2013,05/10/2013,"United States, Switzerland, Taiwan, Japan, Canada",ES_1105798_EXTRON ELECTRONICS (16856) | MPA 401-70V_05132013232215_7335012
2180871,Extron Electronics,Extron,Audio Amplifier,MPA 152,,Audio Amplifier - Full Spectrum,2,N/A,No,N/A,23,3.4,0.5,3.3,0.5,,,Commercial,7.9,46,N/A,1,08/31/2011,05/10/2013,"United States, Switzerland, Taiwan, Japan, Canada",ES_1105798_EXTRON ELECTRONICS (16856) | MPA 152_05132013221234_3154575
2180872,Extron Electronics,Extron,Audio Amplifier,XPA 2001-100V,,Audio Amplifier - Full Spectrum,1,N/A,No,N/A,22,12.5,0.3,12.5,0.3,,,Commercial,45.7,78,N/A,1,05/01/2013,05/10/2013,"United States, Switzerland, Taiwan, Japan, Canada",ES_1105798_EXTRON ELECTRONICS (16856) | XPA 2001-100V_05132013232806_7686504
2180873,Extron Electronics,Extron,Audio Amplifier,XPA 2001-70V,,Audio Amplifier - Full Spectrum,1,N/A,No,N/A,23,11.7,0.3,11.6,0.3,,,Commercial,46.3,58,N/A,1,05/01/2013,05/10/2013,"United States, Switzerland, Taiwan, Japan, Canada",ES_1105798_EXTRON ELECTRONICS (16856) | XPA 2001-70V_05132013232816_7696719
2180874,Extron Electronics,Extron,Audio Amplifier,XPA 2002-100V,,Audio Amplifier - Full Spectrum,2,N/A,No,N/A,25,25.8,0.9,24.2,0.4,,,Commercial,92.3,59,N/A,1,05/12/2011,05/10/2013,"United States, Switzerland, Taiwan, Japan, Canada",ES_1105798_EXTRON ELECTRONICS (16856) | XPA 2002-100V_05132013221520_3320702
2180875,Extron Electronics,Extron,Audio Amplifier,XPA 2002-70V,,Other,2,N/A,No,N/A,23,20.5,0.5,20.6,0.5,,,Commercial,88.4,61,N/A,1,05/01/2013,05/10/2013,"United States, Switzerland, Taiwan, Japan, Canada",ES_1105798_EXTRON ELECTRONICS (16856) | XPA 2002-70V_05132013221532_3332961
2180876,Extron Electronics,Extron,Audio Amplifier,XPA 2003C-70V,,Audio Amplifier - Full Spectrum,3,N/A,No,N/A,24,31.1,0.5,31.1,0.5,,,Commercial,119.5,58,N/A,1,05/01/2013,05/10/2013,"United States, Switzerland, Taiwan, Japan, Canada",ES_1105798_EXTRON ELECTRONICS (16856) | XPA 2003C-70V_05132013233025_7825496
2180877,Extron Electronics,Extron,Audio Amplifier,XPA 2004,,Audio Amplifier - Full Spectrum,4,N/A,No,N/A,24,28.7,0.5,28.7,0.5,,,Commercial,150,65,N/A,1,10/15/2010,05/10/2013,"United States, Switzerland, Taiwan, Japan, Canada",ES_1105798_EXTRON ELECTRONICS (16856) | XPA 2004_05132013233151_7911931
2180878,Extron Electronics,Extron,XPA 4002,XPA 4002,",XPA 4002-70V,; XPA 4002,XPA 4002,",Audio Amplifier - Full Spectrum,2,N/A,No,N/A,23,30.7,0.4,30.7,0.4,,,Commercial,175,65,N/A,1,02/15/2012,05/10/2013,"United States, Switzerland, Taiwan, Japan, Canada",ES_1105798_EXTRON ELECTRONICS (16856) | XPA 4002_05132013233305_7985873
2180879,Extron Electronics,Extron,Audio Amplifier,XPA 2003C-100V,,Audio Amplifier - Full Spectrum,3,N/A,No,N/A,23,28.9,0.4,29.8,0.5,,,Commercial,122,60,N/A,1,05/14/2013,05/10/2013,"United States, Switzerland, Taiwan, Japan, Canada",ES_1105798_EXTRON ELECTRONICS (16856) | XPA 2003C-100V_05132013233013_7813235
2189543,Extron Electronics,Extron,Audio Amplifier,MPA 152 PLUS,,Audio Amplifier - Full Spectrum,2,N/A,No,N/A,27,4.2,0.8,4.2,0.7,,,Commercial,8.9,40,N/A,1,09/01/2013,09/03/2013,"United States, Switzerland, Taiwan, Japan, Canada",ES_1105798_EXTRON ELECTRONICS (16856) | MPA 152 PLUS_09032013192716_6436492
2200234,Extron Electronics,Extron,PVS 405D,PVS 405D,,Audio Amplifier - Full Spectrum,2,N/A,No,"Other,Ethernet,RS-232",5,11.9,1.9,11.3,1.8,,,Commercial,19.4,31,N/A,3,01/20/2014,01/14/2014,"United States, Switzerland, Taiwan, Japan, Canada",ES_1105798_EXTRON ELECTRONICS (16856) | PVS 405D_01152014204227_8547308
2216146,Extron Electronics,Extron,XPA 1002 PLUS,XPA 1002 PLUS,",XPA 1002,",Audio Amplifier - Full Spectrum,2,N/A,No,N/A,26,14.7,0.3,14.6,0.4,14.6,0.4,Commercial,51.2,53,N/A,1,07/15/2010,07/17/2014,"United States, Switzerland, Taiwan, Japan, Canada",ES_1041015_EXTRON ELECTRONICS (156892) | XPA 1002 PLUS_11182013055128_3888054
2241191,Extron Electronics,Extron,NetPA 502 AT,NetPA 502 AT,,Audio Amplifier - Full Spectrum,2,N/A,No,Ethernet,25,7.1,1.7,7.3,1.7,,,Commercial,21.2,65,N/A,2,05/25/2015,06/08/2015,"United States, Switzerland, Taiwan, Japan, Canada",ES_1041015.0_NetPA 502 AT_06082015170122_2882340
2241192,Extron Electronics,Extron,NetPA 1001-70V AT,NetPA 1001-70V AT,,Audio Amplifier - Full Spectrum,1,N/A,No,Ethernet,25,7.6,1.6,7.7,1.6,,,Commercial,24.3,65,N/A,2,05/25/2015,06/08/2015,"United States, Switzerland, Taiwan, Japan, Canada",ES_1041015.0_NetPA 1001-70V AT_06082015162028_0428788
2251407,Extron Electronics,Extron,PVS 407D,PVS 407D,,Audio Amplifier - Full Spectrum,2,N/A,No,"Other,Ethernet,RS-232",,,,10.4,3.6,,,Commercial,19.8,36,14,5,10/30/2015,10/28/2015,"United States, Switzerland, Taiwan, Japan, Canada",ES_1041015.0_PVS 407D_10282015154410_7050311
2262547,Extron Electronics,Extron,XPA 1002-70V,XPA 1002-70V,,Audio Amplifier - Full Spectrum,2,N/A,No,N/A,27,12.9,0.5,12.9,0.5,,,Commercial,43.7,60,N/A,1,03/15/2016,03/17/2016,"United States, Switzerland, Taiwan, Japan, Canada",ES_1041015.0_XPA 1002-70V_03172016182352_9032228
2279804,Extron Electronics,Extron,XPA 1002-100V,XPA 1002-100V,,Audio Amplifier - Full Spectrum,2,N/A,No,N/A,28,8.9,0.4,9,0.4,,,Commercial,46.7,62,N/A,1,10/01/2016,09/21/2016,"United States, Switzerland, Taiwan, Japan, Canada",ES_1041015.0_XPA 1002-100V_09212016171843_8323718
2279831,Extron Electronics,Extron,MPA 601-70V,MPA 601-70V,,Audio Amplifier - Full Spectrum,1,N/A,No,N/A,27,6.2,0.8,6.3,0.8,,,Commercial,15.8,50,N/A,1,10/01/2016,09/21/2016,"United States, Switzerland, Taiwan, Japan, Canada",ES_1041015.0_MPA 601-70V_09212016194834_7314693
2279833,Extron Electronics,Extron,MPA 601-100V,MPA 601-100V,,Audio Amplifier - Full Spectrum,1,N/A,No,N/A,29,7.1,0.8,6.4,0.9,,,Commercial,16.6,52,N/A,1,10/02/2016,09/21/2016,"United States, Switzerland, Taiwan, Japan, Canada",ES_1041015.0_MPA 601-100V_09212016211344_2424927
2320659,Extron Electronics,Extron,SB 33 A 46-55,SB 33 A 46-55,"SB 33 A 46-55,SB 33 A 55-65,",Audio Amplifier - Full Spectrum,,N/A,No,N/A,,3.7,0.7,3.6,0.7,,,Commercial,8.4,,N/A,1,09/30/2018,05/31/2018,"United States, Canada",ES_1041015.0_SB 33 A 46-55_05312018180454_9894630
2320663,Extron Electronics,Extron,SB 33 A 65-70,SB 33 A 65-70,,Audio Amplifier - Full Spectrum,,N/A,No,N/A,,3.7,0.7,3.6,0.7,,,Commercial,8.4,,N/A,1,09/30/2018,05/31/2018,"United States, Canada",ES_1041015.0_SB 33 A 65-70_05312018190141_3301527
2320668,Extron Electronics,Extron,SB 33 A 75-80,SB 33 A 75-80,,Audio Amplifier - Full Spectrum,,N/A,No,N/A,,3.7,0.7,3.6,0.7,,,Commercial,8.4,,N/A,1,09/30/2018,05/31/2018,"United States, Canada",ES_1041015.0_SB 33 A 75-80_05312018191846_4326498
2333555,Extron Electronics,EXTRON ELECTRONICS,XPA U 358,XPA U 358,,Audio Amplifier - Full Spectrum,8,N/A,No,N/A,,,,8.3,0.7,,,Commercial,65.6,67,N/A,1,11/30/2018,11/29/2018,"United States, Canada",ES_1041015.0_XPA U 358_12192018201601_0561155
2333558,Extron Electronics,EXTRON ELECTRONICS,XPA U 358-70V,XPA U 358-70V,,Audio Amplifier - Full Spectrum,8,N/A,No,N/A,,,,9.1,0.7,,,Commercial,60.1,65,N/A,1,11/30/2018,11/29/2018,"United States, Canada",ES_1041015.0_XPA U 358-70V_12192018201619_0579576
2333559,Extron Electronics,EXTRON ELECTRONICS,XPA U 358C-70V,XPA U 358C-70V,,Audio Amplifier - Full Spectrum,8,N/A,No,N/A,,,,8.8,0.7,,,Commercial,59,67,N/A,1,11/30/2018,11/29/2018,"United States, Canada",ES_1041015.0_XPA U 358C-70V_12192018201640_0600601
2333565,Extron Electronics,EXTRON ELECTRONICS,XPA U 1002,XPA U 1002,,Audio Amplifier - Full Spectrum,2,N/A,No,N/A,,,,5.1,0.6,,,Commercial,40.7,70,N/A,1,11/30/2018,11/29/2018,"United States, Canada",ES_1041015.0_XPA U 1002_12192018201701_0621711
2333566,Extron Electronics,EXTRON ELECTRONICS,XPA U 1002-70V,XPA U 1002-70V,,Audio Amplifier - Full Spectrum,2,N/A,No,N/A,,,,5.4,0.6,,,Commercial,37.4,71,N/A,1,11/30/2018,11/29/2018,"United States, Canada",ES_1041015.0_XPA U 1002-70V_12192018201719_0639956
2333569,Extron Electronics,EXTRON ELECTRONICS,XPA U 1004,XPA U 1004,,Audio Amplifier - Full Spectrum,4,N/A,No,N/A,,,,7.3,0.6,,,Commercial,89,70,N/A,1,11/30/2018,11/29/2018,"United States, Canada",ES_1041015.0_XPA U 1004_12192018201737_0657014
2333570,Extron Electronics,EXTRON ELECTRONICS,XPA U 1004-70V,XPA U 1004-70V,,Audio Amplifier - Full Spectrum,4,N/A,No,N/A,,,,8.3,0.6,,,Commercial,72.8,73,N/A,1,11/30/2018,11/29/2018,"United States, Canada",ES_1041015.0_XPA U 1004-70V_12192018201750_0670793
2333572,Extron Electronics,EXTRON ELECTRONICS,XPA U 1004C-70V,XPA U 1004C-70V,,Audio Amplifier - Full Spectrum,4,N/A,No,N/A,,,,8.1,0.6,,,Commercial,76.3,71,N/A,1,11/30/2018,11/29/2018,"United States, Canada",ES_1041015.0_XPA U 1004C-70V_12192018201807_0687898
2247402,"Funai Corporation, Inc.",Magnavox,Blu-ray Disc /  DVD Player,MBP1500/F7 K,,"Blu-ray Disc Player,DVD Player",N/A,Blu-ray Disc,No,N/A,25,6.1,0.2,6.2,0.2,8.7,8.6,N/A,,,N/A,1,10/19/2015,07/28/2015,"United States, Canada",ES_45054.0_MBP1500/F7 K_09072015043127_0287042
2263886,"Funai Corporation, Inc.",Magnavox,Blu-ray Disc / DVD Player,MBP5630/F7,,Blu-ray Disc Player,N/A,Blu-ray Disc,No,"802.11 WiFi,Ethernet",25,5.6,0.2,5.8,0.2,7.3,6.4,N/A,,,N/A,4,04/14/2016,02/28/2016,"United States, Canada",ES_45054.0_MBP5630/F7_04122016011636_3796248
2286109,"Funai Corporation, Inc.",Magnavox,Blu-ray Disc / DVD Player,MBP5630/F7 A,,Blu-ray Disc Player,N/A,Blu-ray Disc,No,"802.11 WiFi,Ethernet",25,5.6,0.2,5.8,0.2,7.3,6.4,N/A,,,N/A,4,02/04/2017,11/08/2016,"United States, Canada",ES_45054.0_MBP5630/F7 A_12142016055322_4802956
2294442,"Funai Corporation, Inc.",Magnavox,Blu-ray Disc / DVD Player,MBP5630/F7 C,,Blu-ray Disc Player,N/A,Blu-ray Disc,No,"802.11 WiFi,Ethernet",25,5.2,0.3,5.1,0.3,7,5.8,N/A,,,N/A,4,06/12/2017,04/06/2017,"United States, Canada",ES_45054.0_MBP5630/F7 C_04182017043808_0288321
2283680,"Funai Corporation, Inc.",MANAVOX,Blu-ray Disc / DVD Player,MBP1500/F7 N,,Blu-ray Disc Player,N/A,Blu-ray Disc,No,N/A,25,6.1,0.2,6.2,0.2,8.7,8.6,N/A,,,N/A,1,02/04/2017,11/08/2016,"United States, Canada",ES_45054.0_MBP1500/F7 N_11082016080349_2229740
2294446,"Funai Corporation, Inc.",MANAVOX,Blu-ray Disc / DVD Player,MBP1700/F7,,Blu-ray Disc Player,N/A,Blu-ray Disc,No,N/A,25,3.9,0.3,3.9,0.3,5.5,4.4,N/A,,,N/A,1,06/05/2017,04/06/2017,"United States, Canada",ES_45054.0_MBP1700/F7_04182017052823_3303470
2232881,"Funai Corporation, Inc.",Sanyo,DVD Player,FWDP105F,,DVD Player,N/A,DVD,No,N/A,25,2.8,0.7,2.8,0.8,4.9,4.4,N/A,,,N/A,1,03/31/2015,01/06/2015,United States,ES_45054.0_FWDP105F_02102015075832_5112252
2233012,"Funai Corporation, Inc.",Sanyo,DVD Player,FWDP175F,,DVD Player,N/A,DVD,No,N/A,25,3,0.7,3,0.7,4.5,4.6,N/A,,,N/A,1,03/31/2015,02/09/2015,United States,ES_45054.0_FWDP175F_02122015044056_6056455
2247400,"Funai Corporation, Inc.",Sanyo,Blu-ray Disc /  DVD Player,FWBP505F K,,"Blu-ray Disc Player,DVD Player",N/A,Blu-ray Disc,No,N/A,25,6.1,0.2,6.2,0.2,8.7,8.6,N/A,,,N/A,1,09/19/2015,07/28/2015,United States,ES_45054.0_FWBP505F K_09072015041246_9166893
2263885,"Funai Corporation, Inc.",Sanyo,Blu-ray Disc / DVD Player,FWBP706F,,Blu-ray Disc Player,N/A,Blu-ray Disc,No,"802.11 WiFi,Ethernet",25,5.6,0.2,5.8,0.2,7.3,6.4,N/A,,,N/A,4,04/14/2016,02/28/2016,United States,ES_45054.0_FWBP706F_04122016011701_3821725
2271347,"Funai Corporation, Inc.",Sanyo,Blu-ray Disc / DVD Player,FWBP506FF,,Blu-ray Disc Player,N/A,Blu-ray Disc,No,N/A,25,6.1,0.2,6.2,0.2,8.7,8.6,N/A,,,N/A,1,11/19/2016,06/01/2016,"United States, Canada",ES_45054.0_FWBP506FF_07012016063657_5017815
2281732,"Funai Corporation, Inc.",Sanyo,DVD Player,FWDP175F A,,DVD Player,N/A,DVD with Upconversion,No,N/A,25,3,0.7,3,0.7,4.5,4.6,N/A,,,N/A,1,01/31/2017,10/16/2016,United States,ES_45054.0_FWDP175F A_10172016080231_1351673
2281733,"Funai Corporation, Inc.",Sanyo,DVD Player,FWDP105F A,,DVD Player,N/A,DVD,No,N/A,25,2.8,0.7,2.8,0.8,4.9,4.4,N/A,,,N/A,1,01/31/2017,10/16/2016,United States,ES_45054.0_FWDP105F A_10172016085326_4406816
2283679,"Funai Corporation, Inc.",Sanyo,Blu-ray Disc / DVD Player,FWBP505F N,,Blu-ray Disc Player,N/A,Blu-ray Disc,No,N/A,25,6.1,0.2,6.2,0.2,8.7,8.6,N/A,,,N/A,1,02/04/2017,11/08/2016,"United States, Canada",ES_45054.0_FWBP505F N_11082016045026_0626131
2285049,"Funai Corporation, Inc.",Sanyo,Blu-ray Disc / DVD Player,FWBP706F A,,Blu-ray Disc Player,N/A,Blu-ray Disc,No,"802.11 WiFi,Ethernet",25,5.6,0.2,5.8,0.2,7.3,6.4,N/A,,,N/A,4,02/04/2017,11/08/2016,"United States, Canada",ES_45054.0_FWBP706F A_12012016013805_6285957
2181598,TOA Corporation,TOA,Power Amplifier,AV-20D,,Audio Amplifier - Full Spectrum,2.1,N/A,No,N/A,30,17.3,0.6,4.9,0.6,,,Commercial,,,N/A,1,10/01/2012,05/24/2013,"United States, Taiwan, Canada",ES_1105798_TOA CORP (141878) | AV-20D_05272013015129_9489032
2219684,TOA Corporation,TOA,Power Amplifier,AV-60S-AM,,Audio Amplifier - Full Spectrum,N/A,N/A,No,N/A,30,,,5.5,0.4,,,Commercial,,,N/A,1,09/10/2014,09/03/2014,"United States, Taiwan, Canada",ES_1120686.0_AV-60S-AM_09112014002034_4834550
2183613,Vizio Inc.,VIZIO,"1)  38inch sound bar 2.1 system with wireless subwoofer, 2) Wireless subwoofer for 38 inch sound bar 2.1 system","1) S3821w-CO, 2) S3821w-CO Subwoofer",,Audio Amplifier - Limited Bandwidth,2.1,N/A,No,Bluetooth,15,7.4,0.9,7.4,0.9,,,Consumer,16,34,N/A,2,05/20/2013,05/07/2013,"United States, Taiwan, Canada","ES_1060280_1) S3821w-CO, 2) S3821w-CO Subwoofer_06132013122257_2190551"
2183614,Vizio Inc.,VIZIO,38 inch sound bar 2.0 system,S3821w-CO,,Audio Amplifier - Limited Bandwidth,2,N/A,No,Bluetooth,15,3.9,0.6,3.9,0.6,,,Consumer,8.9,24,N/A,2,05/20/2013,05/07/2013,"United States, Taiwan, Canada",ES_1060280_S3821w-CO_06132013121213_4955319
2188201,Vizio Inc.,VIZIO,29inch sound bar 2.0 system,S2920w-CO,,Audio Amplifier - Limited Bandwidth,2,N/A,No,N/A,30,1.9,0.3,1.9,0.3,,,Consumer,2.5,72,N/A,2,08/22/2013,08/14/2013,"United States, Taiwan",ES_1060280_S2920w-CO_08162013133812_7374508
2189546,Vizio Inc.,VIZIO,S4251w-B4,S4251w-B4,,Other,5.1,N/A,No,802.11 WiFi,40,11.4,0.7,11.4,0.7,,,Consumer,28.2,79,N/A,3,04/05/2013,09/02/2013,United States,ES_1105798_VIZIO INC (695548) | S4251w-B4_09042013042846_8926616
2206601,Vizio Inc.,VIZIO,38inch sound bar 2.0 system,"S3820w-C0, S3820w-C0DE, S3820w-CNA",,Audio Amplifier - Limited Bandwidth,2,N/A,No,N/A,15,3.9,0.6,3.9,0.6,,,Consumer,8.3,22,N/A,2,01/01/2014,01/22/2014,"United States, Taiwan","ES_1060280_S3820w-C0, S3820w-C0DE, S3820w-CNA_02212014150040_3948010"
2210298,Vizio Inc.,VIZIO,21 inch 2.1 Sound Stand,"S2121w-D0, S2121w-D0DE",,Audio Amplifier - Limited Bandwidth,2.1,N/A,No,N/A,15,3.4,0.4,3.4,0.4,,,Consumer,7.6,19,N/A,2,04/29/2014,05/12/2014,"United States, Taiwan, Canada","ES_1060280_S2121w-D0, S2121w-D0DE  
_05122014144655_5479642"
2226421,Vizio Inc.,VIZIO,29inch Sound bar 2.0 System,SB2920-C6,,Audio Amplifier - Limited Bandwidth,2.1,N/A,No,N/A,15,,,1.6,0.2,,,Consumer,,,N/A,2,12/10/2014,12/02/2014,"United States, Taiwan, Canada","ES_1060280_SB2920-C6
_12032014151229_1022763"
2229157,Vizio Inc.,VIZIO,38 inch Sound bar 2.0 System,SB3820-C6,,Audio Amplifier - Limited Bandwidth,2.1,N/A,No,N/A,15,3.3,0.4,3.3,0.4,,,Consumer,,,N/A,4,11/25/2014,12/09/2014,"United States, Taiwan, Canada","ES_1060280_SB3820-C6
_12112014115547_3903928"
2232618,Vizio Inc.,VIZIO,25 inch  2.1 Sound Stand,SS2521-C6,,Audio Amplifier - Limited Bandwidth,2.1,N/A,No,N/A,15,3.4,0.3,3.4,0.4,,,Consumer,,,N/A,3,02/02/2015,02/02/2015,"United States, Taiwan, Canada","ES_1060280_SS2521-C6
_02032015105650_7589154"
2233215,Vizio Inc.,VIZIO,25 inch 2.0 Sound Stand,SS2520-C6,,Audio Amplifier - Limited Bandwidth,2,N/A,No,N/A,15,2.7,0.2,2.7,0.2,,,Consumer,,,N/A,3,02/02/2015,02/11/2015,"United States, Taiwan, Canada","ES_1060280_SS2520-C6
_02172015160802_7473660"
2233216,Vizio Inc.,VIZIO,38 inch Sound Bar 3.0 System,SB3830-C6M,,Audio Amplifier - Limited Bandwidth,3,N/A,No,N/A,15,4.3,0.5,4.3,0.5,,,Consumer,,,N/A,3,02/27/2015,02/11/2015,"United States, Taiwan, Canada","ES_1060280_SB3830-C6M
_02172015161247_7254836"
2235080,Vizio Inc.,VIZIO,38 inch Sound Bar 3.1 System,SB3831-C6M soundbar,,Audio Amplifier - Limited Bandwidth,N/A,N/A,No,N/A,15,3.2,0.4,3.8,0.4,,,Consumer,,,N/A,4,03/20/2015,03/23/2015,"United States, Taiwan, Canada","ES_1060280_SB3831-C6 Soundbar 
_03232015132430_6187436"
2235081,Vizio Inc.,VIZIO,38 inch Sound Bar 3.1 System,SB3831-C6M Subwoofer,,Audio Amplifier - Limited Bandwidth,N/A,N/A,No,N/A,15,3.3,1.2,3.8,1.2,,,Consumer,,,N/A,4,03/20/2015,03/23/2015,"United States, Taiwan, Canada","ES_1060280_SB3831-C6 Subwoofer 
_03242015101142_9727368"
2244094,Vizio Inc.,VIZIO,38 inch Sound bar 2.0 System,SB3820x-C6,,Audio Amplifier - Limited Bandwidth,2.1,N/A,No,N/A,15,3.3,0.4,3.3,0.4,,,Consumer,,,N/A,2,07/15/2015,07/21/2015,"United States, Taiwan, Canada","ES_1060280_SB3820x-C6
_07222015104502_4749051"
2244095,Vizio Inc.,VIZIO,29 inch Sound bar 2.0 System,SB2920x-C6,,Audio Amplifier - Limited Bandwidth,2.1,N/A,No,N/A,15,,,1.6,0.2,,,Consumer,,,N/A,2,07/15/2015,07/21/2015,"United States, Taiwan, Canada","ES_1060280_SB2920x-C6
_07222015105040_1253692"
2260210,Vizio Inc.,VIZIO,SB3851-D0,SB3851-D0,,Audio Amplifier - Limited Bandwidth,5.1,N/A,No,802.11 WiFi,15,,,9.9,0.9,,,Consumer,,,N/A,1,03/04/2016,02/16/2016,"United States, Canada",ES_1060280_SB3851-D0_02172016125701_2409303
2260211,Vizio Inc.,VIZIO,SB3851-D0,SB3851-D0,,Subwoofer,5.1,N/A,No,802.11 WiFi,30,,,5,0.3,,,Consumer,,,N/A,1,03/04/2016,02/16/2016,"United States, Canada",ES_1060280_SB3851-D0_02172016125701_7043510
2260212,Vizio Inc.,VIZIO,SB3831-D0,SB3831-D0,,Audio Amplifier - Limited Bandwidth,5.1,N/A,No,802.11 WiFi,15,,,10,0.9,,,Consumer,,,N/A,1,03/04/2016,02/16/2016,"United States, Canada",ES_1060280_SB3831-D0_02172016125646_7338802
2260213,Vizio Inc.,VIZIO,SB3831-D0,SB3831-D0,,Subwoofer,5.1,N/A,No,802.11 WiFi,30,,,2.8,0.4,,,Consumer,,,N/A,1,03/04/2016,02/16/2016,"United States, Canada",ES_1060280_SB3831-D0_02172016125646_5699685
2260214,Vizio Inc.,VIZIO,SB3830-D0,SB3830-D0,,Audio Amplifier - Limited Bandwidth,5.1,N/A,No,802.11 WiFi,15,,,9.3,0.9,,,Consumer,,,N/A,1,03/04/2016,02/16/2016,United States,ES_1060280_SB3830-D0_02172016125625_8034155
2262611,Vizio Inc.,VIZIO,SB2920-D6,SB2920-D6,,Audio Amplifier - Limited Bandwidth,2,N/A,No,N/A,15,,,1.9,0.4,,,Consumer,8.7,32,N/A,2,05/01/2016,03/14/2016,"United States, Canada","ES_1060280_SB2920-D6
_03152016121728_2298413"
2264294,Vizio Inc.,VIZIO,SB4531-D5,SB4531-D5,,Subwoofer,3,N/A,No,Gigabit Ethernet,15,,,5.3,0.5,,,Consumer,,,N/A,1,05/21/2016,04/14/2016,United States,ES_1060280_SB4531-D5_04152016145019_1078857
2264295,Vizio Inc.,VIZIO,SB4531-D5,SB4531-D5,,Audio Amplifier - Limited Bandwidth,0.1,N/A,No,Gigabit Ethernet,30,,,1.2,0.6,,,Consumer,,,N/A,1,05/21/2016,04/14/2016,United States,ES_1060280_SB4531-D5_04152016145019_3756682
2264296,Vizio Inc.,VIZIO,SB4551-D5,SB4551-D5,,Subwoofer,3,N/A,No,Gigabit Ethernet,15,,,5.3,0.5,,,Consumer,,,N/A,1,05/21/2016,04/14/2016,United States,ES_1060280_SB4551-D5_04152016145019_4412273
2264297,Vizio Inc.,VIZIO,SB4551-D5,SB4551-D5,,Audio Amplifier - Limited Bandwidth,0.1,N/A,No,Gigabit Ethernet,30,,,1.2,0.6,,,Consumer,,,N/A,1,05/21/2016,04/14/2016,United States,ES_1060280_SB4551-D5_04152016145019_4209928
2264298,Vizio Inc.,VIZIO,SB4051-D5,SB4051-D5,,Subwoofer,3,N/A,No,802.11 WiFi,15,,,3.4,0.3,,,Consumer,,,N/A,1,05/21/2016,04/14/2016,United States,ES_1060280_SB4051-D5_04152016145001_6584370
2264299,Vizio Inc.,VIZIO,SB4051-D5,SB4051-D5,,Audio Amplifier - Limited Bandwidth,2.1,N/A,No,802.11 WiFi,30,,,7,0.5,,,Consumer,,,N/A,1,05/21/2016,04/14/2016,United States,ES_1060280_SB4051-D5_04152016145001_4128303
2264300,Vizio Inc.,VIZIO,SB4031-D5,SB4031-D5,,Subwoofer,3,N/A,No,802.11 WiFi,15,,,1.8,0.2,,,Consumer,,,N/A,1,05/21/2016,04/14/2016,United States,ES_1060280_SB4031-D5_04152016144938_7187560
2264301,Vizio Inc.,VIZIO,SB4031-D5,SB4031-D5,,Audio Amplifier - Limited Bandwidth,0.1,N/A,No,N/A,30,,,6.7,0.5,,,Consumer,,,N/A,1,05/21/2016,04/14/2016,United States,ES_1060280_SB4031-D5_04152016144938_2970550
2266010,Vizio Inc.,VIZIO,38 inch Sound bar 2.1 System,SB3821-D6 Soundbar,,Audio Amplifier - Limited Bandwidth,2.1,N/A,No,N/A,15,4.5,0.7,4.5,0.7,,,Consumer,14.2,57,N/A,3,04/15/2016,04/29/2016,"United States, Canada","ES_1060280_SB3821-D6 Soundbar 
_05032016150443_1664640"
2266011,Vizio Inc.,VIZIO,38 inch Sound bar 2.1 System,SB3821-D6 Subwoofer,,Audio Amplifier - Limited Bandwidth,2.1,N/A,No,N/A,15,1.9,1.2,1.9,1.2,,,Consumer,2.5,64,N/A,3,04/15/2016,04/29/2016,"United States, Canada","ES_1060280_SB3821-D6 Subwoofer 
_05032016150745_1315371"
2278016,Vizio Inc.,VIZIO,SP70-D5,SP70-D5,,Powered Speaker System,2,N/A,No,802.11 WiFi,15,,,3.8,0.6,,,Consumer,,,N/A,1,08/31/2016,08/05/2016,United States,ES_1060280_SP70-D5_08172016141142_6338309
2278017,Vizio Inc.,VIZIO,SP70-D5,SP70-D5,,Powered Speaker System,2,N/A,No,Ethernet,15,,,3.8,0.6,,,Consumer,,,N/A,1,08/31/2016,08/05/2016,United States,ES_1060280_SP70-D5_08172016141142_7729596
2283341,Vizio Inc.,VIZIO,32 Inch Sound Bar 2.0 System,SB3220-D6,,Audio Amplifier - Limited Bandwidth,2,N/A,No,802.11 WiFi,15,,,0,0.7,,,Consumer,11.9,30,N/A,3,10/30/2016,11/02/2016,"United States, Canada",ES_1060280_SB3220-D6_11032016150238_4798489
2283342,Vizio Inc.,VIZIO,32 Inch Sound Bar 2.0 System,SB3220-E6,,Audio Amplifier - Limited Bandwidth,2,N/A,No,802.11 WiFi,15,,,0,0.7,,,Consumer,11.9,30,N/A,3,10/30/2016,11/02/2016,"United States, Canada",ES_1060280_SB3220-E6_11032016150640_9399229
2290020,Vizio Inc.,VIZIO,SB3251n-E0,SB3251n-E0,,Audio Amplifier - Limited Bandwidth,5.1,N/A,No,Ethernet,15,,,5.1,0.6,,,Consumer,,,5,1,08/01/2018,01/26/2017,United States,ES_1060280_SB3251n-E0_02032017090803_4408665
2290021,Vizio Inc.,VIZIO,SB2820n-E0,SB2820n-E0,,Powered Speaker System,1,N/A,No,Bluetooth,15,,,2.1,0.4,,,Consumer,,,5,1,03/09/2017,01/26/2017,"United States, Canada",ES_1060280_SB2820n-E0_02032017090506_9872240
2292843,Vizio Inc.,VIZIO,36 Inch Sound Bar 3.0 System,SB3630-E6,,Audio Amplifier - Limited Bandwidth,3,N/A,No,802.11 WiFi,15,,,0,1.2,,,Consumer,12.7,22,N/A,4,05/01/2017,03/22/2017,"United States, Canada",ES_1060280_SB3630-E6_03222017150824_4442807
2293533,Vizio Inc.,VIZIO,Sound Bar System,SB3621n-E8 (Sound Bar),",SB3621n-E8M, SB3621n-F8M,",Audio Amplifier - Limited Bandwidth,2.1,N/A,No,Bluetooth,15,3.2,0.4,3.2,0.4,,,Consumer,9.9,47,N/A,2,03/30/2018,03/22/2018,"United States, Canada",ES_1060280_SB3621n-E8 (Sound Bar)_04032017204802_2384931
2293534,Vizio Inc.,VIZIO,Sound Bar System,SB3621n-E8 (Subwoofer),",SB3621n-E8M, SB3621n-F8M,",Audio Amplifier - Limited Bandwidth,2.1,N/A,No,Bluetooth,16,2,0.5,2,0.5,,,Consumer,11.7,69,N/A,2,03/30/2018,03/22/2018,"United States, Canada",ES_1060280_SB3621n-E8 (Subwoofer)_04032017205154_7668334
2294038,Vizio Inc.,VIZIO,Sound Bar System,SB3621-E8 (Sound Bar),,Audio Amplifier - Limited Bandwidth,2.1,N/A,No,"802.11 WiFi,Other,Ethernet",15,5.6,0.4,5.6,0.4,,,Consumer,12.2,38,N/A,3,03/26/2017,03/30/2017,"United States, Taiwan, Canada",ES_1060280_SB3621-E8 (Sound Bar)_04052017105513_2520200
2294039,Vizio Inc.,VIZIO,Sound Bar System,SB3621-E8 (Subwoofer),,Audio Amplifier - Limited Bandwidth,2.1,N/A,No,"802.11 WiFi,Other,Ethernet",15,2,0.5,2,0.5,,,Consumer,3.9,32,N/A,3,03/26/2017,03/30/2017,"United States, Taiwan, Canada",ES_1060280_SB3621-E8 (Subwoofer)_04112017144617_9891201
2294040,Vizio Inc.,VIZIO,36 Inch Sound Bar 5.1 System,SB3651-E6,,Audio Amplifier - Limited Bandwidth,5.1,N/A,No,"802.11 WiFi,Other,Ethernet",15,,,0,1.3,,,Consumer,6.5,,N/A,5,05/01/2017,04/07/2017,"United States, Canada",ES_1060280_SB3651-E6_04112017104142_2394269
2294041,Vizio Inc.,VIZIO,36 Inch Sound Bar 5.1 System,SB3651-E6 Subwoofer,,Audio Amplifier - Limited Bandwidth,5.1,N/A,No,Bluetooth,15,,,0,0.4,,,Consumer,2.1,,N/A,2,05/01/2017,04/07/2017,"United States, Canada",ES_1060280_SB3651-E6 Subwoofer_04112017144835_2463718
2294735,Vizio Inc.,VIZIO,SP10-E6,SP10-E6,,iPod/MP3 Player Dock,2,N/A,No,"802.11 WiFi,Other",15,4.3,0.7,0,0.7,0,0,Consumer,4.7,2,N/A,4,03/03/2017,04/20/2017,"United States, Canada",ES_1060280_SP10-E6_04122017175745_3762933
2312599,Vizio Inc.,VIZIO,32 inch Sound Bar 2.0 System,SB3220n-F6,,Audio Amplifier - Limited Bandwidth,2,N/A,No,N/A,15,2.5,0.5,2.5,0.4,,,Consumer,6.6,48,N/A,2,04/10/2018,02/28/2018,"United States, Canada",ES_1060280_SB3220n-F6_03122018102928_5381451
2312600,Vizio Inc.,VIZIO,36 inch Sound Bar 2.1 System,SB362An-F6,,Audio Amplifier - Limited Bandwidth,2.1,N/A,No,N/A,15,3.2,0.4,3.1,0.6,,,Consumer,6.8,24,N/A,2,04/10/2018,02/13/2018,"United States, Canada",ES_1060280_SB362An-F6_03122018103546_6231871
2312601,Vizio Inc.,VIZIO,36 inch Sound Bar 2.1 System,SB362An-F6M,,Audio Amplifier - Limited Bandwidth,2.1,N/A,No,N/A,15,3.2,0.4,3.1,0.6,,,Consumer,6.8,24,N/A,2,04/10/2018,02/13/2018,"United States, Canada",ES_1060280_SB362An-F6M_03122018103610_2221743
2321015,Vizio Inc.,VIZIO,36 Inch Sound Bar 5.1 System,SB3651-F6,,Audio Amplifier - Limited Bandwidth,5.1,N/A,No,"802.11 WiFi,Ethernet",15,6.7,1.4,0,0.5,,,Consumer,15.4,39,N/A,1,06/10/2018,06/05/2018,"United States, Canada",ES_1060280_SB3651-F6 _06062018143717_3927686
2321016,Vizio Inc.,VIZIO,36 Inch Sound Bar 5.1 System,SB3651-F6 Subwoofer,,Audio Amplifier - Limited Bandwidth,5.1,N/A,No,N/A,15,6.8,0.9,0,0.5,,,Consumer,10.5,67,N/A,1,06/10/2018,06/05/2018,"United States, Canada",ES_1060280_SB3651-F6 Subwoofer_06062018143742_7659564
2321252,Vizio Inc.,VIZIO,36 inch Sound Bar 5.1.2 System,SB36512-F6,,Audio Amplifier - Limited Bandwidth,5.1,N/A,No,N/A,15,8.7,1.3,8.7,1.3,,,Consumer,17.3,23,N/A,3,07/10/2018,06/07/2018,"United States, Canada",ES_1060280_SB36512-F6_06132018134401_7628842
2321253,Vizio Inc.,VIZIO,36 inch Sound Bar 5.1.2 System,SB36512-F6 Subwoofer,,Audio Amplifier - Limited Bandwidth,5.1,N/A,No,N/A,15,3.1,0.8,3.1,0.8,,,Consumer,10.6,58,N/A,3,07/10/2018,06/07/2018,"United States, Canada",ES_1060280_SB36512-F6 Subwoofer_06132018134427_8776167
2324735,Vizio Inc.,VIZIO,46 inch Sound Bar 5.1.4 System,SB46514-F6,,Audio Amplifier - Limited Bandwidth,5.1.4,N/A,No,N/A,15,9.3,3.2,9.3,3,,,Consumer,18.4,75,N/A,4,09/05/2018,08/23/2018,"United States, Canada",ES_1060280_SB46514-F6_08232018214653_2988080
2324736,Vizio Inc.,VIZIO,46 inch Sound Bar 5.1.4 System,SB46514-F6 Subwoofer,,Audio Amplifier - Limited Bandwidth,5.1.4,N/A,No,N/A,15,6.1,0.4,6.1,0.4,,,Consumer,13.8,57,N/A,4,09/05/2018,08/23/2018,"United States, Canada",ES_1060280_SB46514-F6 Subwoofer_08232018214756_7942030
2324737,Vizio Inc.,VIZIO,46 inch Sound Bar 3.1.2 System,SB46312-F6,,Audio Amplifier - Limited Bandwidth,3.1.2,N/A,No,N/A,15,9.3,2.5,9.3,2.5,,,Consumer,12.2,68,N/A,4,09/10/2018,08/23/2018,"United States, Canada",ES_1060280_SB46312-F6_08232018215408_2941663
2324738,Vizio Inc.,VIZIO,46 inch Sound Bar 3.1.2 System,SB46312-F6 Subwoofer,,Audio Amplifier - Limited Bandwidth,3.1.2,N/A,No,N/A,15,3,0.8,2.9,0.8,,,Consumer,7.8,58,N/A,4,09/10/2018,08/23/2018,"United States, Canada",ES_1060280_SB46312-F6 Subwoofer_08232018215502_4241291
2253214,YAMAHA CORPORATION,YAMAHA,Power Amprifier,MA2120,,Audio Amplifier - Full Spectrum,2,N/A,No,N/A,,11.1,0.7,11.1,0.7,,,Commercial,48.3,47,N/A,1,02/23/2016,11/23/2015,"United States, Switzerland, Taiwan, Japan, Canada",ES_1132988.0_MA2120_11242015094816_8496094
2253215,YAMAHA CORPORATION,YAMAHA,Power Amprifier,PA2120,,Audio Amplifier - Full Spectrum,2,N/A,No,N/A,,11.1,0.7,11.1,0.7,,,Commercial,48.3,47,N/A,1,02/23/2016,11/23/2015,"United States, Switzerland, Taiwan, Japan, Canada",ES_1132988.0_PA2120_11242015094829_8509490
