ENERGY STAR Unique ID,ENERGY STAR Partner,Brand Name,Model Name,Model Number,Additional Model Information,Product Type,Configuration,Additional Handset Telephones Supported,Frequency,Standby Power (W),Off Mode Power (W),External Proxy Capability,Physical Data Ports,Low Power Wireless Technologies,Gigabit Ethernet Ports,Fast Ethernet Ports,Energy Efficient Ethernet - Gigabit,Energy Efficient Ethernet - Fast,Display Resolution (pixels),Power Over Ethernet Class,External Power Supply,Date Available On Market,Date Qualified,Markets,CB Model Identifier
2229342,Panasonic,Panasonic,KX-TGC222C,KX-TGC222C,,Analog,Cordless,,Other,0.546,,N/A,Other,None,0,0,0,0,,N/A,Yes,01/09/2014,09/11/2014,Canada,ES_31845_KX-TGC222C_12162014114740_0460612
2229385,Panasonic,Panasonic,KX-TGC223C,KX-TGC223C,,Analog,Cordless,,Other,0.546,,N/A,Other,None,0,0,0,0,,N/A,Yes,01/09/2014,09/11/2014,Canada,ES_31845_KX-TGC223C_12162014114831_0511305
2239042,Panasonic,Panasonic,KX-TGC253C,KX-TGC253C,,Analog,Cordless,,None,0.546,,N/A,Other,None,0,0,0,0,,N/A,Yes,04/30/2015,04/29/2015,United States,ES_31845_KX-TGC253C_05112015052454_1894579
2229343,Panasonic,Panasonic,KX-TGD210,KX-TGD210,,Analog,Cordless,,Other,0.546,,N/A,Other,None,0,0,0,0,,N/A,Yes,01/09/2014,09/11/2014,United States,ES_31845_KX-TGD210_12162014114854_0534230
2229370,Panasonic,Panasonic,KX-TGD212,KX-TGD212,,Analog,Cordless,,Other,0.546,,N/A,Other,None,0,0,0,0,,N/A,Yes,01/09/2014,09/11/2014,United States,ES_31845_KX-TGD212_12162014114917_0557075
2229344,Panasonic,Panasonic,KX-TGD213,KX-TGD213,,Analog,Cordless,,Other,0.546,,N/A,Other,None,0,0,0,0,,N/A,Yes,01/09/2014,09/11/2014,United States,ES_31845_KX-TGD213_12162014114946_0586367
2229345,Panasonic,Panasonic,KX-TGD220,KX-TGD220,,Analog,Cordless,,Other,0.546,,N/A,Other,None,0,0,0,0,,N/A,Yes,01/09/2014,09/11/2014,United States,ES_31845_KX-TGD220_12162014115032_0632150
2229371,Panasonic,Panasonic,KX-TGD220C,KX-TGD220C,,Analog,Cordless,,Other,0.546,,N/A,Other,None,0,0,0,0,,N/A,Yes,01/09/2014,09/11/2014,Canada,ES_31845_KX-TGD220C_12162014115010_0610418
2229346,Panasonic,Panasonic,KX-TGD222,KX-TGD222,,Analog,Cordless,,Other,0.546,,N/A,Other,None,0,0,0,0,,N/A,Yes,01/09/2014,09/11/2014,United States,ES_31845_KX-TGD222_12162014115123_0683568
2229347,Panasonic,Panasonic,KX-TGD222C,KX-TGD222C,,Analog,Cordless,,Other,0.546,,N/A,Other,None,0,0,0,0,,N/A,Yes,01/09/2014,09/11/2014,Canada,ES_31845_KX-TGD222C_12162014115055_0655554
2229372,Panasonic,Panasonic,KX-TGD223,KX-TGD223,,Analog,Cordless,,Other,0.546,,N/A,Other,None,0,0,0,0,,N/A,Yes,01/09/2014,09/11/2014,United States,ES_31845_KX-TGD223_12162014115211_0731406
2229348,Panasonic,Panasonic,KX-TGD223C,KX-TGD223C,,Analog,Cordless,,Other,0.546,,N/A,Other,None,0,0,0,0,,N/A,Yes,01/09/2014,09/11/2014,Canada,ES_31845_KX-TGD223C_12162014115148_0708807
2229386,Panasonic,Panasonic,KX-TGD224,KX-TGD224,,Analog,Cordless,,Other,0.546,,N/A,Other,None,0,0,0,0,,N/A,Yes,01/09/2014,09/11/2014,United States,ES_31845_KX-TGD224_12162014115303_0783978
2229373,Panasonic,Panasonic,KX-TGD224C,KX-TGD224C,,Analog,Cordless,,Other,0.546,,N/A,Other,None,0,0,0,0,,N/A,Yes,01/09/2014,09/11/2014,Canada,ES_31845_KX-TGD224C_12162014115232_0752395
2229349,Panasonic,Panasonic,KX-TGD225,KX-TGD225,,Analog,Cordless,,Other,0.546,,N/A,Other,None,0,0,0,0,,N/A,Yes,01/09/2014,09/11/2014,United States,ES_31845_KX-TGD225_12162014115326_0806928
2229350,Panasonic,Panasonic,KX-TGDA20,KX-TGDA20,,Analog,Additional Handset,,Other,0.151,,N/A,Other,None,0,0,0,0,,N/A,Yes,01/09/2014,09/11/2014,United States,ES_31845_KX-TGDA20_12162014115442_0882662
2229351,Panasonic,Panasonic,KX-TGDA20C,KX-TGDA20C,,Analog,Additional Handset,,Other,0.151,,N/A,Other,None,0,0,0,0,,N/A,Yes,01/09/2014,09/11/2014,Canada,ES_31845_KX-TGDA20C_12162014115418_0858141
2229333,Panasonic,Panasonic,KX-TGE210,KX-TGE210,,Analog,Cordless,,Other,0.995,,N/A,Other,None,0,0,0,0,,N/A,Yes,01/23/2014,09/11/2014,United States,ES_31845_KX-TGE210_12162014104103_6463263
2229363,Panasonic,Panasonic,KX-TGE212,KX-TGE212,,Analog,Cordless,,Other,0.995,,N/A,Other,None,0,0,0,0,,N/A,Yes,01/23/2014,09/11/2014,United States,ES_31845_KX-TGE212_12162014104123_6483111
2229318,Panasonic,Panasonic,KX-TGE232,KX-TGE232,,Analog,Cordless,,Other,0.995,,N/A,Other,None,0,0,0,0,,N/A,Yes,01/23/2014,09/11/2014,United States,ES_31845_KX-TGE232_12162014104003_6403675
2229320,Panasonic,Panasonic,KX-TGE233,KX-TGE233,,Analog,Cordless,,Other,0.995,,N/A,Other,None,0,0,0,0,,N/A,Yes,01/23/2014,09/11/2014,United States,ES_31845_KX-TGE233_12162014104023_6423376
2229364,Panasonic,Panasonic,KX-TGE234,KX-TGE234,,Analog,Cordless,,Other,0.995,,N/A,Other,None,0,0,0,0,,N/A,Yes,01/23/2014,09/11/2014,United States,ES_31845_KX-TGE234_12162014104042_6442401
2229319,Panasonic,Panasonic,KX-TGE240,KX-TGE240,,Analog,Cordless,,Other,0.995,,N/A,Other,None,0,0,0,0,,N/A,Yes,01/23/2014,09/11/2014,United States,ES_31845_KX-TGE240_12162014103754_6274664
2229322,Panasonic,Panasonic,KX-TGE242,KX-TGE242,,Analog,Cordless,,Other,0.995,,N/A,Other,None,0,0,0,0,,N/A,Yes,01/23/2014,09/11/2014,United States,ES_31845_KX-TGE242_12162014103814_6294637
2229323,Panasonic,Panasonic,KX-TGE242C,KX-TGE242C,,Analog,Cordless,,Other,0.995,,N/A,Other,None,0,0,0,0,,N/A,Yes,01/23/2014,09/11/2014,Canada,ES_31845_KX-TGE242C_12162014104258_6578004
2229365,Panasonic,Panasonic,KX-TGE243,KX-TGE243,,Analog,Cordless,,Other,0.995,,N/A,Other,None,0,0,0,0,,N/A,Yes,01/23/2014,09/11/2014,United States,ES_31845_KX-TGE243_12162014103856_6336193
2229321,Panasonic,Panasonic,KX-TGE243C,KX-TGE243C,,Analog,Cordless,,Other,0.995,,N/A,Other,None,0,0,0,0,,N/A,Yes,01/23/2014,09/11/2014,Canada,ES_31845_KX-TGE243C_12162014104317_6597530
2229324,Panasonic,Panasonic,KX-TGE244,KX-TGE244,,Analog,Cordless,,Other,0.995,,N/A,Other,None,0,0,0,0,,N/A,Yes,01/23/2014,09/11/2014,United States,ES_31845_KX-TGE244_12162014103917_6357139
2229325,Panasonic,Panasonic,KX-TGE245,KX-TGE245,,Analog,Cordless,,Other,0.995,,N/A,Other,None,0,0,0,0,,N/A,Yes,01/23/2014,09/11/2014,United States,ES_31845_KX-TGE245_12162014103940_6380655
2229326,Panasonic,Panasonic,KX-TGE262,KX-TGE262,,Analog,Cordless,,Other,0.995,,N/A,Other,None,0,0,0,0,,N/A,Yes,01/23/2014,09/11/2014,United States,ES_31845_KX-TGE262_12162014103646_6206299
2229366,Panasonic,Panasonic,KX-TGE262C,KX-TGE262C,,Analog,Cordless,,Other,0.995,,N/A,Other,None,0,0,0,0,,N/A,Yes,01/23/2014,09/11/2014,Canada,ES_31845_KX-TGE262C_12162014104210_6530199
2229327,Panasonic,Panasonic,KX-TGE263,KX-TGE263,,Analog,Cordless,,Other,0.995,,N/A,Other,None,0,0,0,0,,N/A,Yes,01/23/2014,09/11/2014,United States,ES_31845_KX-TGE263_12162014103714_6234739
2229328,Panasonic,Panasonic,KX-TGE263C,KX-TGE263C,,Analog,Cordless,,Other,0.995,,N/A,Other,None,0,0,0,0,,N/A,Yes,01/23/2014,09/11/2014,Canada,ES_31845_KX-TGE263C_12162014104233_6553320
2229329,Panasonic,Panasonic,KX-TGE272,KX-TGE272,,Analog,Cordless,,Other,0.995,,N/A,Other,None,0,0,0,0,,N/A,Yes,01/23/2014,09/11/2014,United States,ES_31845_KX-TGE272_12162014103423_6063460
2229367,Panasonic,Panasonic,KX-TGE273,KX-TGE273,,Analog,Cordless,,Other,0.995,,N/A,Other,None,0,0,0,0,,N/A,Yes,01/23/2014,09/11/2014,United States,ES_31845_KX-TGE273_12162014103456_6096777
2229330,Panasonic,Panasonic,KX-TGE274,KX-TGE274,,Analog,Cordless,,Other,0.995,,N/A,Other,None,0,0,0,0,,N/A,Yes,01/23/2014,09/11/2014,United States,ES_31845_KX-TGE274_12162014103540_6140213
2229331,Panasonic,Panasonic,KX-TGE275,KX-TGE275,,Analog,Cordless,,Other,0.995,,N/A,Other,None,0,0,0,0,,N/A,Yes,01/23/2014,09/11/2014,United States,ES_31845_KX-TGE275_12162014103600_6160900
2271028,Panasonic,Panasonic,KX-TGE432,KX-TGE432,,Analog,Cordless,,None,0.995,,N/A,Other,None,0,0,0,0,,N/A,Yes,12/31/2015,12/23/2015,United States,ES_31845_KX-TGE432_06282016070951_7791595
2271029,Panasonic,Panasonic,KX-TGE433,KX-TGE433,,Analog,Cordless,,None,0.995,,N/A,Other,None,0,0,0,0,,N/A,Yes,12/31/2015,12/23/2015,United States,ES_31845_KX-TGE433_06282016071048_7848070
2270990,Panasonic,Panasonic,KX-TGE445,KX-TGE445,,Analog,Cordless,,None,0.995,,N/A,Other,None,0,0,0,0,,N/A,Yes,12/31/2015,12/23/2015,United States,ES_31845_KX-TGE445_06282016021528_0128836
2270976,Panasonic,Panasonic,KX-TGE463,KX-TGE463,,Analog,Cordless,,None,0.995,,N/A,Other,None,0,0,0,0,,N/A,Yes,12/31/2015,12/23/2015,United States,ES_31845_KX-TGE463_03112016071847_0727755
2270977,Panasonic,Panasonic,KX-TGE474,KX-TGE474,,Analog,Cordless,,None,0.995,,N/A,Other,None,0,0,0,0,,N/A,Yes,12/31/2015,12/23/2015,United States,ES_31845_KX-TGE474_03112016070658_0018986
2270978,Panasonic,Panasonic,KX-TGE475,KX-TGE475,,Analog,Cordless,,None,0.995,,N/A,Other,None,0,0,0,0,,N/A,Yes,12/31/2015,12/23/2015,United States,ES_31845_KX-TGE475_03112016071236_0356666
2229361,Panasonic,Panasonic,KX-TGEA20,KX-TGEA20,,Analog,Additional Handset,,Other,0.163,,N/A,Other,None,0,0,0,0,,N/A,Yes,01/23/2014,09/11/2014,United States,ES_31845_KX-TGEA20_12162014104340_6620127
2229362,Panasonic,Panasonic,KX-TGEA20C,KX-TGEA20C,,Analog,Additional Handset,,Other,0.163,,N/A,Other,None,0,0,0,0,,N/A,Yes,01/23/2014,09/11/2014,Canada,ES_31845_KX-TGEA20C_12162014104359_6639969
2229387,Panasonic,Panasonic,KX-WP110,KX-WP110,,Analog,Cordless,,Other,0.546,,N/A,Other,None,0,0,0,0,,N/A,Yes,01/09/2014,09/11/2014,United States,ES_31845_KX-WP110_12162014115353_0833920
2319273,Polycom Inc.,POLYCOM,VVX 150,2201-48810-001,,Voice over Internet Protocol (VoIP),Corded,,None,1.76,,N/A,Universal Serial Bus (USB),None,0,10100,0,0,,Class 2,Yes,05/31/2018,05/02/2018,"United States, Canada",ES_1140199_2201-48810-001_05032018140045_2169968
2319274,Polycom Inc.,POLYCOM,VVX 250,2201-48820-001,,Voice over Internet Protocol (VoIP),Corded,,None,1.84,,N/A,Universal Serial Bus (USB),None,2,0,0,0,,Class 2,Yes,05/31/2018,05/02/2018,"United States, Canada",ES_1140199_2201-48820-001_05032018112055_8057382
2319275,Polycom Inc.,POLYCOM,VVX 350,2201-48830-001,,Voice over Internet Protocol (VoIP),Corded,,None,2.11,,N/A,Universal Serial Bus (USB),None,2,0,0,0,,Class 0,Yes,05/31/2018,05/02/2018,"United States, Canada",ES_1140199_2201-48830-001_05032018140029_6203286
2319276,Polycom Inc.,POLYCOM,VVX 450,2201-48840-001,,Voice over Internet Protocol (VoIP),Corded,,None,2.27,,N/A,Universal Serial Bus (USB),None,2,0,0,0,,Class 0,Yes,05/31/2018,05/02/2018,"United States, Canada",ES_1140199_2201-48840-001_05032018140015_9478403
2306480,Polycom Inc.,POLYCOM,RealPresence Trio 8500,RealPresence Trio 8500,,Voice over Internet Protocol (VoIP),Conference,0,None,2.8,0,Remote Wake,Other,None,1,0,0,0,,Class 0,No,09/29/2017,11/15/2017,United States,ES_1140199_Trio 8500_09252017171441_7227899
2328580,Unify Software and Solutions GmbH & Co. KG,Unify,OpenScape Desk Phone CP100,OpenScape Desk Phone CP100,,Voice over Internet Protocol (VoIP),Corded,0,None,1.579,0,Not Supported,Other,None,0,2,0,0,,Class 1,Optional,11/01/2018,10/27/2018,"United States, Canada",ES_1099222_OpenScape Desk Phone CP100_10302018124416_3456859
2296389,Unify Software and Solutions GmbH & Co. KG,Unify,OpenScape Desk Phone CP200,OpenScape Desk Phone CP200,,Voice over Internet Protocol (VoIP),Corded,,None,1.52,,Not Supported,Other,None,0,2,0,0,,Class 1,Optional,05/02/2016,05/08/2017,"United States, Switzerland, Taiwan, Japan, Canada",ES_1099222_OpenScape Desk Phone CP200_05222017141017_2217267
2308312,Unify Software and Solutions GmbH & Co. KG,Unify,OpenScape Desk Phone CP205,OpenScape Desk Phone CP205,,Voice over Internet Protocol (VoIP),Corded,,None,1.55,,Not Supported,Other,None,2,0,2,0,,Class 1,Optional,10/02/2017,12/23/2017,"United States, Switzerland, Taiwan, Japan, Canada",ES_1099222_OpenScape Desk Phone CP205_12232017192147_6907150
2296397,Unify Software and Solutions GmbH & Co. KG,Unify,OpenScape Desk Phone CP400,OpenScape Desk Phone CP400,,Voice over Internet Protocol (VoIP),Corded,,None,1.91,,Not Supported,Other,None,2,0,2,0,240 x 120,Class 2,Optional,05/02/2016,05/08/2017,"United States, Switzerland, Taiwan, Japan, Canada",ES_1099222_OpenScape Desk Phone CP400_05222017141625_2585176
2296400,Unify Software and Solutions GmbH & Co. KG,Unify,OpenScape Desk Phone CP600,OpenScape Desk Phone CP600,,Voice over Internet Protocol (VoIP),Corded,,None,1.91,,Not Supported,Other,Bluetooth,2,0,2,0,480 x 272,Class 2,Optional,05/02/2016,05/08/2017,"United States, Switzerland, Taiwan, Japan, Canada",ES_1099222_OpenScape Desk Phone CP600_05222017141652_2612900
2325694,Unify Software and Solutions GmbH & Co. KG,Unify,OpenScape Desk Phone CP600E,OpenScape Desk Phone CP600E,,Voice over Internet Protocol (VoIP),Corded,0,None,1.99,,Not Supported,Other,None,2,0,2,0,480 x 272,Class 2,Optional,09/28/2018,08/08/2018,"United States, Canada",ES_1099222_OpenScape Desk Phone CP600E_08082018172950_9390189
2235444,Unify Software and Solutions GmbH & Co. KG,Unify,OpenScape Desk Phone IP 35G Eco,OpenScape Desk Phone IP 35G Eco,,Voice over Internet Protocol (VoIP),Corded,0,None,1.52,,Not Supported,Other,None,2,0,2,0,,Class 1,No,01/16/2015,03/19/2015,"United States, Switzerland, Taiwan, Japan, Canada",ES_1099222_OpenScape Desk Phone IP 35G Eco_03302015165735_4655065
2219625,"VTech Telecommunications, Ltd.",AT&T,AWX20004,AWX20004,"AWX20004,,1HS+1CHG; AWX20014,,1HS+1CHG; AWX20024,,1HS+1CHG; AWX20034,,1HS+1CHG; AWX200Y4,,1HS+1CHG",Analog,Additional Handset,0,None,0.1,0,N/A,Other,None,0,0,0,0,,N/A,Yes,09/12/2014,09/12/2014,"United States, Canada",ES_1067513_AWX20004_09122014120508_4113580
2219624,"VTech Telecommunications, Ltd.",AT&T,AWX22104,AWX22104,"AWX22104,,1HS+1BS(W/ ITAD); AWX22XY4,,XHS+1BS(W/ ITAD)+(X-1)Charger(s)",Analog,Cordless,0,None,0.76,0,N/A,Other,None,0,0,0,0,,N/A,Yes,09/12/2014,09/15/2014,"United States, Canada",ES_1067513_AWX22104_09122014115957_2188073
2234363,"VTech Telecommunications, Ltd.",AT&T,CL80103,CL80103,",CL80103,1HS+1charger; ,CL80113,1HS+1charger; ,CL801Y3,1HS+1charger",Analog,Additional Handset,0,None,0.2,0,N/A,Other,None,0,0,0,0,,N/A,Yes,02/24/2015,03/05/2015,"United States, Canada",ES_1067513_CL80103_02252015120605_9167596
2292622,"VTech Telecommunications, Ltd.",AT&T,CL80107,CL80107,",CL801*7 HS,1 handset + 1 charger; ,CL801*7,1 handset + 1 charger; ,CL80107 HS,1 handset + 1 charger; ,CL80107,1 handset + 1 charger",Analog,Additional Handset,0,None,0.2,0,Not Supported,Other,None,0,0,0,0,,N/A,Optional,12/30/2016,03/16/2017,"United States, Canada",ES_1067513_CL80107_03132017102607_8089563
2320756,"VTech Telecommunications, Ltd.",AT&T,CL80114,CL80114,",CL801#4,1 handset  + 1 charger; ,CL801*4,1 handset  + 1 charger; ,CL80114,1 handset  + 1 charger",Analog,Additional Handset,0,None,0.2,0,N/A,Other,None,0,0,0,0,,N/A,Yes,05/03/2018,06/01/2018,"United States, Canada",ES_1067513_CL80114_05142018194915_5217706
2232686,"VTech Telecommunications, Ltd.",AT&T,CL80115,CL80115,",CL80115,1HS+1Charger; ,CL801Y5,1HS+1Charger",Analog,Cordless,0,None,0.2,0,N/A,Other,None,0,0,0,0,,N/A,Yes,01/22/2015,02/03/2015,"United States, Canada",ES_1067513_CL80115_01232015101628_2345849
2320754,"VTech Telecommunications, Ltd.",AT&T,CL81114,CL81114,",CL81##4,1 base + 1st# handsets + (1st #-1) chargers; ,CL81#*4,1 base + # handsets + (#-1) chargers; ,CL81114,1 base + 1 handset; ,CL81214,1 base + 2 handsets + 1 charger",Analog,Cordless,1,None,0.8,0,N/A,Other,None,0,0,0,0,,N/A,Yes,05/03/2018,06/01/2018,"United States, Canada",ES_1067513_CL81114_05142018193130_6372949
2234362,"VTech Telecommunications, Ltd.",AT&T,CL82113,CL82113,",CL82113,1HS+1BS(W/ ITAD); ,CL82203,2HS+1BS(W/ ITAD)+1charger; ,CL82213,2HS+1BS(W/ ITAD)+1charger; ,CL82313,3HS+1BS(W/ ITAD)+2chargers; ,CL82353,3HS+1BS(W/ ITAD)+2chargers; ,CL82413,4HS+1BS(W/ ITAD)+3chargers; ,CL82453,4HS+1BS(W/ ITAD)+3chargers; ,CL82553,5HS+1BS(W/ ITAD)+4chargers; ,CL82XY3,XHS+1BS(W/ ITAD)+(X-1) chargers",Analog,Cordless,1,None,0.7,0,N/A,Other,None,0,0,0,0,,N/A,Yes,02/24/2015,02/24/2015,"United States, Canada",ES_1067513_CL82113_02252015120249_9536401
2320755,"VTech Telecommunications, Ltd.",AT&T,CL82114,CL82114,",CL82##4,1 base + 1st# handsets + (1st #-1) chargers; ,CL82#*4,1 base + # handsets + (#-1) chargers; ,CL82114,1 base + 1 handset; ,CL82214,1 base + 2 handsets + 1 charger",Analog,Cordless,1,None,0.7,0,N/A,Other,None,0,0,0,0,,N/A,Yes,05/03/2018,06/01/2018,"United States, Canada",ES_1067513_CL82114_05142018194304_299493
2292649,"VTech Telecommunications, Ltd.",AT&T,CL82207,CL82207,",CL82##7,; ,CL82107,# handsets + 1 base (W/ ITAD) + (#-1) chargers; ,CL82207,# handsets + 1 base (W/ ITAD) + (#-1) chargers; ,CL82307,# handsets + 1 base (W/ ITAD) + (#-1) chargers; ,CL82357,# handsets + 1 base (W/ ITAD) + (#-1) chargers; ,CL82407,# handsets + 1 base (W/ ITAD) + (#-1) chargers; ,CL82507,# handsets + 1 base (W/ ITAD) + (#-1) chargers",Analog,Cordless,1,None,0.6,0,Not Supported,Other,None,0,0,0,0,,N/A,Optional,12/30/2016,03/16/2017,"United States, Canada",ES_1067513_CL82207_03032017141355_418664
2233182,"VTech Telecommunications, Ltd.",AT&T,CL82215,CL82215,",CL82115,1HS+1BS(W/ ITAD); ,CL82215,2HS+1BS(W/ ITAD)+1charger; ,CL82315,3HS+1BS(W/ ITAD)+2chargers; ,CL82415,4HS+1BS(W/ ITAD)+3chargers; ,CL82465,4HS+1BS(W/ ITAD)+3chargers; ,CL82515,5HS+1BS(W/ ITAD)+4chargers; ,CL82XY5,XHS+1BS(W/ ITAD)+(X-1)chargers",Analog,Cordless,1,None,0.6,0,N/A,Other,None,0,0,0,0,,N/A,Yes,02/09/2015,02/12/2015,"United States, Canada",ES_1067513_CL82215_02062015173307_46655
2234364,"VTech Telecommunications, Ltd.",AT&T,CL83113,CL83113,",CL83103,1HS+1BS(W/ ITAD); ,CL83113,1HS+1BS(W/ ITAD); ,CL83143,1HS+1BS(W/ ITAD); ,CL83203,2HS+1BS(W/ ITAD)+1charger; ,CL83213,2HS+1BS(W/ ITAD)+1charger; ,CL83303,3HS+1BS(W/ ITAD)+2chargers; ,CL83313,3HS+1BS(W/ ITAD)+2chargers; ,CL83403,4HS+1BS(W/ ITAD)+3chargers; ,CL83463,4HS+1BS(W/ ITAD)+3chargers; ,CL83XY3,XHS+1BS(W/ ITAD)+(X-1) chargers",Analog,Cordless,1,None,1,0,N/A,Other,None,0,0,0,0,,N/A,Yes,02/24/2015,02/24/2015,"United States, Canada",ES_1067513_CL83113_02252015122502_2019311
2292087,"VTech Telecommunications, Ltd.",AT&T,CL83207,CL83207,",CL83##7,; ,CL83107,# handsets + 1 base (W/ ITAD) + (#-1) chargers; ,CL83207,# handsets + 1 base (W/ ITAD) + (#-1) chargers; ,CL83307,# handsets + 1 base (W/ ITAD) + (#-1) chargers; ,CL83407,# handsets + 1 base (W/ ITAD) + (#-1) chargers",Analog,Cordless,1,None,0.5,0,Not Supported,Other,None,0,0,0,0,,N/A,Optional,12/28/2016,03/07/2017,"United States, Canada",ES_1067513_CL83207_02232017151630_6676599
2232638,"VTech Telecommunications, Ltd.",AT&T,CL83215,CL83215,",CL83215,2HS+1BS(W/ ITAD)+1charger; ,CL83315,3HS+1BS(W/ ITAD)+2chargers; ,CL83415,4HS+1BS(W/ ITAD)+3chargers; ,CL83465,4HS+1BS(W/ ITAD)+3chargers; ,CL83565,5HS+1BS(W/ ITAD)+4chargers; ,CL83XY5,HS+1BS(W/ ITAD)+(X-1)chargers",Analog,Cordless,1,None,1.15,0,N/A,Other,None,0,0,0,0,,N/A,Yes,01/22/2015,01/30/2015,"United States, Canada",ES_1067513_CL83215_01232015100913_5007440
2299852,"VTech Telecommunications, Ltd.",AT&T,CL84107,CL84107,",CL84#*7,# cordless HS +1 corded HS +1 BS(W/ ITAD) +# chargers; ,CL84107,1 cordless HS +1 corded HS +1 BS(W/ ITAD) +1 charger; ,CL84207,2 cordless HS +1 corded HS +1 BS(W/ ITAD) +2 chargers; ,CL84257,2 cordless HS +1 corded HS +1 BS(W/ ITAD) +2 chargers; ,CL84307,3 cordless HS +1 corded HS +1 BS(W/ ITAD) +3 chargers; ,CL84357,3 cordless HS +1 corded HS +1 BS(W/ ITAD) +3 chargers",Analog,Corded,1,Other,0.5,0,N/A,Other,None,0,0,0,0,,N/A,Yes,04/25/2017,07/13/2017,"United States, Canada",ES_1067513_CL84107_04272017114956_8688318
2233982,"VTech Telecommunications, Ltd.",AT&T,"CL84115,CL84215,CL84265,CL84365,CL84XY5","CL84115,CL84215,CL84265,CL84365,CL84XY5",",CL84115,CL84215,CL84265,CL84365,CL84XY5,1HS+1BS(W/ ITAD)+1charger",Analog,Corded,1,None,0.6,0,N/A,Other,None,0,0,0,0,,N/A,Yes,02/06/2015,02/24/2015,"United States, Canada","ES_1067513_CL84115,CL84215,CL84265,CL84365,CL84XY5_02062015172849_598565"
2229646,"VTech Telecommunications, Ltd.",AT&T,CLP99003,CLP99003,",CLP99003,1HS+1Charger; ,CLP99283,2Handsets+1Charger; ,CLP99353,3Handsets+2Chargers; ,CLP99383,3Handsets+2Chargers; ,CLP99483,4Handsets+3Chargers; ,CLP99553,5Handsets+4Chargers; ,CLP99583,5Handsets+4Chargers; ,CLP99XY3,X Handsets +(X-1) Chargers",Analog,Additional Handset,0,None,0.2,0,N/A,Other,None,0,0,0,0,,N/A,Yes,12/03/2014,12/12/2014,"United States, Canada",ES_1067513_CLP99003_12032014163747_6972009
2257546,"VTech Telecommunications, Ltd.",AT&T,CLP99006,CLP99006,",CLP990*6 HS,1Handset+1Charger; ,CLP990*6,1Handset+1Charger; ,CLP990*7 HS,1Handset+1Charger; ,CLP990*7,1Handset+1Charger; ,CLP99006 HS,1Handset+1Charger; ,CLP99006,1Handset+1Charger; ,CLP99007 HS,1Handset+1Charger; ,CLP99007,1Handset+1Charger",Analog,Additional Handset,0,None,0.2,0,N/A,Other,None,0,0,0,0,,N/A,Yes,01/05/2016,01/25/2016,"United States, Canada",ES_1067513_CLP99006_01252016095909_9975854
2327232,Cisco Systems,CISCO,CP-6821,CP-6821,,Voice over Internet Protocol (VoIP),Corded,,None,1.896,,Not Supported,Other,None,2,0,0,0,,N/A,Yes,10/10/2018,10/10/2018,"United States, Canada",ES_21829_CP6821_09282018091830_5085922
2306858,Cisco Systems,CISCO,CP-6841,CP-6841,,Voice over Internet Protocol (VoIP),Corded,0,None,1.2,0.1,N/A,Other,None,2,0,0,0,,N/A,Yes,11/24/2017,11/27/2017,United States,ES_21829_CP-6841_11272017110347_572625
2306859,Cisco Systems,CISCO,CP-6851,CP-6851,,Voice over Internet Protocol (VoIP),Corded,0,None,1.3,0.4,N/A,Other,None,2,0,0,0,,Class 2,Yes,11/24/2017,11/27/2017,United States,ES_21829_CP-6851_11272017111833_3293725
2234801,Cisco Systems,CISCO,CP-7811,CP-7811,",CP-7811,NA",Voice over Internet Protocol (VoIP),Corded,0,None,1.3,0,Not Supported,Other,None,0,2,0,0,,Class 1,Yes,03/12/2015,03/17/2015,United States,ES_21829_CP-7811_03162015164229_7154199
2287117,Cisco Systems,CISCO,CP-7832,CP-7832,,Voice over Internet Protocol (VoIP),Conference,,None,1.695,0.48,N/A,Other,None,0,1,0,0,,Class 2,No,01/30/2017,12/23/2016,"United States, Switzerland, Taiwan, Japan, Canada",ES_21829_CP-7832_12272016055202_7922892
2217371,Cisco Systems,CISCO,CP-7841,CP-7841,"CP-7841,,1 Corded Base (With 4 line keys) + 1 Handset",Voice over Internet Protocol (VoIP),Corded,0,None,2,0.21,Not Supported,Other,None,2,2,0,0,,Class 1,No,05/15/2014,05/15/2014,United States,ES_21829_CP-7841_08142014131328_7826501
2217372,Cisco Systems,CISCO,CP-8851,CP-8851,",CP-8811,1 Corded Base + 1 Handset; ,CP-8841,1 Corded Base + 1 Handset; ,CP-8851,1 Corded Base + 1 Handset; ,CP-8851NR,1 Corded Base + 1 Handset",Voice over Internet Protocol (VoIP),Corded,0,None,3.3,0.21,Not Supported,Universal Serial Bus (USB),None,2,2,0,0,800 x 480,Class 3,No,05/30/2014,05/15/2014,United States,ES_21829_CP-8851_08142014132545_447351
2234800,Cisco Systems,CISCO,CP-8851NR,CP-8851NR,",CP-8851NR,NA",Voice over Internet Protocol (VoIP),Corded,0,None,3.3,0.21,Not Supported,Universal Serial Bus (USB),None,2,2,0,0,800 x 480,Class 3,No,03/12/2015,03/17/2015,United States,ES_1067513_CP-8851NR_03132015102339_6277429
2217373,Cisco Systems,CISCO,CP-8861,CP-8861,"CP-8861,,1 Corded Base + 1 Handset",Voice over Internet Protocol (VoIP),Corded,0,None,3.5,0.21,Not Supported,Universal Serial Bus (USB),None,2,2,0,0,800 x 480,Class 4,No,05/30/2014,05/15/2014,United States,ES_21829_CP-8861_08142014132650_9043237
2271026,Panasonic,Panasonic,KX-TG3634,KX-TG3634,,Analog,Cordless,,None,0.995,,N/A,Other,None,0,0,0,0,,N/A,Yes,12/31/2015,12/23/2015,United States,ES_31845_KX-TG3634_06282016071149_7909489
2271027,Panasonic,Panasonic,KX-TG3645,KX-TG3645,,Analog,Cordless,,None,0.995,,N/A,Other,None,0,0,0,0,,N/A,Yes,12/31/2015,12/23/2015,United States,ES_31845_KX-TG3645_06282016070828_7708072
2224134,Panasonic,Panasonic,KX-TG4032C,KX-TG4032C,,Analog,Cordless,,Other,0.694,,N/A,Other,None,0,0,0,0,,N/A,Yes,01/09/2014,08/26/2014,Canada,ES_31845_KX-TG4032C_11032014045449_0489379
2224582,Panasonic,Panasonic,KX-TG4033C,KX-TG4033C,,Analog,Cordless,,Other,0.694,,N/A,Other,None,0,0,0,0,,N/A,Yes,01/09/2014,08/26/2014,Canada,ES_31845_KX-TG4033C_11112014021534_2134296
2224133,Panasonic,Panasonic,KX-TG4112C,KX-TG4112C,"KX-TG4113C,KX-TG4113C,; KX-TG4114C,KX-TG4114C,",Analog,Cordless,,Other,0.495,,N/A,Other,None,0,0,0,0,,N/A,Yes,01/09/2014,08/26/2014,Canada,ES_31845_KX-TG4112C_11032014042712_8832488
2229352,Panasonic,Panasonic,KX-TG4223,KX-TG4223,"KX-TG2711C,KX-TG2711C,",Analog,Cordless,,Other,0.526,,N/A,Other,None,0,0,0,0,,N/A,Yes,01/09/2014,09/11/2014,United States,ES_31845_KX-TG4223_12162014122810_2890520
2229334,Panasonic,Panasonic,KX-TG433CSK,KX-TG433CSK,,Analog,Cordless,,Other,0.546,,N/A,Other,None,0,0,0,0,,N/A,Yes,01/09/2014,09/11/2014,Canada,ES_31845_KX-TG433CSK_12162014113635_9795324
2229335,Panasonic,Panasonic,KX-TG433SK,KX-TG433SK,,Analog,Cordless,,Other,0.546,,N/A,Other,None,0,0,0,0,,N/A,Yes,01/09/2014,09/11/2014,United States,ES_31845_KX-TG433SK_12162014114123_0083652
2229336,Panasonic,Panasonic,KX-TG443CSK,KX-TG443CSK,,Analog,Cordless,,Other,0.546,,N/A,Other,None,0,0,0,0,,N/A,Yes,01/09/2014,09/11/2014,Canada,ES_31845_KX-TG443CSK_12162014114159_0119393
2229337,Panasonic,Panasonic,KX-TG443SK,KX-TG443SK,,Analog,Cordless,,Other,0.546,,N/A,Other,None,0,0,0,0,,N/A,Yes,01/09/2014,09/11/2014,United States,ES_31845_KX-TG443SK_12162014114230_0150520
2268381,Panasonic,Panasonic,KX-TG444SK,KX-TG444SK,,Analog,Cordless,,None,0.546,,N/A,Other,None,0,0,0,0,,N/A,Yes,03/31/2016,03/30/2016,United States,ES_31845_KX-TG444SK_06012016083105_9865799
2229332,Panasonic,Panasonic,KX-TG454SK,KX-TG454SK,,Analog,Cordless,,Other,0.995,,N/A,Other,None,0,0,0,0,,N/A,Yes,01/23/2014,09/11/2014,United States,ES_31845_KX-TG454SK_12162014103737_6257246
2229359,Panasonic,Panasonic,KX-TG465CSK,KX-TG465CSK,,Analog,Cordless,,Other,0.995,,N/A,Other,None,0,0,0,0,,N/A,Yes,01/23/2014,09/11/2014,Canada,ES_31845_KX-TG465CSK_12162014104144_6504548
2229360,Panasonic,Panasonic,KX-TG465SK,KX-TG465SK,,Analog,Cordless,,Other,0.995,,N/A,Other,None,0,0,0,0,,N/A,Yes,01/23/2014,09/11/2014,United States,ES_31845_KX-TG465SK_12162014103622_6182965
2229376,Panasonic,Panasonic,KX-TG4713C,KX-TG4713C,,Analog,Cordless,,Other,0.695,,N/A,Other,None,0,0,0,0,,N/A,Yes,01/09/2014,09/11/2014,Canada,ES_31845_KX-TG4713C_12162014130610_5170528
2229377,Panasonic,Panasonic,KX-TG4742,KX-TG4742,,Analog,Cordless,,Other,0.695,,N/A,Other,None,0,0,0,0,,N/A,Yes,01/09/2014,09/11/2014,United States,ES_31845_KX-TG4742_12162014130456_5096752
2229378,Panasonic,Panasonic,KX-TG4743,KX-TG4743,,Analog,Cordless,,Other,0.695,,N/A,Other,None,0,0,0,0,,N/A,Yes,01/09/2014,09/11/2014,United States,ES_31845_KX-TG4743_12162014130527_5127617
2229379,Panasonic,Panasonic,KX-TG4744,KX-TG4744,,Analog,Cordless,,Other,0.695,,N/A,Other,None,0,0,0,0,,N/A,Yes,01/09/2014,09/11/2014,United States,ES_31845_KX-TG4744_12162014130551_5151055
2233887,Panasonic,Panasonic,KX-TG484SK,KX-TG484SK,,Analog,Cordless,,None,0.995,,N/A,Other,None,0,0,0,0,,N/A,Yes,03/31/2015,02/18/2015,United States,ES_31845_KX-TG484SK_02242015075323_4403489
2224574,Panasonic,Panasonic,KX-TG6511,KX-TG6511,,Analog,Cordless,,Other,0.694,,N/A,Other,None,0,0,0,0,,N/A,Yes,01/09/2014,08/26/2014,United States,ES_31845_KX-TG6511_11032014051348_1628828
2224575,Panasonic,Panasonic,KX-TG6512,KX-TG6512,,Analog,Cordless,,Other,0.694,,N/A,Other,None,0,0,0,0,,N/A,Yes,01/09/2014,08/26/2014,United States,ES_31845_KX-TG6512_11032014051458_1698668
2224576,Panasonic,Panasonic,KX-TG6513,KX-TG6513,,Analog,Cordless,,Other,0.694,,N/A,Other,None,0,0,0,0,,N/A,Yes,01/09/2014,08/26/2014,United States,ES_31845_KX-TG6513_11032014051613_1773780
2270991,Panasonic,Panasonic,KX-TG654SK,KX-TG654SK,,Analog,Cordless,,None,0.995,,N/A,Other,None,0,0,0,0,,N/A,Yes,12/31/2015,12/23/2015,United States,ES_31845_KX-TG654SK_06282016020505_9505062
2224577,Panasonic,Panasonic,KX-TG6572,KX-TG6572,,Analog,Cordless,,Other,0.694,,N/A,Other,None,0,0,0,0,,N/A,Yes,01/09/2014,08/26/2014,United States,ES_31845_KX-TG6572_11032014050129_0889909
2224132,Panasonic,Panasonic,KX-TG6592,KX-TG6592,"KX-TG6591,KX-TG6591,",Analog,Cordless,,Other,0.42,,N/A,Other,None,0,0,0,0,,N/A,Yes,01/09/2014,08/26/2014,United States,ES_31845_KX-TG6592_11032014003513_4913615
2229354,Panasonic,Panasonic,KX-TG6841,KX-TG6841,,Analog,Cordless,,Other,0.609,,N/A,Other,None,0,0,0,0,,N/A,Yes,01/09/2014,09/11/2014,United States,ES_31845_KX-TG6841_12162014124543_3943886
2229355,Panasonic,Panasonic,KX-TG6842,KX-TG6842,,Analog,Cordless,,Other,0.609,,N/A,Other,None,0,0,0,0,,N/A,Yes,01/09/2014,09/11/2014,United States,ES_31845_KX-TG6842_12162014124606_3966234
2229356,Panasonic,Panasonic,KX-TG6842C,KX-TG6842C,,Analog,Cordless,,Other,0.609,,N/A,Other,None,0,0,0,0,,N/A,Yes,01/09/2014,09/11/2014,Canada,ES_31845_KX-TG6842C_12162014124756_4076575
2229357,Panasonic,Panasonic,KX-TG6843,KX-TG6843,,Analog,Cordless,,Other,0.609,,N/A,Other,None,0,0,0,0,,N/A,Yes,01/09/2014,09/11/2014,United States,ES_31845_KX-TG6843_12162014124632_3992498
2229388,Panasonic,Panasonic,KX-TG6844,KX-TG6844,,Analog,Cordless,,Other,0.609,,N/A,Other,None,0,0,0,0,,N/A,Yes,01/09/2014,09/11/2014,United States,ES_31845_KX-TG6844_12162014124653_4013525
2229389,Panasonic,Panasonic,KX-TG6845,KX-TG6845,,Analog,Cordless,,Other,0.609,,N/A,Other,None,0,0,0,0,,N/A,Yes,01/09/2014,09/11/2014,United States,ES_31845_KX-TG6845_12162014124712_4032738
2270992,Panasonic,Panasonic,KX-TG684SK,KX-TG684SK,,Analog,Cordless,,None,0.995,,N/A,Other,None,0,0,0,0,,N/A,Yes,12/31/2015,12/23/2015,United States,ES_31845_KX-TG684SK_06282016021009_9809456
2229358,Panasonic,Panasonic,KX-TG6873,KX-TG6873,,Analog,Cordless,,Other,0.609,,N/A,Other,None,0,0,0,0,,N/A,Yes,01/09/2014,09/11/2014,United States,ES_31845_KX-TG6873_12162014124733_4053576
2224135,Panasonic,Panasonic,KX-TG7732C,KX-TG7732C,,Analog,Cordless,,Other,1.06,,N/A,Other,None,0,0,0,0,,N/A,Yes,01/09/2014,08/26/2014,Canada,ES_1105798_PANASONIC SYSTEM NETWORKS CO LTD (272346) | KX-TG7732C_06052012120357_7837813
2224571,Panasonic,Panasonic,KX-TG7743,KX-TG7743,,Analog,Cordless,,Other,1.06,,N/A,Other,None,0,0,0,0,,N/A,Yes,01/09/2014,08/26/2014,United States,ES_1105798_PANASONIC SYSTEM NETWORKS CO LTD (272346) | KX-TG7743_06052012120243_7763456
2224572,Panasonic,Panasonic,KX-TG7745,KX-TG7745,,Analog,Cordless,,Other,1.06,,N/A,Other,None,0,0,0,0,,N/A,Yes,01/09/2014,08/26/2014,United States,ES_1105798_PANASONIC SYSTEM NETWORKS CO LTD (272346) | KX-TG7745_06052012120212_7732175
2224566,Panasonic,Panasonic,KX-TGA401,KX-TGA401,,Analog,Additional Handset,,Other,0.173,,N/A,Other,None,0,0,0,0,,N/A,Yes,01/09/2014,08/26/2014,United States,ES_31845_KX-TGA401_11032014054708_3628144
2224567,Panasonic,Panasonic,KX-TGA401C,KX-TGA401C,,Analog,Additional Handset,,Other,0.173,,N/A,Other,None,0,0,0,0,,N/A,Yes,01/09/2014,08/26/2014,Canada,ES_31845_KX-TGA401C_11032014053654_3014705
2224299,Panasonic,Panasonic,KX-TGA410,KX-TGA410,,Analog,Additional Handset,,Other,0.07,,N/A,Other,None,0,0,0,0,,N/A,Yes,01/09/2014,08/26/2014,United States,ES_31845_KX-TGA410_11032014042114_8474126
2224300,Panasonic,Panasonic,KX-TGA410C,KX-TGA410C,,Analog,Additional Handset,,Other,0.07,,N/A,Other,None,0,0,0,0,,N/A,Yes,01/09/2014,08/26/2014,Canada,ES_31845_KX-TGA410C_11032014041109_7869305
2229353,Panasonic,Panasonic,KX-TGA421,KX-TGA421,,Analog,Additional Handset,,Other,0.163,,N/A,Other,None,0,0,0,0,,N/A,Yes,01/09/2014,09/11/2014,United States,ES_31845_KX-TGA421_12162014123002_3002661
2229380,Panasonic,Panasonic,KX-TGA470,KX-TGA470,,Analog,Additional Handset,,Other,0.07,,N/A,Other,None,0,0,0,0,,N/A,Yes,01/09/2014,09/11/2014,United States,ES_31845_KX-TGA470_12162014130654_5214031
2229381,Panasonic,Panasonic,KX-TGA470C,KX-TGA470C,,Analog,Additional Handset,,Other,0.07,,N/A,Other,None,0,0,0,0,,N/A,Yes,01/09/2014,09/11/2014,Canada,ES_31845_KX-TGA470C_12162014130627_5187920
2224568,Panasonic,Panasonic,KX-TGA651,KX-TGA651,,Analog,Additional Handset,,Other,0.173,,N/A,Other,None,0,0,0,0,,N/A,Yes,01/09/2014,08/26/2014,United States,ES_31845_KX-TGA651_11032014054801_3681226
2224298,Panasonic,Panasonic,KX-TGA659,KX-TGA659,,Analog,Additional Handset,,Other,0.144,,N/A,Other,None,0,0,0,0,,N/A,Yes,01/09/2014,08/26/2014,United States,ES_31845_KX-TGA659_11032014005637_6197847
2224580,Panasonic,Panasonic,KX-TGA660,KX-TGA660,,Analog,Additional Handset,,Other,0.144,,N/A,Other,None,0,0,0,0,,N/A,Yes,01/09/2014,08/26/2014,United States,ES_31845_KX-TGA660_11112014043959_0799462
2224581,Panasonic,Panasonic,KX-TGA660C,KX-TGA660C,,Analog,Additional Handset,,Other,0.144,,N/A,Other,None,0,0,0,0,,N/A,Yes,01/09/2014,08/26/2014,Canada,ES_31845_KX-TGA660C_11032014010241_6561696
2229374,Panasonic,Panasonic,KX-TGA680,KX-TGA680,,Analog,Additional Handset,,Other,0.156,,N/A,Other,None,0,0,0,0,,N/A,Yes,01/09/2014,09/11/2014,United States,ES_31845_KX-TGA680_12162014124815_4095219
2229375,Panasonic,Panasonic,KX-TGA680C,KX-TGA680C,,Analog,Additional Handset,,Other,0.156,,N/A,Other,None,0,0,0,0,,N/A,Yes,01/09/2014,09/11/2014,Canada,ES_31845_KX-TGA680C_12162014124837_4117741
2224569,Panasonic,Panasonic,KX-TGA750,KX-TGA750,,Analog,Additional Handset,,Other,0.173,,N/A,Other,None,0,0,0,0,,N/A,Yes,01/09/2014,08/26/2014,United States,ES_31845_KX-TGA750_11032014054837_3717925
2224573,Panasonic,Panasonic,KX-TGA750C,KX-TGA750C,,Analog,Additional Handset,,Other,0.173,,N/A,Other,None,0,0,0,0,,N/A,Yes,01/09/2014,08/26/2014,Canada,ES_31845_KX-TGA750C_11112014044026_0826383
2229338,Panasonic,Panasonic,KX-TGC210,KX-TGC210,,Analog,Cordless,,Other,0.546,,N/A,Other,None,0,0,0,0,,N/A,Yes,01/09/2014,09/11/2014,United States,ES_31845_KX-TGC210_12162014114400_0240451
2229339,Panasonic,Panasonic,KX-TGC210C,KX-TGC210C,,Analog,Cordless,,Other,0.546,,N/A,Other,None,0,0,0,0,,N/A,Yes,01/09/2014,09/11/2014,Canada,ES_31845_KX-TGC210C_12162014114305_0185751
2229382,Panasonic,Panasonic,KX-TGC212,KX-TGC212,,Analog,Cordless,,Other,0.546,,N/A,Other,None,0,0,0,0,,N/A,Yes,01/09/2014,09/11/2014,United States,ES_31845_KX-TGC212_12162014114503_0303502
2229383,Panasonic,Panasonic,KX-TGC212C,KX-TGC212C,,Analog,Cordless,,Other,0.546,,N/A,Other,None,0,0,0,0,,N/A,Yes,01/09/2014,09/11/2014,Canada,ES_31845_KX-TGC212C_12162014114436_0276253
2229368,Panasonic,Panasonic,KX-TGC213,KX-TGC213,,Analog,Cordless,,Other,0.546,,N/A,Other,None,0,0,0,0,,N/A,Yes,01/09/2014,09/11/2014,United States,ES_31845_KX-TGC213_12162014114604_0364915
2229369,Panasonic,Panasonic,KX-TGC213C,KX-TGC213C,,Analog,Cordless,,Other,0.546,,N/A,Other,None,0,0,0,0,,N/A,Yes,01/09/2014,09/11/2014,Canada,ES_31845_KX-TGC213C_12162014114533_0333838
2229341,Panasonic,Panasonic,KX-TGC214C,KX-TGC214C,,Analog,Cordless,,Other,0.546,,N/A,Other,None,0,0,0,0,,N/A,Yes,01/09/2014,09/11/2014,Canada,ES_31845_KX-TGC214C_12162014114641_0401918
2229384,Panasonic,Panasonic,KX-TGC220,KX-TGC220,,Analog,Cordless,,Other,0.546,,N/A,Other,None,0,0,0,0,,N/A,Yes,01/09/2014,09/11/2014,United States,ES_31845_KX-TGC220_12162014114711_0431620
2229340,Panasonic,Panasonic,KX-TGC222,KX-TGC222,,Analog,Cordless,,Other,0.546,,N/A,Other,None,0,0,0,0,,N/A,Yes,01/09/2014,09/11/2014,United States,ES_31845_KX-TGC222_12162014114805_0485728
2268772,"VTech Telecommunications, Ltd.",VTECH,DS5101,DS5101,",DS5101 HS,1 Handset + 1 Charger; ,DS5101,1 Handset + 1 Charger; ,DS510Z-XY HS,1 Handset + 1 Charger; ,DS510Z-XY,1 Handset + 1 Charger",Analog,Additional Handset,0,None,0.2,0,N/A,Other,None,0,0,0,0,,N/A,Yes,05/11/2016,05/30/2016,"United States, Canada",ES_1067513_DS5101_05302016145655_7142907
2268341,"VTech Telecommunications, Ltd.",VTECH,DS5151-2,DS5151-2,",DS5151-2 BS,2 Handset + 1 Base + 1 Charger; ,DS5151-2 HS,2 Handset + 1 Base + 1 Charger; ,DS5151-2,2 Handset + 1 Base + 1 Charger; ,DS5151-3 BS,3 Handset + 1 Base + 2 Chargers; ,DS5151-3 HS,3 Handset + 1 Base + 2 Chargers; ,DS5151-3,3 Handset + 1 Base + 2 Chargers; ,DS515Z-XY BS,X Handsets + 1 Base + (X-1) Chargers; ,DS515Z-XY HS,X Handsets + 1 Base + (X-1) Chargers; ,DS515Z-XY,X Handsets + 1 Base + (X-1) Chargers",Analog,Cordless,1,None,0.6,0,N/A,Other,None,0,0,0,0,,N/A,Yes,05/11/2016,05/30/2016,"United States, Canada",ES_1067513_DS5151-2_05302016145424_8776819
2267739,"VTech Telecommunications, Ltd.",VTECH,DS6072 HS,DS6072 HS,",DS6072 HS,1 Handset + 1 Handset Charger; ,DS607Z-XY HS,1 Handset + 1 Handset Charger",Analog,Additional Handset,0,None,0.1,0,N/A,Other,Bluetooth,0,0,0,0,,N/A,Yes,05/06/2016,05/20/2016,"United States, Canada",ES_1067513_DS6072 HS_05202016140445_6542932
2230087,"VTech Telecommunications, Ltd.",VTECH,DS6101,DS6101,",DS6101 A,1HS+1Charger; ,DS6101,1HS+1Charger; ,DS610Z-XY,XHS+XCharger(s)",Analog,Additional Handset,0,None,0.28,0,N/A,Other,None,0,0,0,0,,N/A,Yes,05/12/2014,12/10/2014,"United States, Canada",ES_1067513_DS6101_12052014111707_3572961
2230086,"VTech Telecommunications, Ltd.",VTECH,DS6151-2,DS6151-2,",DS615#-## A,#HS+1BS(W/ ITAD)+(#-1)Charger(s); ,DS615#-##,#HS+1BS(W/ ITAD)+(#-1)Charger(s); ,DS615#-#* A,#HS+1BS(W/ ITAD)+(#-1)Charger(s); ,DS615#-#*,#HS+1BS(W/ ITAD)+(#-1)Charger(s); ,DS615*-## A,#HS+1BS(W/ ITAD)+(#-1)Charger(s); ,DS615*-##,#HS+1BS(W/ ITAD)+(#-1)Charger(s); ,DS615*-#* A,#HS+1BS(W/ ITAD)+(#-1)Charger(s); ,DS615*-#*,#HS+1BS(W/ ITAD)+(#-1)Charger(s); ,DS6151 A,1HS+1BS(W/ ITAD); ,DS6151,1HS+1BS(W/ ITAD); ,DS6151-2 A,2HS+1BS(W/ ITAD)+1Charger; ,DS6151-2,2HS+1BS(W/ ITAD)+1Charger",Analog,Cordless,1,None,1.27,0,N/A,Other,None,0,0,0,0,,N/A,Yes,05/12/2014,12/05/2014,"United States, Canada",ES_1067513_DS6151-2_12052014111342_555841
2321221,"VTech Telecommunications, Ltd.",VTECH,DS6250,DS6250,",DS6250,1 handset + 1 charger; ,DS6250-##,1 handset + 1 charger; ,DS6250-#*,1 handset + 1 charger",Analog,Additional Handset,1,None,0.3,0,N/A,Other,None,0,0,0,0,,N/A,Yes,05/31/2018,05/31/2018,"United States, Canada",ES_1067513_DS6250_05142018193130_6372949
2321225,"VTech Telecommunications, Ltd.",VTECH,DS6251,DS6251,",DS625#-##,#HS+1BS+(#-1)Charger; ,DS625#-#*,#HS+1BS+(#-1)Charger; ,DS625*-##,#HS+1BS+(#-1)Charger; ,DS625*-#*,#HS+1BS+(#-1)Charger; ,DS6251,1 base + 1 handset; ,DS6251-2,1 base + 2 handsets + 1 charger; ,DS6251-3,1 base + 3 handsets + 2 chargers; ,DS6251-4,1 base + 4 handsets + 3 chargers",Analog,Cordless,1,None,0.9,0,N/A,Other,None,0,0,0,0,,N/A,Yes,05/31/2018,05/31/2018,"United States, Canada",ES_1067513_DS6251_05142018193130_6372949
2230155,"VTech Telecommunications, Ltd.",VTECH,DS6290,DS6290,",DS6290,1 Handset + 1 Charger; ,DS6291-2,2 Handsets + 1 Charger; ,DS6291-3,; ,DS629C-AB,A Handsets + A Chargers; ,DS629Z-XY,X Handset + (X-1) Charger(s)",Analog,Additional Handset,0,None,0.2,0,N/A,Other,None,0,0,0,0,,N/A,Yes,04/25/2014,05/15/2014,"United States, Canada",ES_1067513_DS6290_11032014142338_7102319
2230089,"VTech Telecommunications, Ltd.",VTECH,DS6401,DS6401,",DS6401,1 handset+1 charger; ,DS6401-16,1 handset+1 charger; ,DS640Z-XY,1 handset+1 charger",Analog,Additional Handset,0,None,0.3,0,N/A,Other,None,0,0,0,0,,N/A,Yes,12/12/2014,12/15/2014,"United States, Canada",ES_1067513_DS6401_12122014170145_5034906
2230095,"VTech Telecommunications, Ltd.",VTECH,DS650Z-XY,DS650Z-XY,",DS6501,1 Handset + 1 Charger; ,DS6501-12,1 Handset + 1 Charger; ,DS650Z-XY,X Handset + X Charger",Analog,Additional Handset,0,None,0.27,0,N/A,Other,None,0,0,0,0,,N/A,Yes,11/23/2011,12/09/2011,"United States, Canada",ES_1067513_DS650Z-XY_11262014161320_5081750
2230522,"VTech Telecommunications, Ltd.",VTECH,DS650Z-XY,DS650Z-XY,",DS6501,1 Handset + 1 Charger; ,DS6501-12,1 Handset + 1 Charger; ,DS650Z-XY,X Handset + X Charger",Analog,Cordless,0,None,0.27,0,N/A,Other,None,0,0,0,0,,N/A,Yes,12/24/2014,12/30/2014,"United States, Canada",ES_1067513_DS650Z-XY_12242014144804_6278192
2230520,"VTech Telecommunications, Ltd.",VTECH,DS6511-2,DS6511-2,",DS6511,1 Handset + 1 Base; ,DS6511-2,2 Handsets + 1 Base + 1 Charger; ,DS6511-3,3 Handsets + 1 Base + 2 Chargers; ,DS6511-4,4 Handsets + 1 Base + 3 Chargers; ,DS6511-4A,4 Handsets + 1 Base + 3 Chargers; ,DS651Z-XY,X Handsets + 1 Base + (X-1) Chargers",Analog,Cordless,1,None,0.77,0,N/A,Other,None,0,0,0,0,,N/A,Yes,12/24/2014,12/30/2014,"United States, Canada",ES_1067513_DS6511-2_12242014144219_1281091
2230094,"VTech Telecommunications, Ltd.",VTECH,DS651Z-XY,DS651Z-XY,",DS6511,1 Handset + 1 Base; ,DS6511-2,1 Handset + 1 Base; ,DS6511-3,3 Handsets + 1 Base + 2 Chargers; ,DS6511-4,4 Handsets + 1 Base + 3 Chargers; ,DS6511-4A,4 Handsets + 1 Base + 3 Chargers; ,DS651Z-XY,X Handsets + 1 Base + (X-1) Chargers",Analog,Cordless,0,None,0.77,0,N/A,Other,None,0,0,0,0,,N/A,Yes,11/23/2011,12/09/2011,"United States, Canada",ES_1067513_DS651Z-XY_11262014152502_4807092
2230122,"VTech Telecommunications, Ltd.",VTECH,DS6521,DS6521,",DS6521,1 Handset + 1 Base; ,DS6521-2,1 Handset + 1 Base; ,DS6522-3,3 Handsets + 1 Base + 2 Chargers; ,DS6522-32,3 Handsets + 1 Base + 2 Chargers; ,DS652Z-XY,X Handsets + 1 Base + (X-1) Chargers",Analog,Cordless,0,None,0.9,0,N/A,Other,None,0,0,0,0,,N/A,Yes,11/23/2011,12/09/2011,"United States, Canada",ES_1067513_DS6521_11262014155806_9502832
2230521,"VTech Telecommunications, Ltd.",VTECH,DS6521,DS6521,",DS6521,1 Handset + 1 Base; ,DS6521-2,1 Handset + 1 Base; ,DS6522-3,3 Handsets + 1 Base + 2 Chargers; ,DS6522-32,3 Handsets + 1 Base + 2 Chargers; ,DS652Z-XY,X Handsets + 1 Base + (X-1) Chargers",Analog,Cordless,1,None,0.9,0,N/A,Other,None,0,0,0,0,,N/A,Yes,12/24/2014,12/30/2014,"United States, Canada",ES_1067513_DS6521_12242014144512_8033563
2226254,"VTech Telecommunications, Ltd.",VTECH,DS6642-4A,DS6642-4A,",8025246,2HS+1BS(W/ ITAD)+1 Charger; ,DS6641,1HS+1BS(W/ ITAD); ,DS6642-4,4HS+1BS(W/ ITAD)+3Chargers; ,DS6642-4A,4HS+1BS(W/ ITAD)+3Chargers; ,DS664Z-XY,XHS+1BS(W/ ITAD)+(X-1)Charger(s)",Analog,Corded,3,None,0.9,0,N/A,Other,None,0,0,0,0,,N/A,Yes,11/17/2014,11/28/2014,"United States, Canada",ES_1067513_DS6642-4A_11262014160815_7079736
2269347,"VTech Telecommunications, Ltd.",VTECH,DS6700 HS,DS6700 HS,",DS6700 HS,1 Handset + 1 Charger; ,DS670Z-XY HS,1 Handset + 1 Charger",Analog,Additional Handset,0,None,0.2,0,N/A,Other,Bluetooth,0,0,0,0,,N/A,Yes,04/15/2016,06/07/2016,"United States, Canada",ES_1067513_DS6700 HS_06032016152120_3214074
2304405,"VTech Telecommunications, Ltd.",VTECH,DS6701,DS6701,",DS670#-##,1 handset + 1 Charger; ,DS670#-#*,1 handset + 1 Charger; ,DS670*-##,1 handset + 1 Charger; ,DS670*-#*,1 handset + 1 Charger; ,DS6701,1 handset + 1 Charger",Analog,Additional Handset,0,None,0.3,0,N/A,Other,None,0,0,0,0,,N/A,Yes,09/08/2017,09/29/2017,"United States, Canada",ES_1067513_DS6701_09222017152532_2692224
2269346,"VTech Telecommunications, Ltd.",VTECH,DS6722-3,DS6722-3,",DS6722-3 BS,3 Handsets+1 Base+2 Chargers; ,DS6722-3 HS,3 Handsets+1 Base+2 Chargers; ,DS6722-3,3 Handsets+1 Base+2 Chargers; ,DS672Z-XY BS,X Handsets+1 Base+(X-1) Chargers; ,DS672Z-XY HS,X Handsets+1 Base+(X-1) Chargers; ,DS672Z-XY,X Handsets+1 Base+(X-1) Chargers",Analog,Cordless,2,None,0.7,0,N/A,Other,Bluetooth,0,0,0,0,,N/A,Yes,04/15/2016,06/07/2016,"United States, Canada",ES_1067513_DS6722-3_06032016151929_3459588
2304402,"VTech Telecommunications, Ltd.",VTECH,DS6751,DS6751,",DS675#-##,1 Base (W/ ITAD) + # Handsets + (#-1) Chargers; ,DS675#-#*,1 Base (W/ ITAD) + # Handsets + (#-1) Chargers; ,DS675*-##,1 Base (W/ ITAD) + # Handsets + (#-1) Chargers; ,DS675*-#*,1 Base (W/ ITAD) + # Handsets + (#-1) Chargers; ,DS6751,1 Base (W/ ITAD) + 1 Handset; ,DS6751-2,1 Base (W/ ITAD) + 2 Handsets + 1 Charger; ,DS6751-3,1 Base (W/ ITAD) + 3 Handsets + 2 Chargers; ,DS6752-4,1 Base (W/ ITAD) + 4 Handsets + 3 Chargers",Analog,Cordless,3,None,0.8,0,N/A,Other,None,0,0,0,0,,N/A,Yes,09/08/2017,09/29/2017,"United States, Canada",ES_1067513_DS6751_09222017141714_8288080
2267738,"VTech Telecommunications, Ltd.",VTECH,DS6771-3,DS6771-3,",DS6771-3,1 Base + 2 Handsets+ 1 Handset Charger + 1 Headset; ,DS6772-4,1 Base + 3 Handsets+ 2 Handset Chargers + 1 Headset; ,DS677Z-XY,1 Base + (X-1) Handsets + (X-2) Handset Charger + 1 Headset",Analog,Cordless,2,None,0.8,0,N/A,Other,Bluetooth,0,0,0,0,,N/A,Yes,05/06/2016,05/20/2016,"United States, Canada",ES_1067513_DS6771-3_05202016122117_2915765
2229753,"VTech Telecommunications, Ltd.",VTECH,FS6214-2,FS6214-2,",FS6214,1 Handset + 1 Base; ,FS6214-2,2 Handsets + 1 Base + 1 Charger; ,FS621Z-XY,X Handsets + 1 Base + (X-1) Charger(s)",Analog,Cordless,0,None,0.86,0,N/A,Other,None,0,0,0,0,,N/A,Yes,12/05/2014,12/18/2014,"United States, Canada",ES_1067513_FS6214-2_12152014163134_5288202
2229754,"VTech Telecommunications, Ltd.",VTECH,FS6224-2,FS6224-2,",FS6224,1 Handset + 1 Base; ,FS6224-2,2 Handsets + 1 Base + 1 Charger; ,FS6224-3,1 Handset + 1 Base; ,FS622Z-XY,FS6224-11,FS6224-21,2 Handsets + 1 Base + 1 Charger",Analog,Cordless,1,None,0.91,0,N/A,Other,None,0,0,0,0,,N/A,Yes,12/05/2014,12/18/2014,"United States, Canada",ES_1067513_FS6224-2_12152014164746_2759363
2229755,"VTech Telecommunications, Ltd.",VTECH,FS6224-2,FS6224-2,",FS6214-2,; ,FS621Z-XY,,; ,FS6224-21,2 Handset+1 Charger; ,FS6224-3,; ,FS622Z-XY,",Analog,Additional Handset,0,None,0.26,0,N/A,Other,None,0,0,0,0,,N/A,Yes,12/05/2014,12/18/2014,"United States, Canada",ES_1067513_FS6224-2_12152014165623_1341974
2261793,"VTech Telecommunications, Ltd.",VTECH,IS7101,IS7101,",IS7101,1 Charger + 1 Handset; ,IS710X-abc,a Charger + a Handset + b Door Bell",Analog,Additional Handset,1,None,0.3,0,N/A,Other,None,0,0,0,0,,N/A,Yes,03/15/2013,03/04/2016,"United States, Canada",ES_1067513_IS7101_03032016171247_7083398
2261894,"VTech Telecommunications, Ltd.",VTECH,IS7121-2,IS7121-2,",IS7121,1 Base + 1 Handset + 1 Door Bell; ,IS7121-2,1 Base + 1 Handset + 1 Door Bell; ,IS7121-22,1 Base + 2 Handsets + 1 Charger + 2 Door Bells; ,IS7122-3,1 Base + 3 Handsets + 2 Chargers + 1 Door Bell; ,IS7122-317,1 Base + 3 Handsets + 2 Chargers + 1 Door Bell; ,IS712X-abc,1 Base + (a -1) Charger(s) + a Handset + b Door Bell",Analog,Cordless,1,None,0.4,0,N/A,Other,None,0,0,0,0,,N/A,Yes,03/15/2013,03/04/2016,"United States, Canada",ES_1067513_IS7121-2_03032016170301_3431665
2229749,"VTech Telecommunications, Ltd.",VTECH,LS6405,LS6405,",LS6405,1 handset+1 charger; ,LS640Z-XY,1 handset+1 charger",Analog,Additional Handset,0,None,0.29,0,N/A,Other,None,0,0,0,0,,N/A,Yes,12/04/2014,12/05/2014,"United States, Canada",ES_1067513_LS6405_12052014103000_9604303
2310823,"VTech Telecommunications, Ltd.",VTECH,LS-S3410,LS-S3410,",LS-S3410,Base (1 line) + handset; ,LS-S3410-USB,Base (1 line) with USB charging ports + handset; ,LS-S3420,Base (2 line) + handset; ,LS-S3420-USB,Base (2 line) with USB charging ports + handset",Voice over Internet Protocol (VoIP),Cordless,1,None,2.1,0,N/A,Other,None,1,0,0,0,,Class 3,No,01/25/2018,02/11/2018,"United States, Canada",ES_1067513_LS-S3410_02072018114241_5906488
2237585,"VTech Telecommunications, Ltd.",VTECH,S1100,S1100,",S1100,SIP Corded Phone with Single Line & no key board; ,S1210,SIP Corded Phone with Single Line; ,S1220,SIP Corded Phone with Two Lines",Voice over Internet Protocol (VoIP),Corded,0,None,1,0,N/A,Other,None,0,2,0,0,,Class 2,No,03/27/2015,04/15/2015,"United States, Canada",ES_1067513_S1100_03312015122217_8788568
2237586,"VTech Telecommunications, Ltd.",VTECH,S2100,S2100,",S2100,SIP Corded Phone with Single Line & no key board; ,S2210,SIP Corded Phone with Single Line; ,S2220,SIP Corded Phone with Two Lines",Voice over Internet Protocol (VoIP),Corded,0,None,1,0,N/A,Other,None,0,2,0,0,,Class 2,No,03/27/2015,04/15/2015,"United States, Canada",ES_1067513_S2100_03312015122422_1572992
2237587,"VTech Telecommunications, Ltd.",VTECH,S2211,S2211,",S2211,SIP Corded Phone with Single Line; ,S2221,SIP Corded Phone with Two Lines",Voice over Internet Protocol (VoIP),Corded,0,None,1,0,N/A,Other,None,0,1,0,0,,Class 2,No,03/27/2015,04/15/2015,"United States, Canada",ES_1067513_S2211_03312015121745_5456506
2230714,"VTech Telecommunications, Ltd.",VTECH,VC7100,VC7100,",VC7100,1 Handset + 1 Charger; ,VC7100-XY,1 Handset + 1 Charger",Analog,Cordless,0,None,0.28,0,N/A,Other,None,0,0,0,0,,N/A,Yes,09/25/2014,10/11/2014,"United States, Canada",ES_1067513_VC7100_12242014153642_7980157
2230713,"VTech Telecommunications, Ltd.",VTECH,VC7151,VC7151,",VC7151,1 HS + 1 BS (W/ ITAD); ,VC7151-101,1 HS + 1 BS (W/ ITAD); ,VC7151-102,1 HS + 1 BS (W/ ITAD); ,VC7151-109,1 HS + 1 BS (W/ ITAD); ,VC7152-201,2HS+1BS(W/ ITAD) + 1Charger + 1Garage sensor; ,VC7152-301,3HS+1BS(W/ ITAD) + 2Charger + 1Garage sensor; ,VC715x-abc,aHS + 1BS(W/ ITAD) + (a-1)Charger + sensor(if any)",Analog,Cordless,0,None,0.89,0,N/A,Other,None,0,0,0,0,,N/A,Yes,09/25/2014,10/11/2014,"United States, Canada",ES_1067513_VC7151_12242014151903_909387
2250209,"VTech Telecommunications, Ltd.",VTECH,VSP600,VSP600,",VSP600,1HS+1BS+1Charger",Voice over Internet Protocol (VoIP),Cordless,1,None,1.01,0,N/A,Other,None,0,0,0,0,,Class 2,Optional,01/20/2014,10/15/2015,"United States, Canada",ES_1067513_VSP600_10132015124144_3220483
2218764,"VTech Telecommunications, Ltd.",VTECH,VSP601,VSP601,"VSP601,,1Handset+1charger; VSP740,,1Handset+1charger",Voice over Internet Protocol (VoIP),Additional Handset,1,None,0.16,0,N/A,Other,None,0,0,0,0,,N/A,Yes,09/03/2014,09/05/2014,"United States, Canada",ES_1067513_VSP601_09042014152256_2557947
2291803,"VTech Telecommunications, Ltd.",VTECH,VSP705,VSP705,,Voice over Internet Protocol (VoIP),Corded,0,None,1.3,0,Not Supported,Other,None,0,2,0,0,,Class 1,Optional,01/11/2017,03/01/2017,"United States, Canada",ES_1067513_VSP705_02232017152350_574151
2243453,"VTech Telecommunications, Ltd.",VTECH,VSP715,VSP715,",VSP715,1 Deskset",Voice over Internet Protocol (VoIP),Corded,0,None,1.5,0,N/A,Other,None,0,2,0,0,,Class 1,Yes,02/24/2015,07/17/2015,"United States, Canada",ES_1067513_VSP715_07172015170009_9386102
2257731,"VTech Telecommunications, Ltd.",VTECH,VSP726,VSP726,,Voice over Internet Protocol (VoIP),Corded,0,None,2.5,0,N/A,Other,None,1,0,0,0,,Class 3,Yes,02/01/2016,02/03/2016,"United States, Canada",ES_1067513_VSP726_01272016093706_9385034
2257732,"VTech Telecommunications, Ltd.",VTECH,VSP736,VSP736,,Voice over Internet Protocol (VoIP),Corded,0,None,2.6,0,N/A,Other,None,1,0,0,0,,Class 3,Yes,02/01/2016,01/27/2016,"United States, Canada",ES_1067513_VSP736_01272016094541_5805169
2304503,"VTech Telecommunications, Ltd.",VTECH,VSP805,VSP805,,Voice over Internet Protocol (VoIP),Corded,0,None,1.2,0,Not Supported,Other,None,0,1,0,0,,Class 1,Optional,08/09/2017,10/04/2017,"United States, Canada",ES_1067513_VSP805_09142017201638_6478082
2286949,"VTech Telecommunications, Ltd.",VTECH,VSP861,VSP861,,Voice over Internet Protocol (VoIP),Corded,0,None,3,,Not Supported,Other,None,1,0,0,0,,Class 3,Optional,12/02/2016,12/23/2016,"United States, Canada",ES_1067513_VSP861_12142016110911_1464807
2260199,"VTech Telecommunications, Ltd.",VTECH,VVX D60,VVX D60,,Analog,Additional Handset,0,None,0.2,0,N/A,Other,None,0,0,0,0,,N/A,Yes,02/15/2016,02/15/2016,"United States, Canada",ES_1067513_VVX D60_02162016150215_5399896
2230088,"VTech Telecommunications, Ltd.","vtech, Bell",8025248,8025248,",8025248,2 Handset + 1Base+1 charger; ,DS6421,1 base+1 handset; ,DS6421-2,1 base+1 handset; ,DS6421-3,3 Handsets + 1 Base + 2 chargers; ,DS6421-4,1 base+1 handset; ,DS642Z-XY,X Handset + 1Base+(X-1) charger(s); ,DS6472-6,6 Handsets + 1 Base + 5 chargers; ,DS647Z-XY,X Handsets + 1 Base + (X-1) chargers",Analog,Cordless,2,None,1.11,0,N/A,Other,None,0,0,0,0,,N/A,Yes,12/12/2014,12/15/2014,"United States, Canada",ES_1067513_8025248_12122014165948_7861749
2257545,"VTech Telecommunications, Ltd.",AT&T,CLP99286,CLP99286,",CLP99##6,# handset(s) + 1 base (w/ ITAD) + (# - 1) chargers; ,CLP99##7,# handset(s) + 1 base (w/ ITAD) + (# - 1) chargers; ,CLP99286,2 handsets + 1 base (w/ ITAD) + 1 charger; ,CLP99287,2 handsets + 1 base (w/ ITAD) + 1 charger; ,CLP99386,3 handsets + 1 base (w/ ITAD) + 2 chargers; ,CLP99387,3 handsets + 1 base (w/ ITAD) + 2 chargers; ,CLP99456,4 handsets + 1 base (w/ ITAD) + 3 chargers; ,CLP99457,4 handsets + 1 base (w/ ITAD) + 3 chargers; ,CLP99486,4 handsets + 1 base (w/ ITAD) + 3 chargers; ,CLP99487,4 handsets + 1 base (w/ ITAD) + 3 chargers; ,CLP99546,5 handsets + 1 base (w/ ITAD) + 4 chargers; ,CLP99547,5 handsets + 1 base (w/ ITAD) + 4 chargers; ,CLP99556,5 handsets + 1 base (w/ ITAD) + 4 chargers; ,CLP99557,5 handsets + 1 base (w/ ITAD) + 4 chargers; ,CLP99586,5 handsets + 1 base (w/ ITAD) + 4 chargers; ,CLP99587,5 handsets + 1 base (w/ ITAD) + 4 chargers",Analog,Cordless,1,None,0.8,0,N/A,Other,None,0,0,0,0,,N/A,Yes,01/05/2016,01/29/2016,"United States, Canada",ES_1067513_CLP99286_01252016095103_1343805
2335169,"VTech Telecommunications, Ltd.",AT&T,DL72119,DL72119,",DL72##9,#HS+1BS(W/ ITAD)+(#-1)chargers; ,DL72#*9,#HS+1BS(W/ ITAD)+(#-1)chargers; ,DL72119,1HS+1BS(W/ ITAD); ,DL72219,2HS+1BS(W/ ITAD)+1charger; ,DL72319,3HS+1BS(W/ ITAD)+2chargers; ,DL72419,4HS+1BS(W/ ITAD)+3chargers",Analog,Cordless,1,None,0.6,0,N/A,Other,None,0,0,0,0,,N/A,Yes,02/28/2019,03/21/2019,"United States, Canada",ES_1067513_DL72119_03212019105553_8277246
2242752,"VTech Telecommunications, Ltd.",AT&T,EL50013,EL50013,",EL500#3,1 Handset + 1 Charger; ,EL500*3,1 Handset + 1 Charger; ,EL50003,1 Handset + 1 Charger; ,EL50013,1 Handset + 1 Charger",Analog,Additional Handset,0,None,0.3,0,N/A,Other,None,0,0,0,0,,N/A,Yes,08/22/2017,02/27/2017,"United States, Canada",ES_1067513_EL50013_11242014162843_2903100
2334287,"VTech Telecommunications, Ltd.",AT&T,EL50019,EL50019,",DL700#9,1 handset + 1 charger; ,DL700*9,1 handset + 1 charger; ,DL70019,1 handset + 1 charger; ,EL500#9,1 handset + 1 charger; ,EL500*9,1 handset + 1 charger; ,EL50019,1 handset + 1 charger",Analog,Additional Handset,1,None,0.1,0,N/A,Other,None,0,0,0,0,,N/A,Yes,02/28/2019,03/07/2019,"United States, Canada",ES_1067513_EL50019_03072019111727_8977624
2229645,"VTech Telecommunications, Ltd.",AT&T,EL51203,EL51203,",EL51##3,1st # handset + 1 base (w/o ITAD) + (1st #-1) Charger(s); ,EL51103,1 handset + 1 base (w/o ITAD); ,EL51203,2 handset + 1 base (w/o ITAD) + 1 Charger; ,EL51303,3 handset + 1 base (w/o ITAD) + 2 Charger",Analog,Cordless,1,Other,0.8,0,N/A,Other,None,0,0,0,0,,N/A,Yes,08/22/2017,12/12/2014,"United States, Canada",ES_1067513_EL51203_12152014163853_8725702
2334288,"VTech Telecommunications, Ltd.",AT&T,EL52119,EL52119,",EL52##9,#HS+1BS(W/ ITAD)+(#-1)chargers; ,EL52#*9,#HS+1BS(W/ ITAD)+(#-1)chargers; ,EL52119,2HS+1BS(W/ ITAD)+ 1 charger; ,EL52219,2HS+1BS(W/ ITAD)+ 1 charger; ,EL52319,3HS+1BS(W/ ITAD)+2 chargers",Analog,Cordless,1,None,0.7,0,N/A,Other,None,0,0,0,0,,N/A,Yes,02/28/2019,03/07/2019,"United States, Canada",ES_1067513_EL52119_03072019111316_2376977
2256683,"VTech Telecommunications, Ltd.",AT&T,EL52206,EL52206,",EL52206,2HS+1BS(W/ ITAD)+1Charger; ,EL52306,3HS+1BS(W/ ITAD)+2Chargers; ,EL52346,3HS+1BS(W/ ITAD)+2Chargers; ,EL52356,3HS+1BS(W/ ITAD)+2Chargers; ,EL52406,4HS+1BS(W/ ITAD)+3Chargers; ,EL52XY6,XHS+1BS(W/ITAD)+(X-1)Charger(s)",Analog,Cordless,1,None,0.7,0,N/A,Other,None,0,0,0,0,,N/A,Yes,11/26/2015,01/14/2016,"United States, Canada",ES_1067513_EL52206_01112016183147_7084009
2303339,"VTech Telecommunications, Ltd.",AT&T,EL52303,EL52303,",EL52##3,1st # handsets + 1 base (w/ ITAD) + (1st # - 1) chargers(s); ,EL52103,1 handset + 1 base (w/ ITAD); ,EL52113,1 handset + 1 base (w/ ITAD); ,EL52203,2 handsets + 1 base (w/ ITAD) + 1 charger; ,EL52213,2 handsets + 1 base (w/ ITAD) + 1 charger; ,EL52253,2 handsets + 1 base (w/ ITAD) + 1 charger; ,EL52303,3 handsets + 1 base (w/ ITAD) + 2 chargers; ,EL52313,3 handsets + 1 base (w/ ITAD) + 2 chargers; ,EL52353,3 handsets + 1 base (w/ ITAD) + 2 chargers; ,EL52503,5 handsets + 1 base (w/ ITAD) + 4 chargers",Analog,Cordless,2,Other,0.6,0,N/A,Other,None,0,0,0,0,,N/A,Yes,08/22/2017,09/07/2017,"United States, Canada",ES_1067513_EL52303_08292017153558_2679101
2229648,"VTech Telecommunications, Ltd.",AT&T,TL90073,TL90073,",TL90011,1HS + 1Charger; ,TL90031,1HS + 1Charger; ,TL90041,1HS + 1Charger; ,TL90051,1HS + 1Charger; ,TL90061,1HS + 1Charger; ,TL90071,1HS + 1Charger; ,TL90073,1HS + 1Charger; ,TL90081,1HS + 1Charger; ,TL900Y3,1HS + 1Charger; ,TL90XY1,1HS + 1Charger",Analog,Additional Handset,0,None,0.24,0,N/A,Other,None,0,0,0,0,,N/A,Yes,03/12/2014,12/12/2014,"United States, Canada",ES_1067513_TL90073_12112014202631_3555566
2268064,"VTech Telecommunications, Ltd.",AT&T,TL90076 HS,TL90076 HS,",TL90076 HS,1 Handset + 1 Charger; ,TL900Y6 HS,1 Handset + 1 Charger; ,TL900Y6,1 Handset + 1 Charger",Analog,Additional Handset,0,None,0.1,0,N/A,Other,Bluetooth,0,0,0,0,,N/A,Yes,04/22/2016,05/27/2016,"United States, Canada",ES_1067513_TL90076 HS_05202016092925_1100274
2303917,"VTech Telecommunications, Ltd.",AT&T,TL90077,TL90077,",TL900#7,1 Handset + 1 Charger; ,TL900*7,1 Handset + 1 Charger; ,TL90077,1 Handset + 1 Charger",Analog,Additional Handset,0,None,0.1,0,N/A,Other,None,0,0,0,0,,N/A,Yes,07/07/2017,09/25/2017,United States,ES_1067513_TL90077_07102017105248_9856378
2229647,"VTech Telecommunications, Ltd.",AT&T,TL96273,TL96273,",TL96273,2HS+1BS(W/ ITAD)+1Charger; ,TL96323,3HS+1BS(W/ ITAD)+2Chargers; ,TL96373,3HS+1BS(W/ ITAD)+2Chargers; ,TL96473,4HS+1BS(W/ ITAD)+3Chargers; ,TL96XY3,XHS+1BS(W/ ITAD)+(X-1)Charger(s)",Analog,Cordless,1,None,0.79,0,N/A,Other,None,0,0,0,0,,N/A,Yes,03/12/2014,03/12/2014,"United States, Canada",ES_1067513_TL96273_12112014201531_631524
2268065,"VTech Telecommunications, Ltd.",AT&T,TL96276,TL96276,",TL96276 BS,2 Handsets +1 Base + 1 Charger; ,TL96276 HS,2 Handsets +1 Base + 1 Charger; ,TL96276,2 Handsets +1 Base + 1 Charger; ,TL96456 BS,4 Handsets + 1 Base + 3 Chargers; ,TL96456 HS,4 Handsets + 1 Base + 3 Chargers; ,TL96456,4 Handsets + 1 Base + 3 Chargers; ,TL96XY6 BS,X Handset + 1 Base + (X-1) Chargers; ,TL96XY6 HS,X Handset + 1 Base + (X-1) Chargers; ,TL96XY6,X Handset + 1 Base + (X-1) Chargers",Analog,Cordless,1,None,0.5,0,N/A,Other,Bluetooth,0,0,0,0,,N/A,Yes,04/22/2016,05/27/2016,"United States, Canada",ES_1067513_TL96276_05202016092724_5371820
2299859,"VTech Telecommunications, Ltd.",AT&T,TL96457,TL96457,",TL96##7,# HS + 1 BS (W/ ITAD) + (#-1) chargers; ,TL96#*7,# HS + 1 BS (W/ ITAD) + (#-1) chargers; ,TL96457,4 HS + 1 BS (W/ ITAD) + 3 chargers; ,TL96547,5 HS + 1 BS (W/ ITAD) + 4 chargers",Analog,Cordless,1,None,0.4,0,N/A,Other,None,0,0,0,0,,N/A,Yes,07/07/2017,07/11/2017,United States,ES_1067513_TL96457_07102017104739_6755792
2262613,"VTech Telecommunications, Ltd.",at&t/vtech,EL50005,EL50005,",CS690*-#*,# Handset + # Charger; ,CS6909,1 Handset + 1 Charger; ,CS6909-15,1 Handset + 1 Charger; ,CS6909-16,1 Handset + 1 Charger; ,CS6909-17,1 Handset + 1 Charger; ,CS6909-19,1 Handset + 1 Charger; ,EL500*5,1 Handset + 1 Charger; ,EL50005,1 Handset + 1 Charger",Analog,Additional Handset,0,None,0.1,0,N/A,Other,None,0,0,0,0,,N/A,Yes,11/26/2015,01/06/2016,"United States, Canada",ES_1067513_EL50005_01082016094012_9378473
2250210,"VTech Telecommunications, Ltd.","Bell, vtech",8025244,8025244,",8025243,1 base+1 handset; ,8025244,1 base+2 handset+1 charger; ,8025245,1 base+3 handset+2 chargers; ,LS6425,1  base+1 handset; ,LS6425-2,1  base+1 handset; ,LS6425-3,1  base+1 handset; ,LS6425-4,1  base+1 handset; ,LS642Z-XY,1 base+X handset+(X-1) charger(s)",Analog,Cordless,0,None,0.79,0,N/A,Other,None,0,0,0,0,,N/A,Yes,12/04/2014,10/15/2015,"United States, Canada",ES_1067513_8025244_10132015114330_7029840
2217370,"VTech Telecommunications, Ltd.",CISCO,CP-8851NR,CP-8851NR,",CP-8851NR,NA",Voice over Internet Protocol (VoIP),Corded,0,None,3.3,0.21,Not Supported,Universal Serial Bus (USB),None,2,2,0,0,800 x 480,Class 3,No,03/12/2015,03/17/2015,United States,ES_21829_CP-7861_08142014131159_9555932
2224512,"VTech Telecommunications, Ltd.",Clarity,BT914,BT914,",BT914,1 base + 1 handset",Analog,Cordless,0,None,0.8,0,N/A,Other,None,0,0,0,0,,N/A,Yes,10/08/2014,10/08/2014,"United States, Canada",ES_1067513_BT914_11042014123749_6858178
2224513,"VTech Telecommunications, Ltd.",Clarity,BT914HS,BT914HS,",BT914HS,1HS + 1Charger",Analog,Additional Handset,0,None,0.2,0,N/A,Other,None,0,0,0,0,,N/A,Yes,10/08/2014,10/08/2014,"United States, Canada",ES_1067513_BT914HS_11042014124658_8065454
2248382,"VTech Telecommunications, Ltd.",Clarity,D702HS,D702HS,",C1HS,1 Handset + 1 charger; ,D702HS,1 Handset + 1 charger; ,D703HS,1 Handset + 1 charger; ,D704HS,1 Handset + 1 charger",Analog,Additional Handset,0,None,0.2,0,N/A,Other,None,0,0,0,0,,N/A,Yes,09/27/2011,09/16/2015,"United States, Canada",ES_1067513_D702HS_09212015104645_6444818
2248381,"VTech Telecommunications, Ltd.",Clarity,D704,D704,",C1,1 Handset + 1 Base; ,D702,1 Handset + 1 Base; ,D703,1 Handset + 1 Base; ,D704,1 Handset + 1 Base",Analog,Cordless,0,None,0.5,0,N/A,Other,None,0,0,0,0,,N/A,Yes,09/27/2011,02/25/2016,"United States, Canada",ES_1067513_D704_09212015105111_133172
2248383,"VTech Telecommunications, Ltd.",Clarity,D714,D714,",C2,1 Handset + 1 Base; ,D712,1 Handset + 1 Base; ,D713,1 Handset + 1 Base; ,D714,1 Handset + 1 Base",Analog,Cordless,0,None,0.5,0,N/A,Other,None,0,0,0,0,,N/A,Yes,09/27/2011,09/16/2015,"United States, Canada",ES_1067513_D714_09212015104851_3540002
2248384,"VTech Telecommunications, Ltd.",Clarity,E814CC,E814CC,",E712,1 Base; ,E712CC,1 Base; ,E713,1 Base; ,E713CC,1 Base; ,E714:E814,1 Base; ,E714CC,1 Base; ,E814CC,1 Base",Analog,Corded,1,None,0.8,0,N/A,Other,None,0,0,0,0,,N/A,Yes,09/27/2011,09/16/2015,"United States, Canada",ES_1067513_E814CC_09212015104257_3961755
2282518,"VTech Telecommunications, Ltd.",Clarity,XLC2+,XLC2+,,Analog,Cordless,0,Other,1.2,0,N/A,Other,None,0,0,0,0,,N/A,Optional,08/15/2016,10/27/2016,"United States, Canada",ES_1067513_XLC2+_10252016175128_2827417
2283116,"VTech Telecommunications, Ltd.",Clarity,XLC3.4+,XLC3.4+,",C4220+,1 Base + 1 Handset; ,XLC3.4+,1 Base + 1 Handset; ,XLC4,1 Base + 1 Handset; ,XLC4-C,1 Base + 1 Handset",Analog,Cordless,0,Other,1.2,0,N/A,Other,None,0,0,0,0,,N/A,Optional,08/11/2016,11/20/2017,"United States, Canada",ES_1067513_XLC3.4+_10272016113231_2149316
2305367,"VTech Telecommunications, Ltd.",Clarity,XLC7BT,XLC7BT,,Analog,Cordless,1,Other,0.8,0,N/A,Other,None,0,0,0,0,,N/A,Optional,08/18/2017,10/19/2017,"United States, Canada",ES_1067513_XLC7BT_10172017175824_4936944
2283111,"VTech Telecommunications, Ltd.",Clarity,XLC7 HS,XLC7 HS,",XLC3.6+ HS,1 Handset + 1 Charger; ,XLC7 HS,1 Handset + 1 Charger",Analog,Additional Handset,0,Other,0.2,0,N/A,Other,None,0,0,0,0,,N/A,Yes,08/11/2016,10/25/2016,"United States, Canada",ES_1067513_XLC3.6+ HS_10272016145204_9399530
2282202,"VTech Telecommunications, Ltd.",Motorola,CS5108,CS5108,",CS510*-#*,; ,CS5108,1 handset + 1 charger",Analog,Additional Handset,0,None,0.1,0,N/A,Other,None,0,0,0,0,,N/A,Yes,08/01/2016,10/25/2016,"United States, Canada",ES_1067513_CS5108_10242016144241_5829431
2302151,"VTech Telecommunications, Ltd.",Motorola,RT8,RT8,",RT8##,1 handset + 1 charger; ,RT8#*,1 handset + 1 charger; ,RT8*#,1 handset + 1 charger; ,RT8**,1 handset + 1 charger; ,RT8,1 handset + 1 charger; ,RT81,1 handset + 1 charger",Analog,Additional Handset,0,None,0.23,0,N/A,Other,None,0,0,0,0,,N/A,Yes,08/15/2017,08/16/2017,United States,ES_1067513_RT8_08152017182458_1216699
2302149,"VTech Telecommunications, Ltd.",Motorola,RT802,RT802,",RT8###,# RT HS + 1 BS (W/ ITAD) + (#-1) RT chargers; ,RT8##*,# RT HS + 1 BS (W/ ITAD) + (#-1) RT chargers; ,RT8##XT##,(1st # -2nd #) RT HS + 1 BS (W/ ITAD) + (1st # -2nd #-1) RT chargers + 2nd #XT HS + 2nd *# XT charger; ,RT8##XT#*,(1st # -2nd #) RT HS + 1 BS (W/ ITAD) + (1st # -2nd #-1) RT chargers + 2nd #XT HS + 2nd *# XT charger; ,RT8*##,# RT HS + 1 BS (W/ ITAD) + (#-1) RT chargers; ,RT8*#*,# RT HS + 1 BS (W/ ITAD) + (#-1) RT chargers; ,RT8*#XT##,(1st # -2nd #) RT HS + 1 BS (W/ ITAD) + (1st # -2nd #-1) RT chargers + 2nd #XT HS + 2nd *# XT charger; ,RT8*#XT#*,(1st # -2nd #) RT HS + 1 BS (W/ ITAD) + (1st # -2nd #-1) RT chargers + 2nd #XT HS + 2nd *# XT charger; ,RT802,2 RT HS + 1 BS (W/ ITAD) + 1 RT charger; ,RT803,3 RT HS + 1 BS (W/ ITAD) + 2 RT chargers; ,RT803XT,2 RT HS + 1 BS (W/ ITAD) + 1 RT charger + 1 XT HS + 1 XT charger; ,RT804,4 RT HS + 1 BS (W/ ITAD) + 3 RT chargers; ,RT804XT,3 RT HS + 1 BS (W/ ITAD) + 2 RT chargers + 1 XT HS + 1 XT charger; ,RT805XT,4 RT HS + 1 BS (W/ ITAD) + 3 RT chargers + 1 XT HS + 1 XT charger; ,RT824XT,3 RT HS + 1 BS (W/ ITAD) + 2 RT chargers + 1 XT HS + 1 XT charger",Analog,Cordless,0,Other,1,0,N/A,Other,Bluetooth,0,0,0,0,,N/A,Yes,08/15/2017,08/16/2017,United States,ES_1067513_RT802_08152017105525_5448724
2291928,"VTech Telecommunications, Ltd.",Motorola,XT8,XT8,",XT8##,1 handset + 1 charger; ,XT8#*,1 handset + 1 charger; ,XT8*#,1 handset + 1 charger; ,XT8**,1 handset + 1 charger; ,XT8,1 handset + 1 charger; ,XT81,1 handset + 1 charger",Analog,Additional Handset,0,Other,0.2,0,N/A,Other,Bluetooth,0,0,0,0,,N/A,Yes,08/12/2017,02/27/2017,"United States, Canada",ES_1067513_XT8_02242017164744_8622857
2292282,"VTech Telecommunications, Ltd.",motorola;Vtech,XT801,XT801,",DS616#-##,# Handsets + 1 Base + (# - 1)chargers; ,DS616#-#*,# Handsets + 1 Base + (# - 1)chargers; ,DS616*-##,# Handsets + 1 Base + (# - 1)chargers; ,DS616*-#*,# Handsets + 1 Base + (# - 1)chargers; ,DS6161,1 handset + 1 base; ,XT8###,# Handsets + 1 Base + (# - 1)chargers; ,XT8##*,# Handsets + 1 Base + (# - 1)chargers; ,XT8*##,# Handsets + 1 Base + (# - 1)chargers; ,XT8*#*,# Handsets + 1 Base + (# - 1)chargers; ,XT801,1 Handset + 1 Base; ,XT802,2 Handsets + 1 Base + 1 Charger; ,XT803,3 Handsets + 1 Base + 2 Chargers; ,XT804,4 Handsets + 1 Base + 3 Chargers; ,XT811,1 Handset + 1 Base; ,XT821,1 Handset + 1 Base; ,XT822,2 Handsets + 1 Base + 1 Charger; ,XT831,1 Handset + 1 Base",Analog,Cordless,1,Other,0.8,0,N/A,Other,Bluetooth,0,0,0,0,,N/A,Yes,02/01/2017,02/27/2017,"United States, Canada",ES_1067513_XT801_02242017164248_8057367
2310822,"VTech Telecommunications, Ltd.",VTECH,C5400,C5400,",C5011,Charger unit; ,C5400,Cordless Handset (1 line); ,C5500,Cordless Handset (2 line)",Voice over Internet Protocol (VoIP),Additional Handset,0,None,0.1,0,N/A,Other,None,0,0,0,0,,N/A,Yes,01/25/2018,02/11/2018,"United States, Canada",ES_1067513_C5400_02072018114736_2881433
2234360,"VTech Telecommunications, Ltd.",VTECH,CM18045,CM18045,",CM18045,1 Handset + 1 charger",Analog,Additional Handset,0,None,0.2,0,N/A,Other,None,0,0,0,0,,N/A,Yes,02/24/2015,02/24/2015,"United States, Canada",ES_1067513_CM18045_02252015122907_4311639
2257925,"VTech Telecommunications, Ltd.",VTECH,CS5109,CS5109,",CS5109,1 Handset+1 Charger; ,CS5109-15,1 Handset+1 Charger; ,CS5109-16,1 Handset+1 Charger; ,CS510Z-XY,X Handset(s)+1Charger",Analog,Additional Handset,0,None,0.2,0,N/A,Other,None,0,0,0,0,,N/A,Yes,01/04/2016,02/05/2016,"United States, Canada",ES_1067513_CS5109_01292016150528_3381769
2257923,"VTech Telecommunications, Ltd.",VTECH,CS5119-2,CS5119-2,",CS5119,1 Handset+1 Base; ,CS5119-15,1 Handset+1 Base; ,CS5119-16,1 Handset+1 Base; ,CS5119-2,1 Handset+1 Base; ,CS511Z-XY,X Handset(s)+1 Base+(X-1) Charger(s)",Analog,Cordless,1,None,0.6,0,N/A,Other,None,0,0,0,0,,N/A,Yes,01/04/2016,02/05/2016,"United States, Canada",ES_1067513_CS5119-2_01292016145928_5199090
2257924,"VTech Telecommunications, Ltd.",VTECH,CS5129-2,CS5129-2,",CS5129,1 Handset+1 Base; ,CS5129-15,1 Handset+1 Base; ,CS5129-16,1 Handset+1 Base; ,CS5129-2,1 Handset+1 Base; ,CS5129-25,2 Handsets+1 Base+1 Charger; ,CS5129-26,2 Handsets+1 Base+1 Charger; ,CS5129-3,3 Handsets+1 Base+2 Chargers; ,CS5129-4,4 Handsets+1 Base+3 Chargers; ,CS5129-5,5 Handsets+1 Base+4 Chargers; ,CS512Z-XY,X Handset(s)+1 Base+(X-1) Charger(s)",Analog,Cordless,1,None,0.7,0,N/A,Other,None,0,0,0,0,,N/A,Yes,01/04/2016,02/05/2016,"United States, Canada",ES_1067513_CS5129-2_01292016150318_3924524
2282203,"VTech Telecommunications, Ltd.",VTECH,CS5158-3,CS5158-3,",CS515*-#*,; ,CS5158-3,# handsets + 1 base + (#-1) chargers",Analog,Cordless,1,None,0.6,0,N/A,Other,None,0,0,0,0,,N/A,Yes,08/01/2016,10/25/2016,"United States, Canada",ES_1067513_CS5158-3_10242016103245_2864343
2231875,"VTech Telecommunications, Ltd.",VTECH,CS6109,CS6109,",CS6109,1 Handset + 1 Charger; ,CS610Z-XY,X Handset(s) + X Charger(s)",Analog,Additional Handset,0,None,0.26,0,N/A,Other,None,0,0,0,0,,N/A,Yes,12/24/2014,01/20/2015,"United States, Canada",ES_1067513_CS6109_01052015165539_7697870
2260255,"VTech Telecommunications, Ltd.",VTECH,CS6114-2,CS6114-2,",CS611*-#* B,#Handset+(#-1)Charger(s)+1Base; ,CS611*-#*,1Base(W/o ITAD)+#Handset+(#-1)Charger(s); ,CS6114 B,1Handset+1Base; ,CS6114,1Base(W/o ITAD)+1Handset; ,CS6114-11 B,1Handset+1Base; ,CS6114-11,1Base(W/o ITAD)+1Handset; ,CS6114-2 B,2Handsets+1Charger+1Base; ,CS6114-2,1Base(W/o ITAD)+2Handsets+1Charger; ,CS6114-21 B,2Handset+1Charger+1Base; ,CS6114-21,1Base(W/o ITAD) +2Handsets+1Charger",Analog,Cordless,1,Other,0.5,0,N/A,Other,None,0,0,0,0,,N/A,Yes,07/14/2011,02/18/2016,"United States, Canada",ES_1067513_CS6114-2_02182016100326_151636
2250207,"VTech Telecommunications, Ltd.",VTECH,CS6124-2,CS6124-2,",CS6120-2,2 Handsets + 1 Base + 1 charger; ,CS6124 B,1 Handset + 1 Base; ,CS6124,1 Handset + 1 Base; ,CS6124-11 B,1 Handset + 1 Base; ,CS6124-11,1 Handset + 1 Base; ,CS6124-2 B,2 Handsets + 1 Base + 1 charger; ,CS6124-2,2 Handsets + 1 Base + 1 charger; ,CS6124-21 B,2 Handsets + 1 Base + 1 charger; ,CS6124-21,2 Handsets + 1 Base + 1 charger; ,CS6124-31 B,1 Handset + 1 Base; ,CS6124-31,1 Handset + 1 Base; ,CS6124-XY B,1 Handset + 1 Base; ,CS612Z-XY,X Handsets + 1 Base + (X-1) chargers",Analog,Cordless,0,None,0.98,0,N/A,Other,None,0,0,0,0,,N/A,Yes,07/14/2011,10/15/2015,"United States, Canada",ES_1067513_CS6124-2_10132015140509_5259057
2231874,"VTech Telecommunications, Ltd.",VTECH,CS6199-4,CS6199-4,",CS6199-4,4 Handsets + 1 Base (With ITAD) + 3 Chargers; ,CS619Z-XY,X Handsets + 1 Base (With ITAD) + (X-1) Chargers",Analog,Cordless,3,None,0.92,0,N/A,Other,None,0,0,0,0,,N/A,Yes,12/24/2014,01/20/2015,"United States, Canada",ES_1067513_CS6199-4_01052015165007_4187433
2230157,"VTech Telecommunications, Ltd.",VTECH,CS6519,CS6519,",CS6519,1 Handset + 1 Base; ,CS6519-17,1 Handset + 1 Base; ,CS6519-19,1 Handset + 1 Base; ,CS6519-2,1 Handset + 1 Base; ,CS6519-3,1 Handset + 1 Base; ,CS6519-4,1 Handset + 1 Base; ,CS651Z-XY,X Handsets + 1 Base + (X-1) Charger(s); ,CS6619,1 Handset + 1 Base; ,CS6619-2,2 Handsets + 1 Base + 1 Charger; ,CS661Z-XY,X Handsets + 1 Base + (X-1) Charger(s)",Analog,Cordless,0,None,0.87,0,N/A,Other,None,0,0,0,0,,N/A,Yes,02/08/2012,01/12/2012,"United States, Canada",ES_1067513_CS6519_11122014162833_7048303
2230158,"VTech Telecommunications, Ltd.",VTECH,CS6609,CS6609,",CS6509,1 Handset + 1 Charger; ,CS6509-15,1 Handset + 1 Charger; ,CS6509-16,1 Handset + 1 Charger; ,CS650Z-XY,X Handset + X Charger; ,CS6609,1 Handset + 1 Charger; ,CS660Z-XY,X Handsets+ X Chargers; ,DS6601,1 Handset + 1 Charger",Analog,Additional Handset,0,None,0.28,0,N/A,Other,None,0,0,0,0,,N/A,Yes,01/19/2012,01/12/2012,"United States, Canada",ES_1067513_CS6609_11122014161442_1104242
2226241,"VTech Telecommunications, Ltd.",VTECH,CS6629-2,CS6629-2,",CS6529,1 handset + 1 base; ,CS6529-17,1 handset + 1 base; ,CS6529-19,1 handset + 1 base; ,CS6529-2,2 handset + 1 base + 1 charger; ,CS6529-3,3 handset + 1 base + 2 charger; ,CS6529-4,4 handset + 1 base + 3 charger; ,CS6529-5,5 handset + 1 base + 4 charger; ,CS652Z-XY,X handset + 1 base + (X-1) charger; ,CS6629,1 handset + 1 base; ,CS6629-2,2 handset + 1 base + 1 charger; ,CS6629-3,1 handset + 1 base; ,CS6629-4,1 handset + 1 base; ,CS662Z-XY,X handset + 1 base + (X-1) charger",Analog,Cordless,0,None,0.86,0,N/A,Other,None,0,0,0,0,,N/A,Yes,08/25/2014,11/28/2014,"United States, Canada",ES_1067513_CS6629-2_11262014165136_2443353
2229752,"VTech Telecommunications, Ltd.",VTECH,CS6649-2,CS6649-2,",CS6648-2,2 Handsets + 1 Base + 2 chargers; ,CS6649,1 Handset + 1 Base + 1 charger; ,CS6649-2,2 Handsets + 1 Base + 2 chargers; ,CS6649-3,1 Handset + 1 Base + 1 charger; ,CS664Z-XY,X Handsets + 1 Base + (X) chargers",Analog,Corded,0,None,0.8,0,N/A,Other,None,0,0,0,0,,N/A,Yes,12/03/2014,12/09/2014,"United States, Canada",ES_1067513_CS6649-2_12032014162737_2676050
2250208,"VTech Telecommunications, Ltd.",VTECH,CS6709,CS6709,",CS6709,1 Handset+1 Charger; ,CS6709-15,1 Handset+1 Charger; ,CS6709-16,1 Handset+1 Charger; ,CS670Z-XY,X Handsets+ X Chargers; ,DS6600,1 Handset+1 Charger; ,TR02-2013,1 Handset+1 Charger; ,TR05-2013,1 Handset+1 Charger; ,TR06-2013,1 Handset+1 Charger; ,TR07-2013,1 Handset+1 Charger; ,TR08-2013,1 Handset+1 Charger; ,TR0Y-2013,1 Handset+1 Charger",Analog,Additional Handset,0,None,0.28,0,N/A,Other,None,0,0,0,0,,N/A,Yes,01/03/2013,10/15/2015,"United States, Canada",ES_1067513_CS6709_10132015141723_525018
2260720,"VTech Telecommunications, Ltd.",VTECH,CS6709,CS6709,",CS6709,1 Handset + 1 Charger; ,CS6709-15,1 Handset + 1 Charger; ,CS6709-16,1 Handset + 1 Charger; ,CS670Z-XY,X Handsets + X Chargers",Analog,Additional Handset,1,None,0.1,0,N/A,Other,None,0,0,0,0,,N/A,Yes,02/12/2016,02/24/2016,"United States, Canada",ES_1067513_CS6709_02232016170602_6636773
2230123,"VTech Telecommunications, Ltd.",VTECH,CS6719-2,CS6719-2,",CS6719,1 Handset + 1 Base; ,CS6719-2,2 Handsets + 1 Base + 1 Charger; ,CS671Z-XY,X Handsets + 1 Base + (X-1) Chargers",Analog,Cordless,0,None,0.83,0,N/A,Other,None,0,0,0,0,,N/A,Yes,01/03/2013,03/01/2013,"United States, Canada",ES_1067513_CS6719-2_11262014163023_6023980
2230103,"VTech Telecommunications, Ltd.",VTECH,CS6729-2,CS6729-2,",CS6729,1 Handset + 1Base; ,CS6729-2,1 Handset + 1Base; ,CS6729-3,3 Handsets + 1 Base + 2 chargers; ,CS6729-4,4 Handsets + 1 Base + 3 chargers; ,CS672Z-XY,X Handsets + 1 Base + (X-1) chargers; ,CS6829,1 Handset + 1Base; ,CS6829-2,2 Handsets + 1 Base + 1 charger; ,CS6829-4, CS6829-3, CS6729-26, CS6729-5,4 Handsets + 1 Base + 3 chargers; ,CS682Z-XY,X Handsets + 1 Base + (X-1) chargers",Analog,Cordless,0,None,0.84,0,N/A,Other,None,0,0,0,0,,N/A,Yes,01/03/2013,03/21/2013,"United States, Canada",ES_1067513_CS6729-2_11242014141258_2160913
2260719,"VTech Telecommunications, Ltd.",VTECH,CS6729-2,CS6729-2,",CS6729,1 Handset + 1 Base; ,CS6729-2,1 Handset + 1 Base; ,CS6729-26,2 Handsets + 1 Base + 1 Charger; ,CS6729-3,3 Handsets + 1 Base + 2 Chargers; ,CS6729-4,4 Handsets + 1 Base + 3 Chargers; ,CS6729-5,5 Handsets + 1 Base + 4 Chargers; ,CS672Z-XY,X Handsets + 1 Base + (X-1) Chargers; ,CS6829,1 Handset + 1 Base; ,CS6829-2,2 Handsets + 1 Base + 1 Charger; ,CS6829-3,3 Handsets + 1 Base + 2 Chargers; ,CS6829-4,4 Handsets + 1 Base + 3 Chargers; ,CS682Z-XY,X Handsets + 1 Base + (X-1) Chargers",Analog,Cordless,1,None,0.7,0,N/A,Other,None,0,0,0,0,,N/A,Yes,02/12/2016,02/24/2016,"United States, Canada",ES_1067513_CS6729-2_02232016165930_2440454
2223609,"VTech Telecommunications, Ltd.",VTECH,CS6859-2,CS6859-2,"CS6758-3,,3 Handsets + 1 Base + 2 Chargers; CS6759,,1 Handset + 1 Base; CS675Z-XY,,X Handsets + 1 Base + (X-1) Chargers; CS6858-3,,3 Handsets + 1 Base + 2 Chargers; CS6859,,1 Handset + 1 Base; CS6859-2,,2 Handsets + 1 Base + 1 Charger; CS6859-3,,1 Handset + 1 Base; CS6859-4,,1 Handset + 1 Base; CS685Z-XY,,X Handsets + 1 Base + (X-1) Chargers",Analog,Cordless,0,None,0.85,0,N/A,Other,None,0,0,0,0,,N/A,Yes,01/02/2013,01/02/2013,"United States, Canada",ES_1067513_CS6859-2_10162014193641_6641046
2253225,"VTech Telecommunications, Ltd.",VTECH,CS6909,CS6909,",CS6909,1HS+1 charger; ,CS6909-15,1HS+1 charger; ,CS6909-16,1HS+1 charger; ,CS6909-17,1HS+1 charger; ,CS6909-19,1HS+1 charger; ,CS690Z-XY,1HS+1 charger",Analog,Additional Handset,0,None,0.2,0,N/A,Other,None,0,0,0,0,,N/A,Yes,10/19/2015,11/23/2015,"United States, Canada",ES_1067513_CS6909_11022015161548_5693475
2260256,"VTech Telecommunications, Ltd.",VTECH,CS6919-2,CS6919-2,",CS691*-#*,#handset(s) + 1 Base(W/o ITAD) + (#-1)Charger; ,CS6919,1 Handset + 1 Base(W/o ITAD); ,CS6919-15,1 Handset + 1 Base(W/o ITAD); ,CS6919-16,1 Handset + 1 Base(W/o ITAD); ,CS6919-17,1 Handset + 1 Base(W/o ITAD); ,CS6919-19,1 Handset + 1 Base(W/o ITAD); ,CS6919-2,2 Handsets + 1 Base(W/o ITAD) + 1 Charger; ,CS6919-25,2 Handsets + 1 Base(W/o ITAD) + 1 Charger; ,CS6919-26,2 Handsets + 1 Base(W/o ITAD) + 1 Charger; ,CS6919-27,2 Handsets + 1 Base(W/o ITAD) + 1 Charger; ,CS6919-29,2 Handsets + 1 Base(W/o ITAD) + 1 Charger; ,CS6919-3,3 Handsets + 1 Base(W/o ITAD) + 2 Chargers; ,CS6919-4,4 Handsets + 1 Base(W/o ITAD) + 3 Chargers",Analog,Cordless,1,None,0.6,0,N/A,Other,None,0,0,0,0,,N/A,Yes,02/05/2016,03/11/2016,"United States, Canada",ES_1067513_CS6919-2_02172016164158_3514062
2253550,"VTech Telecommunications, Ltd.",VTECH,CS6949-2,CS6949-2,",CS6949,1HS+1BS(W/ ITAD)+1charger; ,CS6949-2,1HS+1BS(W/ ITAD)+1charger; ,CS6949-3,3HS+1BS(W/ ITAD)+3chargers; ,CS694Z-XY,XHS+1BS(W/ ITAD)+Xchargers",Analog,Corded,2,None,0.9,0,N/A,Other,None,0,0,0,0,,N/A,Yes,10/19/2015,11/25/2015,"United States, Canada",ES_1067513_CS6949-2_11232015165848_9846307
2230091,"VTech Telecommunications, Ltd.",VTECH,CTM-A2421-BATT,CTM-A2421-BATT,",CTM-A2411-BATT,(1 line) Base + Handset; ,CTM-A2421-BATT,(2 line) Base + Handset",Analog,Cordless,0,None,1.1,0,N/A,Other,None,0,0,0,0,,N/A,Yes,05/12/2014,12/19/2014,"United States, Canada",ES_1067513_CTM-A2421-BATT_12122014161041_3919641
2230092,"VTech Telecommunications, Ltd.",VTECH,CTM-A242HS,CTM-A242HS,",C4011,Charger; ,C4100,1 line handset; ,C4200,2 line handset; ,CTM-A241HS,1 line handset + charger; ,CTM-A242HS,2 line handset + charger",Analog,Additional Handset,0,None,0.1,0,N/A,Other,None,0,0,0,0,,N/A,Yes,05/12/2014,12/19/2014,"United States, Canada",ES_1067513_CTM-A242HS_12122014161447_9168207
2230093,"VTech Telecommunications, Ltd.",VTECH,CTM-A242SD,CTM-A242SD,",C4011,Charger; ,CTM-A241SD,1 line handset + charger; ,CTM-A242SD,2 line handset + charger; ,CTM-A2510,1 line handset + charger + 1xcorded Base; ,CTM-C4101,1 line handset; ,CTM-C4201,2 line handset",Analog,Additional Handset,0,None,0.1,0,N/A,Other,None,0,0,0,0,,N/A,Yes,05/12/2014,12/19/2014,"United States, Canada",ES_1067513_CTM-A242SD_12122014161717_1596032
2303887,"VTech Telecommunications, Ltd.",VTECH,CTM-S2312,CTM-S2312,",CTM-S2312,1 Base(One Line) + 1 HS; ,CTM-S2322,1 Base(Two Line) + 1 HS",Voice over Internet Protocol (VoIP),Corded,0,None,1.8,0,N/A,Other,None,0,1,0,0,,Class 2,No,08/09/2017,09/22/2017,"United States, Canada",ES_1067513_CTM-S2312_09132017153458_5717584
2230715,"VTech Telecommunications, Ltd.",VTECH,CTM-S2421,CTM-S2421,",CTM-S2411,1 line Base + Handset (Powered by PoE); ,CTM-S2421,2 line Base + Handset (Powered by PoE)",Voice over Internet Protocol (VoIP),Cordless,0,None,1.4,0,N/A,Other,None,0,2,0,0,,Class 2,No,12/16/2014,01/06/2015,"United States, Canada",ES_1067513_CTM-S2421_12242014145423_8397485
2230716,"VTech Telecommunications, Ltd.",VTECH,CTM-S242SD,CTM-S242SD,",C4011,Charger; ,CTM-C4401,1 line handset; ,CTM-C4501,2 line handset; ,CTM-S241SD,1 line handset + charger; ,CTM-S242SD,2 line handset + charger",Voice over Internet Protocol (VoIP),Additional Handset,0,None,0.28,0,N/A,Other,None,0,0,0,0,,N/A,Yes,12/16/2014,01/06/2015,"United States, Canada",ES_1067513_CTM-S242SD_12242014150036_6906854
