ENERGY STAR Unique ID,ENERGY STAR Partner,Brand Name,Model Name,Model Number,Additional Model Information,Efficiency (Energy Factor) (L/kWh),Water Removal Capacity (pints/day),Fan Continuously Operates?,Date Available on Market,Date Qualified,Markets,CB Model Identifier,Meets ENERGY STAR Most Efficient 2019 Criteria
2282850,"GD MIDEA AIR-CONDITIONING EQUIPMENT CO., LTD.",Midea,Dehumidifier,MDCK-45AEN1-BB0,",MDUK-45AEN1-BB0,",2,45,Yes,10/25/2016,10/28/2016,United States,ES_1138537_MDCK-45AEN1-BB0_11012016104418_7058924,No
2282825,"GD MIDEA AIR-CONDITIONING EQUIPMENT CO., LTD.",Midea,Dehumidifier,MDCK-50AEN1-BB0(A),",MDUK-50AEN1-BB0(A),",2,50,Yes,10/25/2016,10/28/2016,United States,ES_1138537_MDCK-50AEN1-BB0(A)_11012016104503_7103719,No
2282826,"GD MIDEA AIR-CONDITIONING EQUIPMENT CO., LTD.",Midea,Dehumidifier,MDCK-50AEN1-BB0B,",MDCK-50AEN1-BB0; MDUK-50AEN1-BB0,; ,MDUK-50AEN1-BB0B,",2,50,Yes,10/25/2016,10/28/2016,United States,ES_1138537_MDCK-50AEN1-BB0B_11012016104536_7136687,No
2282828,"GD MIDEA AIR-CONDITIONING EQUIPMENT CO., LTD.",Midea,Dehumidifier,MDCK-60AEN1-BB0,",MDUK-60AEN1-BB0,",2,60,Yes,10/25/2016,10/28/2016,United States,ES_1138537_MDCK-60AEN1-BB0_11012016104613_7173529,No
2282830,"GD MIDEA AIR-CONDITIONING EQUIPMENT CO., LTD.",Midea,Dehumidifier,MDCK-70AEN1-BB0B,",MDCK-70AEN1-BB0; MDUK-70AEN1-BB0,; ,MDUK-70AEN1-BB0B,",2,70,Yes,10/25/2016,10/28/2016,United States,ES_1138537_MDCK-70AEN1-BB0B_11012016104650_7210520,No
2301628,"GD MIDEA AIR-CONDITIONING EQUIPMENT CO., LTD.",Midea,Dehumidifier,MDP30SR71-A,",MDP30SR71,",2,30,Yes,08/04/2017,08/04/2017,United States,ES_1138537_MDP30SR71-A_08072017104050_2450442,No
2301629,"GD MIDEA AIR-CONDITIONING EQUIPMENT CO., LTD.",Midea,Dehumidifier,MDP50SR71-A,",MDP50SR71,",2,50,Yes,08/04/2017,08/04/2017,United States,ES_1138537_MDP50SR71-A_08072017104101_2461589,No
2301630,"GD MIDEA AIR-CONDITIONING EQUIPMENT CO., LTD.",Midea,Dehumidifier,MDP70SR71-A,",MDP70SR71,",2,70,Yes,08/04/2017,08/04/2017,United States,ES_1138537_MDP70SR71-A_08072017104117_2477116,No
2331431,"GD MIDEA AIR-CONDITIONING EQUIPMENT CO., LTD.",Toshiba,Dehumidifiers,TDDP3011ES2,,2,30,Yes,12/12/2018,12/13/2018,United States,ES_1138537_TDDP3011ES2_12142018061420_8060878,No
2331432,"GD MIDEA AIR-CONDITIONING EQUIPMENT CO., LTD.",Toshiba,Dehumidifiers,TDDP3011ES2C,,2,30,Yes,12/12/2018,12/13/2018,Canada,ES_1138537_TDDP3011ES2C_12142018062548_8748651,No
2331433,"GD MIDEA AIR-CONDITIONING EQUIPMENT CO., LTD.",Toshiba,Dehumidifiers,TDDP4511ES2C,,2,45,Yes,12/12/2018,12/13/2018,Canada,ES_1138537_TDDP4511ES2C_12142018065342_0422699,No
2331434,"GD MIDEA AIR-CONDITIONING EQUIPMENT CO., LTD.",Toshiba,Dehumidifiers,TDDP5011ES2,,2,50,Yes,12/12/2018,12/13/2018,United States,ES_1138537_TDDP5011ES2_12142018070927_1367680,No
2306042,"GD MIDEA AIR-CONDITIONING EQUIPMENT CO., LTD.",Toshiba,Dehumidifier,TDDP7011ES2,,2,70,Yes,11/01/2017,11/06/2017,United States,ES_1138537_TDDP7011ES2_11062017085037_8237970,No
2331548,"GD MIDEA AIR-CONDITIONING EQUIPMENT CO., LTD.",Toshiba,Dehumidifiers,TDDP7011ES2C,,2,70,Yes,12/12/2018,12/13/2018,Canada,ES_1138537_TDDP7011ES2C_12142018081422_5262560,No
2331549,"GD MIDEA AIR-CONDITIONING EQUIPMENT CO., LTD.",Toshiba,Dehumidifiers,TDDP7011ES2P,,2,70,Yes,12/12/2018,12/13/2018,United States,ES_1138537_TDDP7011ES2P_12142018080910_4950962,No
2276222,"GE Appliances, a Haier Company",GE,ADEW50LW*#,ADEW50LW*#,",ADEL50LW*#,",2,50,Yes,08/15/2016,08/22/2016,United States,ES_1123206_ADEW50LW**_08042016164805_598108,No
2329871,"GE Appliances, a Haier Company",GE,ADEW50LY*#,ADEW50LY*#,",ADEL50LY*#,",2,50,Yes,10/15/2018,10/31/2018,United States,ES_1123206_ADEW50LY*#_10162018111936_9994775,No
2281448,"GE Appliances, a Haier Company",GE,ADEW70LW*#,ADEW70LW*#,",ADEL70LW*#,; ,APEH70LW*#,; ,APEL70LW*#,; ,APER70LW*#,",2,72,Yes,09/13/2016,09/19/2016,United States,ES_1123206_ADEW70LW**_09182016102410_5866968,No
2329600,"GE Appliances, a Haier Company",Haier,Dehumidfier,HEH45ET-L,,2,45,Yes,11/12/2018,11/14/2018,United States,ES_1123206_HEH45ET-L_11142018071332_9612319,No
2329601,"GE Appliances, a Haier Company",Haier,Dehumidfier,HEH50ET,,2,50,Yes,11/12/2018,11/14/2018,United States,ES_1123206_HEH50ET_11142018071247_9567655,No
2329602,"GE Appliances, a Haier Company",Haier,Dehumidfier,HEH50ET-L,,2,50,Yes,11/12/2018,11/14/2018,United States,ES_1123206_HEH50ET-L_11142018071140_9500057,No
2329603,"GE Appliances, a Haier Company",Haier,Dehumidfier,HEH50ET-T,,2,50,Yes,11/12/2018,11/14/2018,United States,ES_1123206_HEH50ET-T_11142018071208_9528782,No
2332403,"GE Appliances, a Haier Company",Haier,Dehumidifier,HEN70ETF1,,2,70,Yes,01/25/2019,01/30/2019,"United States, Canada",ES_1123206_HEN70ETF1_01302019052325_5805573,No
2286692,Gree Electric Appliances Inc. of Zhuhai,GREE,G17-30ESDEHC,G17-30ESDEHC,,2,30,No,12/25/2016,12/14/2016,"United States, Canada",ES_1105164_G17-30ESDEHC_12152016114524_70111512,No
2293047,Gree Electric Appliances Inc. of Zhuhai,GREE,G17-30ESDEHP,G17-30ESDEHP,,2,30,No,03/15/2017,01/23/2017,"United States, Canada",ES_1105164_G17-30ESDEHP_03242017114902_70117104,No
2293048,Gree Electric Appliances Inc. of Zhuhai,GREE,G17-50ESDEHP,G17-50ESDEHP,,2,50,No,03/15/2017,01/23/2017,"United States, Canada",ES_1105164_G17-50ESDEHP_03242017114902_70117104,No
2286693,Gree Electric Appliances Inc. of Zhuhai,GREE,G17-70ESDEHC,G17-70ESDEHC,,2,70,No,12/25/2016,12/14/2016,"United States, Canada",ES_1105164_G17-70ESDEHC_12152016114524_70111512,No
2293049,Gree Electric Appliances Inc. of Zhuhai,GREE,G17-70ESDEHP,G17-70ESDEHP,,2,70,No,03/15/2017,01/23/2017,"United States, Canada",ES_1105164_G17-70ESDEHP_03242017114902_70117104,No
2282154,Gree Electric Appliances Inc. of Zhuhai,GREE,GDN30AQ-A3EBA1E,GDN30AQ-A3EBA1E,,2,30,No,10/29/2016,10/11/2016,"United States, Canada",ES_1105164_GDN30AQ-A3EBA1E_10112016041610_70095174,No
2284149,Gree Electric Appliances Inc. of Zhuhai,GREE,GDN30AQ-A3EBA1F,GDN30AQ-A3EBA1F,,2,30,No,11/15/2016,10/25/2016,"United States, Canada",ES_1105164_GDN30AQ-A3EBA1F_11152016045156_70103849,No
2299715,Gree Electric Appliances Inc. of Zhuhai,GREE,GDN30AQ-A3EBA1H,GDN30AQ-A3EBA1H,,2,30,No,06/12/2017,10/28/2016,"United States, Canada",ES_1105164_GDN30AQ-A3EBA1H_07122017074022_70131323,No
2301371,Gree Electric Appliances Inc. of Zhuhai,GREE,GDN30AQ-A3EBA1I,GDN30AQ-A3EBA1I,,2,30,No,08/03/2017,07/27/2017,"United States, Canada",ES_1105164_GDN30AQ-A3EBA1I_08022017033556_70149946,No
2286695,Gree Electric Appliances Inc. of Zhuhai,GREE,GDN30AZ-A3EBA1B,GDN30AZ-A3EBA1B,,2,30,No,12/25/2016,12/14/2016,"United States, Canada",ES_1105164_GDN30AZ-A3EBA1B_12152016114524_70111512,No
2286688,Gree Electric Appliances Inc. of Zhuhai,GREE,GDN30AZ-A3EBA2B,GDN30AZ-A3EBA2B,,2,30,No,12/25/2016,12/14/2016,"United States, Canada",ES_1105164_GDN30AZ-A3EBA2B_12152016114524_70111512,No
2299722,Gree Electric Appliances Inc. of Zhuhai,GREE,GDN30AZ-A3EBA2C,GDN30AZ-A3EBA2C,,2,30,No,06/12/2017,10/25/2016,"United States, Canada",ES_1105164_GDN30AZ-A3EBA2C_07122017074022_70131323,No
2282155,Gree Electric Appliances Inc. of Zhuhai,GREE,GDN50AP-A3EBA1E,GDN50AP-A3EBA1E,,2,50,No,10/29/2016,10/11/2016,"United States, Canada",ES_1105164_GDN50AP-A3EBA1E_10112016041610_70095174,No
2284150,Gree Electric Appliances Inc. of Zhuhai,GREE,GDN50AP-A3EBA1F,GDN50AP-A3EBA1F,,2,50,No,11/15/2016,10/25/2016,"United States, Canada",ES_1105164_GDN50AP-A3EBA1F_11152016045156_70103849,No
2299716,Gree Electric Appliances Inc. of Zhuhai,GREE,GDN50AP-A3EBA1H,GDN50AP-A3EBA1H,,2,50,No,06/12/2017,10/28/2016,"United States, Canada",ES_1105164_GDN50AP-A3EBA1H_07122017074022_70131323,No
2301372,Gree Electric Appliances Inc. of Zhuhai,GREE,GDN50AP-A3EBA1I,GDN50AP-A3EBA1I,,2,50,No,08/03/2017,07/27/2017,"United States, Canada",ES_1105164_GDN50AP-A3EBA1I_08022017033556_70149946,No
2286694,Gree Electric Appliances Inc. of Zhuhai,GREE,GDN50AS-A3EBA1C,GDN50AS-A3EBA1C,,2,50,No,12/25/2016,12/14/2016,"United States, Canada",ES_1105164_GDN50AS-A3EBA1C_12152016114524_70111512,No
2299724,Gree Electric Appliances Inc. of Zhuhai,GREE,GDN50AS-A3EBA1D,GDN50AS-A3EBA1D,,2,50,No,06/12/2017,12/14/2016,"United States, Canada",ES_1105164_GDN50AS-A3EBA1D_07122017074022_70131323,No
2282156,Gree Electric Appliances Inc. of Zhuhai,GREE,GDN50BA-A3EBA1A,GDN50BA-A3EBA1A,,2,50,No,10/29/2016,10/11/2016,"United States, Canada",ES_1105164_GDN50BA-A3EBA1A_10112016041610_70095174,No
2301368,Gree Electric Appliances Inc. of Zhuhai,GREE,GDN50BA-A3EBA1B,GDN50BA-A3EBA1B,,2,50,No,08/03/2017,07/27/2017,"United States, Canada",ES_1105164_GDN50BA-A3EBA1B_08022017033556_70149946,No
2286689,Gree Electric Appliances Inc. of Zhuhai,GREE,GDN50BA-A3EBA2A,GDN50BA-A3EBA2A,,2,50,No,12/25/2016,12/14/2016,"United States, Canada",ES_1105164_GDN50BA-A3EBA2A_12152016114524_70111512,No
2299719,Gree Electric Appliances Inc. of Zhuhai,GREE,GDN50BA-A3EBA2B,GDN50BA-A3EBA2B,,2,50,No,06/12/2017,10/28/2016,"United States, Canada",ES_1105164_GDN50BA-A3EBA2B_07122017074022_70131323,No
2307949,Gree Electric Appliances Inc. of Zhuhai,GREE,GDN50BA-A3EBA2C,GDN50BA-A3EBA2C,,2,50,No,12/18/2017,12/14/2017,"United States, Canada",ES_1105164_GDN50BA-A3EBA2C_12142017120728_70167123,No
2282142,Gree Electric Appliances Inc. of Zhuhai,GREE,GDN60AN-A3EBD1I,GDN60AN-A3EBD1I,,2,60,No,10/29/2016,10/11/2016,"United States, Canada",ES_1105164_GDN60AN-A3EBD1I_10112016041610_70095174,No
2299723,Gree Electric Appliances Inc. of Zhuhai,GREE,GDN60AN-A3EBD1J,GDN60AN-A3EBD1J,,2,60,No,06/12/2017,10/11/2016,"United States, Canada",ES_1105164_GDN60AN-A3EBD1J_07122017074022_70131323,No
2284151,Gree Electric Appliances Inc. of Zhuhai,GREE,GDN70AP-A3EBA1E,GDN70AP-A3EBA1E,,2,70,No,11/15/2016,10/25/2016,"United States, Canada",ES_1105164_GDN70AP-A3EBA1E_11152016045156_70103849,No
2284152,Gree Electric Appliances Inc. of Zhuhai,GREE,GDN70AP-A3EBA1F,GDN70AP-A3EBA1F,,2,70,No,11/15/2016,10/25/2016,"United States, Canada",ES_1105164_GDN70AP-A3EBA1F_11152016045156_70103849,No
2299713,Gree Electric Appliances Inc. of Zhuhai,GREE,GDN70AP-A3EBA1G,GDN70AP-A3EBA1G,,2,70,No,06/12/2017,03/23/2017,"United States, Canada",ES_1105164_GDN70AP-A3EBA1G_07122017074022_70131323,No
2299717,Gree Electric Appliances Inc. of Zhuhai,GREE,GDN70AP-A3EBA1H,GDN70AP-A3EBA1H,,2,70,No,06/12/2017,10/28/2016,"United States, Canada",ES_1105164_GDN70AP-A3EBA1H_07122017074022_70131323,No
2301373,Gree Electric Appliances Inc. of Zhuhai,GREE,GDN70AP-A3EBA1I,GDN70AP-A3EBA1I,,2,70,No,08/03/2017,07/27/2017,"United States, Canada",ES_1105164_GDN70AP-A3EBA1I_08022017033556_70149946,No
2301374,Gree Electric Appliances Inc. of Zhuhai,GREE,GDN70AP-A3EBA1J,GDN70AP-A3EBA1J,,2,70,No,08/03/2017,07/27/2017,"United States, Canada",ES_1105164_GDN70AP-A3EBA1J_08022017033556_70149946,No
2293050,Gree Electric Appliances Inc. of Zhuhai,GREE,GDN70AS-A3EBA1C,GDN70AS-A3EBA1C,,2,70,No,03/15/2017,01/23/2017,"United States, Canada",ES_1105164_GDN70AS-A3EBA1C_03242017114902_70117104,No
2293051,Gree Electric Appliances Inc. of Zhuhai,GREE,GDN70AS-A3EBA1D,GDN70AS-A3EBA1D,,2,70,No,03/15/2017,01/23/2017,"United States, Canada",ES_1105164_GDN70AS-A3EBA1D_03242017114902_70117104,No
2299725,Gree Electric Appliances Inc. of Zhuhai,GREE,GDN70AS-A3EBA1E,GDN70AS-A3EBA1E,,2,70,No,06/12/2017,10/28/2016,"United States, Canada",ES_1105164_GDN70AS-A3EBA1E_07122017074022_70131323,No
2299718,Gree Electric Appliances Inc. of Zhuhai,GREE,GDN70AS-A3EBA1F,GDN70AS-A3EBA1F,,2,70,No,06/12/2017,10/28/2016,"United States, Canada",ES_1105164_GDN70AS-A3EBA1F_07122017074022_70131323,No
2282157,Gree Electric Appliances Inc. of Zhuhai,GREE,GDN70BA-A3EBA1A,GDN70BA-A3EBA1A,,2,70,No,10/29/2016,10/11/2016,"United States, Canada",ES_1105164_GDN70BA-A3EBA1A_10112016041610_70095174,No
2286687,Gree Electric Appliances Inc. of Zhuhai,GREE,GDN70BA-A3EBA1B,GDN70BA-A3EBA1B,,2,70,No,12/25/2016,12/14/2016,"United States, Canada",ES_1105164_GDN70BA-A3EBA1B_12152016114524_70111512,No
2301369,Gree Electric Appliances Inc. of Zhuhai,GREE,GDN70BA-A3EBA1C,GDN70BA-A3EBA1C,,2,72,No,08/03/2017,07/27/2017,"United States, Canada",ES_1105164_GDN70BA-A3EBA1C_08022017033556_70149946,No
2301370,Gree Electric Appliances Inc. of Zhuhai,GREE,GDN70BA-A3EBA1D,GDN70BA-A3EBA1D,,2,72,No,08/03/2017,07/27/2017,"United States, Canada",ES_1105164_GDN70BA-A3EBA1D_08022017033556_70149946,No
2286690,Gree Electric Appliances Inc. of Zhuhai,GREE,GDN70BA-A3EBA2A,GDN70BA-A3EBA2A,,2,70,No,12/25/2016,12/14/2016,"United States, Canada",ES_1105164_GDN70BA-A3EBA2A_12152016114524_70111512,No
2286691,Gree Electric Appliances Inc. of Zhuhai,GREE,GDN70BA-A3EBA2B,GDN70BA-A3EBA2B,,2,70,No,12/25/2016,12/14/2016,"United States, Canada",ES_1105164_GDN70BA-A3EBA2B_12152016114524_70111512,No
2299720,Gree Electric Appliances Inc. of Zhuhai,GREE,GDN70BA-A3EBA2C,GDN70BA-A3EBA2C,,2,72,No,06/12/2017,10/28/2016,"United States, Canada",ES_1105164_GDN70BA-A3EBA2C_07122017074022_70131323,No
2299721,Gree Electric Appliances Inc. of Zhuhai,GREE,GDN70BA-A3EBA2D,GDN70BA-A3EBA2D,,2,72,No,06/12/2017,10/28/2016,"United States, Canada",ES_1105164_GDN70BA-A3EBA2D_07122017074022_70131323,No
2307950,Gree Electric Appliances Inc. of Zhuhai,GREE,GDN70BA-A3EBA2E,GDN70BA-A3EBA2E,,2,70,No,12/18/2017,12/14/2017,"United States, Canada",ES_1105164_GDN70BA-A3EBA2E_12142017120728_70167123,No
2313442,Gree Electric Appliances Inc. of Zhuhai,GREE,GRD-E30CH-ESR4,GRD-E30CH-ESR4,,2,30,No,03/21/2018,10/25/2016,"United States, Canada",ES_1136389_GRD-E30CH-ESR4_03162018034430_70176907,No
2316225,Gree Electric Appliances Inc. of Zhuhai,TOSOT,GDN30AZ-A3EBA2C,GDN30AZ-A3EBA2C,,2,30,No,12/18/2017,03/27/2018,"United States, Canada",ES_1105164_GDN30AZ-A3EBA2C_03272018125344_70178663,No
2316224,Gree Electric Appliances Inc. of Zhuhai,TOSOT,GDN50BA-A3EBA2B,GDN50BA-A3EBA2B,,2,50,No,12/18/2017,03/27/2018,"United States, Canada",ES_1105164_GDN50BA-A3EBA2B_03272018125344_70178663,No
2316223,Gree Electric Appliances Inc. of Zhuhai,TOSOT,GDN70BA-A3EBA2C,GDN70BA-A3EBA2C,,2,70,No,12/18/2017,03/27/2018,"United States, Canada",ES_1105164_GDN70BA-A3EBA2C_03272018125344_70178663,No
2291151,Aerus LLC,Aerus,HEPA50,HEPA50,,2,50,Yes,01/01/2017,02/20/2017,"United States, Canada",ES_1023903_HEPA50_01102017163858_732232,No
2291144,Aerus LLC,Aerus,HEPA70-ES,HEPA70-ES,,2,70,Yes,02/01/2017,02/20/2017,"United States, Canada",ES_1023903_HEPA70-ES_02172017102830_8694574,No
2295329,Aerus LLC,Pure & Dry,TC DE PD50,TC DE PD50,,2,50,Yes,04/26/2017,03/02/2017,United States,ES_1023903_TC DE PD50_04262017110222_910455,No
2295331,Aerus LLC,Pure & Dry,TC DE PD7P,TC DE PD7P,",TC DE PD70,",2,70,Yes,04/21/2017,03/10/2017,United States,ES_1023903_TC DE PD7P_04262017142142_5623590,No
2307902,"Best Buy Purchasing, LLC",Insignia,Dehumidifier,NS-DH50WH9,",NS-DH50WH9-C,",2,50,Yes,12/01/2017,12/06/2017,United States,ES_1059185_NS-DH50WH9_12152017115710_9030973,No
2307901,"Best Buy Purchasing, LLC",Insignia,Dehumidifier,NS-DH70WH9,,2,70,Yes,12/01/2017,12/06/2017,United States,ES_1059185_NS-DH70WH9_12152017115614_8974623,No
2329599,"Best Buy Purchasing, LLC",Insignia,Dehumidifiers,NS-DH70WH9-C,,2,70,Yes,11/12/2018,11/14/2018,Canada,ES_1059185_NS-DH70WH9-C_11142018034314_6994174,No
2308355,Bluestem Brands Inc.,Mastercraft,Dehumidifier,MCDH30PM,,2,30,Yes,12/15/2017,12/25/2017,United States,ES_1139258_MCDH30PM_12262017065400_1240105,No
2331020,Bluestem Brands Inc.,Mastercraft,Dehumidifiers,MCDH30PM1,,2,30,Yes,11/21/2018,11/21/2018,"United States, Canada",ES_1139258_MCDH30PM1_12062018075252_2772359,No
2308356,Bluestem Brands Inc.,Mastercraft,Dehumidifier,MCDH50PM,,2,50,Yes,12/15/2017,12/25/2017,United States,ES_1139258_MCDH50PM_12262017065452_1292477,No
2308354,Bluestem Brands Inc.,Mastercraft,Dehumidifier,MCDH70PM,,2,70,Yes,12/15/2017,12/25/2017,United States,ES_1139258_MCDH70PM_12262017065538_1338794,No
2331021,Bluestem Brands Inc.,Mastercraft,Dehumidifiers,MCDH70PM1,,2,70,Yes,11/21/2018,11/21/2018,"United States, Canada",ES_1139258_MCDH70PM1_12062018075304_2784072,No
2289287,C&A Marketing,Ivation,Dehumidifier,IVADH30PW,,2,30,Yes,06/06/2016,01/24/2017,United States,ES_1136389_IVADH30PW_06072016094114_2474124,No
2289288,C&A Marketing,Ivation,Dehumidifier,IVADH70PW,",IVADH70PWP2,",2,70,Yes,06/06/2016,01/24/2017,United States,ES_1136389_IVADH70PW_06072016095043_3043853,No
2331673,C&A Marketing,Ivation,Dehumidifiers,IVAESDH30P,,2,30,Yes,12/13/2018,12/19/2018,"United States, Canada",ES_1136389_IVAESDH30P_12192018082129_7689302,No
2331674,C&A Marketing,Ivation,Dehumidifiers,IVAESDH50P,,2,50,Yes,12/13/2018,12/19/2018,"United States, Canada",ES_1136389_IVAESDH50P_12192018082156_7716322,No
2294864,C&A Marketing,Ivation,Dehumidifiers,IVALDH30PW,,2,30,Yes,04/24/2017,04/24/2017,"United States, Canada",ES_1136389_IVALDH30PW_04252017171915_0755761,No
2301067,C&A Marketing,Ivation,Dehumidifiers,IVALDH50PW,,2,50,Yes,08/01/2017,08/01/2017,United States,ES_1136389_IVALDH50PW_08012017083736_6656916,No
2285570,C&A Marketing,Ivation,Dehumidifier,IVALDH70PW,",IVALDH70PB,",2,70,Yes,03/20/2016,12/06/2016,United States,ES_1136389_IVALDH70PW_03222016172516_7516729,No
2292139,C&A Marketing,Ivation,Dehumidifier,IVALDH70PWWP,,2,70,Yes,03/07/2017,03/06/2017,United States,ES_1136389_IVALDH70PWWP_03092017090919_0559665,No
2301062,C&A Marketing,Ivation,Dehumidifiers,IVALDH95PWWP,,2.8,95,Yes,08/01/2017,08/01/2017,United States,ES_1136389_IVALDH95PWWP_08012017083700_6620072,No
2313440,C&A Marketing,Ivation,IVALDHG70P,IVALDHG70P,,2,70,No,03/21/2018,10/28/2016,"United States, Canada",ES_1136389_IVALDHG70P_03162018034430_70176907,No
2313441,C&A Marketing,Ivation,IVALDHG70PWP,IVALDHG70PWP,,2,70,No,03/21/2018,10/28/2016,"United States, Canada",ES_1136389_IVALDHG70PWP_03162018034430_70176907,No
2329384,Canadian Tire,For living,Dehumidifier,043-7334-2,,2,45,Yes,11/06/2018,11/08/2018,Canada,ES_1025242_043-7334-2_11082018090539_7939667,No
2328512,Canadian Tire,Noma,Dehumidifier,043-0937-0,,2,35,Yes,10/22/2018,10/29/2018,"United States, Canada",ES_1025242_043-0937-0_10292018020822_8902862,No
2289092,Canadian Tire,Noma,Dehumidifier,043-5792-2,,2,28,Yes,10/20/2016,10/31/2016,Canada,ES_1025242_043-5792-2_11012016103204_6324366,No
2282852,Canadian Tire,Noma,Dehumidifier,043-5793-0,,2,35,Yes,10/20/2016,10/31/2016,Canada,ES_1025242_043-5793-0_11012016103325_6405906,No
2328513,Canadian Tire,Noma,Dehumidifier,043-5794-8,,2,50,Yes,10/22/2018,10/29/2018,"United States, Canada",ES_1025242_043-5794-8_10292018020846_8926491,No
2328515,Canadian Tire,Noma,Dehumidifier,043-5795-6,,2,70,Yes,10/22/2018,10/29/2018,"United States, Canada",ES_1025242_043-5795-6_10292018020921_8961810,No
2328516,Canadian Tire,Noma,Dehumidifier,043-5796-4,,2,70,Yes,10/22/2018,10/29/2018,"United States, Canada",ES_1025242_043-5796-4_10292018020941_8981633,No
2328514,Canadian Tire,Noma,Dehumidifier,043-5798-0,,2,60,Yes,10/22/2018,10/29/2018,"United States, Canada",ES_1025242_043-5798-0_10292018020902_8942495,No
2319306,"Chigo Electrical Appliances (USA), Inc.",Soleus Air,Dehumidifier,DSX-45EM-**,,2,45,Yes,05/01/2018,05/03/2018,"United States, Canada",ES_1139361_DSX-45EM-**_05042018060824_4104325,No
2319305,"Chigo Electrical Appliances (USA), Inc.",Soleus Air,Dehumidifier,DSX-70E-**,",DSX-70EIPM-**,; ,DSX-70EIPMW-**,; ,DSX-70EM-**,; ,DSX-70EMW-**,",2,70,Yes,05/01/2018,05/03/2018,"United States, Canada",ES_1139361_DSX-70E-**_05042018061132_4292069,No
2327230,"Chigo Electrical Appliances (USA), Inc.",TACHIAIR,Dehumidifier,CBD-70H1A-H13A,,2,70,Yes,10/01/2018,10/09/2018,"United States, Canada",ES_1139361_CBD-70H1A-H13A_10112018023658_5418460,No
2327231,"Chigo Electrical Appliances (USA), Inc.",TACHIAIR,Dehumidifier,CBD-70P1A-H13A,,2,70,Yes,10/01/2018,10/09/2018,"United States, Canada",ES_1139361_CBD-70P1A-H13A_10112018023735_5455432,No
2308663,Curtis International Ltd.,RCA,Dehumidifier,RDH505-B,,2,50,Yes,01/04/2018,01/04/2018,United States,ES_1120898_RDH505-B_01042018125439_0479682,No
2283387,Danby Products Inc.,Danby,Dehumidifier,DDR030BD*,",DDR030BB*; DDR030BBC*; DDR030BDC*,; ,DDR030BH*,",2,30,Yes,10/25/2016,11/03/2016,"United States, Canada",ES_31682_DDR030BD*_11042016065858_2738265,No
2307939,Danby Products Inc.,Danby,Dehumidifier,DDR030BEC*,,2,30,Yes,12/18/2017,12/18/2017,"United States, Canada",ES_31682_DDR030BEC*_12182017080709_4429632,No
2289094,Danby Products Inc.,Danby,Dehumidifier,DDR030EACWDB,",DDR030EAWDB,",2,30,Yes,01/20/2017,01/21/2017,Canada,ES_31682_DDR030EACWDB_01222017050523_1523149,No
2283386,Danby Products Inc.,Danby,Dehumidifier,DDR045BD*,",DDR045BB*; DDR045BBC*; DDR045BDC*,",2,45,Yes,10/25/2016,11/03/2016,"United States, Canada",ES_31682_DDR045BD*_11042016070222_2942199,No
2283385,Danby Products Inc.,Danby,Dehumidifier,DDR050BD*,",DDR050BB*; DDR050BDC*,",2,50,Yes,10/25/2016,11/03/2016,Canada,ES_31682_DDR050BD*_11042016070321_3001359,No
2284798,Danby Products Inc.,Danby,Dehumidifier,DDR050BEC*,,2,50,Yes,11/10/2016,11/23/2016,Canada,ES_31682_DDR050BEC*_11232016090910_2150241,No
2307938,Danby Products Inc.,Danby,Dehumidifier,DDR050BG*,",DDR050BH*,",2,50,Yes,12/18/2017,12/18/2017,"United States, Canada",ES_31682_DDR050BG*_12182017080816_4496878,No
2289095,Danby Products Inc.,Danby,Dehumidifier,DDR050EACWDB,",DDR040EACWDB,; ,DDR050EAWDB,",2,50,Yes,01/20/2017,01/21/2017,Canada,ES_31682_DDR050EACWDB_01222017050532_1532559,No
2283378,Danby Products Inc.,Danby,Dehumidifier,DDR060BD*,",DDR060BB*; DDR060BDC*,; ,DDR060BEC*,",2,60,Yes,10/25/2016,11/03/2016,"United States, Canada",ES_31682_DDR060BD*_11042016070429_3069804,No
2320399,Danby Products Inc.,Danby,Dehumidifier,DDR060BFCWDB,,2,60,Yes,05/01/2018,05/24/2018,Canada,ES_31682_DDR060BFCWDB_05242018073758_7478913,No
2283375,Danby Products Inc.,Danby,Dehumidifier,DDR070BDP*,",DDR070BB*; DDR070BBP*; DDR070BBC*,; ,DDR070BD*; DDR070BDC*,",2,70,Yes,10/25/2016,11/03/2016,"United States, Canada",ES_31682_DDR070BDP*_11042016070528_3128158,No
2284800,Danby Products Inc.,Danby,Dehumidifier,DDR070BEC*,,2,70,Yes,11/10/2016,11/23/2016,Canada,ES_31682_DDR070BEC*_11232016091303_2383991,No
2289096,Danby Products Inc.,Danby,Dehumidifier,DDR070EACWDB,",DDR060EACWDB,; ,DDR070EAPWDB,; ,DDR070EAWDB,",2,70,Yes,01/20/2017,01/21/2017,Canada,ES_31682_DDR070EACWDB_01222017050542_1542630,No
2307940,Danby Products Inc.,Danby,Dehumidifier,DDR095BDP*,,2.8,95,Yes,12/18/2017,12/18/2017,"United States, Canada",ES_31682_DDR095BDP*_12182017081016_4616046,No
2329449,Danby Products Inc.,Danby,Dehumidifiers,DDR30B1*,,2,30,Yes,11/06/2018,11/12/2018,"United States, Canada",ES_31682_DDR30B1*_11122018040523_5523564,No
2329447,Danby Products Inc.,Danby,Dehumidifiers,DDR30B3*,,2,30,Yes,11/06/2018,11/12/2018,"United States, Canada",ES_31682_DDR30B3*_11122018040444_5484687,No
2329448,Danby Products Inc.,Danby,Dehumidifiers,DDR45B3*,,2,45,Yes,11/06/2018,11/12/2018,"United States, Canada",ES_31682_DDR45B3*_11122018040507_5507394,No
2329450,Danby Products Inc.,Danby,Dehumidifiers,DDR50B1*,,2,50,Yes,11/06/2018,11/12/2018,"United States, Canada",ES_31682_DDR50B1*_11122018040538_5538224,No
2329451,Danby Products Inc.,Danby,Dehumidifiers,DDR70B1*,,2,70,Yes,11/06/2018,11/12/2018,"United States, Canada",ES_31682_DDR70B1*_11122018040554_5554516,No
2329401,"De'Longhi America, Inc.",De'Longhi,Dehumidifier,DDX145E,,2,45,Yes,11/07/2018,11/07/2018,"United States, Canada",ES_1021065_DDX145E_11092018054204_2124755,No
2329402,"De'Longhi America, Inc.",De'Longhi,Dehumidifier,DDX145PE,,2,45,Yes,11/07/2018,11/07/2018,"United States, Canada",ES_1021065_DDX145PE_11092018054220_2140336,No
2329403,"De'Longhi America, Inc.",De'Longhi,Dehumidifier,DDX150PE,,2,50,Yes,11/07/2018,11/07/2018,"United States, Canada",ES_1021065_DDX150PE_11092018054232_2152631,No
2329404,"De'Longhi America, Inc.",De'Longhi,Dehumidifier,DDX170PE,,2,70,Yes,11/07/2018,11/07/2018,"United States, Canada",ES_1021065_DDX170PE_11092018063227_5147951,No
2291346,"De'Longhi America, Inc.",De'Longhi,Dehumidifier,DDX45PE,",DDX45E,",2,45,Yes,02/23/2017,02/23/2017,"United States, Canada",ES_1021065_DDX45PE_02242017041417_9657990,No
2291347,"De'Longhi America, Inc.",De'Longhi,Dehumidifier,DDX50PE,,2,50,Yes,02/23/2017,02/23/2017,"United States, Canada",ES_1021065_DDX50PE_02242017041610_9770633,No
2291348,"De'Longhi America, Inc.",De'Longhi,Dehumidifier,DDX70PE,,2,70,Yes,02/23/2017,02/23/2017,"United States, Canada",ES_1021065_DDX70PE_02242017041641_9801127,No
2281036,Electrolux Home Products,Frigidaire,Dehumidifier,CAD301NWDA,",CAD304NWLA, CAD301NWD, CAD304NWL,",2,30,No,10/01/2016,10/10/2016,"United States, Canada",ES_1021080_CAD301NWDA_10112016072420_0660231,No
2281034,Electrolux Home Products,Frigidaire,Dehumidifier,CAD504DWDA,",CAD504DWLA, CAD504DWD, CAD504DWL,",2,50,No,10/01/2016,10/10/2016,"United States, Canada",ES_1021080_CAD504DWDA_10112016072435_0675872,No
2281032,Electrolux Home Products,Frigidaire,Dehumidifier,CAD704DWDA,",CAD704DWLA, CAD704DWD, CAD704DWL,",2,70,No,10/01/2016,10/10/2016,"United States, Canada",ES_1021080_CAD704DWDA_10112016072450_0690577,No
2281037,Electrolux Home Products,Frigidaire,Dehumidifier,FAD301NWDA,",FAD301NWD,; ,FAD301NWDE,",2,30,No,10/01/2016,10/10/2016,United States,ES_1021080_FAD301NWDA_10112016072350_0630454,No
2281035,Electrolux Home Products,Frigidaire,Dehumidifier,FAD504DWDA,",FAD504DWD,; ,FAD504DWDE,",2,50,No,10/01/2016,10/10/2016,United States,ES_1021080_FAD504DWDA_10112016072509_0709514,No
2281033,Electrolux Home Products,Frigidaire,Dehumidifier,FAD704DWDA,",FAD704DWD,; ,FAD704DWDE,",2,70,No,10/01/2016,10/10/2016,United States,ES_1021080_FAD704DWDA_10112016072522_0722521,No
2286253,Electrolux Home Products,Frigidaire,Dehumidifiers,FFAD3000T1,,2,30,Yes,12/15/2016,12/15/2016,"United States, Canada",ES_1021080_FFAD3000T1_12152016074620_7980045,No
2284156,Electrolux Home Products,Frigidaire,FFAD3033R1,FFAD3033R1,,2,30,No,11/15/2016,10/28/2016,"United States, Canada",ES_1021080_FFAD3033R1_11152016045156_70103849,No
2284153,Electrolux Home Products,Frigidaire,FFAD3033R1A,FFAD3033R1A,,2,30,No,11/15/2016,10/28/2016,"United States, Canada",ES_1021080_FFAD3033R1A_11152016045156_70103849,No
2307941,Electrolux Home Products,Frigidaire,FFAD3033R1AE,FFAD3033R1AE,,2,30,No,12/18/2017,12/14/2017,"United States, Canada",ES_1021080_FFAD3033R1AE_12142017120728_70167123,No
2307945,Electrolux Home Products,Frigidaire,FFAD3033R1E,FFAD3033R1E,,2,30,No,12/18/2017,12/14/2017,"United States, Canada",ES_1021080_FFAD3033R1E_12142017120728_70167123,No
2284159,Electrolux Home Products,Frigidaire,FFAD30W3S1A,FFAD30W3S1A,,2,30,No,11/15/2016,10/28/2016,"United States, Canada",ES_1021080_FFAD30W3S1A_11152016045156_70103849,No
2286252,Electrolux Home Products,Frigidaire,Dehumidifiers,FFAD5000T1,,2,50,Yes,12/15/2016,12/15/2016,"United States, Canada",ES_1021080_FFAD5000T1_12152016074631_7991760,No
2284157,Electrolux Home Products,Frigidaire,FFAD5033R1,FFAD5033R1,,2,50,No,11/15/2016,10/28/2016,"United States, Canada",ES_1021080_FFAD5033R1_11152016045156_70103849,No
2284154,Electrolux Home Products,Frigidaire,FFAD5033R1A,FFAD5033R1A,,2,50,No,11/15/2016,10/28/2016,"United States, Canada",ES_1021080_FFAD5033R1A_11152016045156_70103849,No
2307942,Electrolux Home Products,Frigidaire,FFAD5033R1AE,FFAD5033R1AE,,2,50,No,12/18/2017,12/14/2017,"United States, Canada",ES_1021080_FFAD5033R1AE_12142017120728_70167123,No
2307946,Electrolux Home Products,Frigidaire,FFAD5033R1E,FFAD5033R1E,,2,50,No,12/18/2017,12/14/2017,"United States, Canada",ES_1021080_FFAD5033R1E_12142017120728_70167123,No
2284160,Electrolux Home Products,Frigidaire,FFAD50W3S1A,FFAD50W3S1A,,2,50,No,11/15/2016,10/28/2016,"United States, Canada",ES_1021080_FFAD50W3S1A_11152016045156_70103849,No
2286251,Electrolux Home Products,Frigidaire,Dehumidifiers,FFAD7000T1,,2,70,Yes,12/15/2016,12/15/2016,"United States, Canada",ES_1021080_FFAD7000T1_12152016074650_8010528,No
2284158,Electrolux Home Products,Frigidaire,FFAD7033R1,FFAD7033R1,,2,70,No,11/15/2016,10/28/2016,"United States, Canada",ES_1021080_FFAD7033R1_11152016045156_70103849,No
2284155,Electrolux Home Products,Frigidaire,FFAD7033R1A,FFAD7033R1A,,2,70,No,11/15/2016,10/28/2016,"United States, Canada",ES_1021080_FFAD7033R1A_11152016045156_70103849,No
2307943,Electrolux Home Products,Frigidaire,FFAD7033R1AE,FFAD7033R1AE,,2,70,No,12/18/2017,12/14/2017,"United States, Canada",ES_1021080_FFAD7033R1AE_12142017120728_70167123,No
2307947,Electrolux Home Products,Frigidaire,FFAD7033R1E,FFAD7033R1E,,2,70,No,12/18/2017,12/14/2017,"United States, Canada",ES_1021080_FFAD7033R1E_12142017120728_70167123,No
2284161,Electrolux Home Products,Frigidaire,FFAD70W3S1A,FFAD70W3S1A,,2,70,No,11/15/2016,10/28/2016,"United States, Canada",ES_1021080_FFAD70W3S1A_11152016045156_70103849,No
2299714,Electrolux Home Products,Frigidaire,FFAP7033T1,FFAP7033T1,,2,70,No,06/12/2017,03/23/2017,"United States, Canada",ES_1021080_FFAP7033T1_07122017074022_70131323,No
2307944,Electrolux Home Products,Frigidaire,FFAP7033T1AE,FFAP7033T1AE,,2,70,No,12/18/2017,12/14/2017,"United States, Canada",ES_1021080_FFAP7033T1AE_12142017120728_70167123,No
2307948,Electrolux Home Products,Frigidaire,FFAP7033T1E,FFAP7033T1E,,2,70,No,12/18/2017,12/14/2017,"United States, Canada",ES_1021080_FFAP7033T1E_12142017120728_70167123,No
2328921,Electrolux Home Products,Frigidaire,Dehumidifier,FGAC7044U1,,2,70,No,10/30/2018,10/31/2018,"United States, Canada",ES_1021080_FGAC7044U1_11022018032550_9150158,No
2328922,Electrolux Home Products,Frigidaire,Dehumidifier,FGAC7044U1E,,2,70,No,10/30/2018,10/31/2018,"United States, Canada",ES_1021080_FGAC7044U1E_11022018032601_9161011,No
2288568,Friedrich Air Conditioning Company,Friedrich,Dehumidifier,D50BPA,,2,50,Yes,01/11/2017,01/12/2017,"United States, Canada",ES_31705_D50BPA_01122017101431_6071450,No
2288343,Friedrich Air Conditioning Company,Friedrich,Dehumidifier,D70BPA,,2,70,Yes,01/11/2017,01/12/2017,"United States, Canada",ES_31705_D70BPA_01122017101458_6098442,No
2291900,"FTL, Inc",Soleusair,HMT-D45E-A,HMT-D45E-A,",D*1-45E-###*,; ,D*1-45E-###,; ,DE1-45E-###,; ,DH1-45E-###,; ,DL1-45E-###,; ,DO1-45E-###,; ,DS1-45E-###,; ,DW1-45E,",2,45,Yes,01/01/2017,03/01/2017,"United States, Canada",ES_1127947_HMT-D45E-A_01222017142527_2443506,No
2291901,"FTL, Inc",Soleusair,HMT-D70E-A,HMT-D70E-A,",DE1-70E-###,; ,DH1-70E-###,; ,DL1-70E-###,; ,DO1-70E-###,; ,DS1-70E-###,; ,DW1-70E-###,",2,70,Yes,01/01/2017,03/03/2017,"United States, Canada",ES_1127947_HMT-D70E-A_01222017150830_9944574,No
2292288,"FTL, Inc",Soleusair,HMT-D70EIP-A,HMT-D70EIP-A,",DE1-70EIP-###,; ,DH1-70EIP-###,; ,DL1-70EIP-###,; ,DO1-70EIP-###,; ,DS1-70EIP-###,; ,DW1-70EIP-###,",2,70,Yes,01/01/2017,03/09/2017,"United States, Canada",ES_1127947_HMT-D70EIP-A_01222017153228_9297754,No
2294863,"GD MIDEA AIR-CONDITIONING EQUIPMENT CO., LTD.",Arctic King,Dehumidifiers,WDK30AE7N,,2,30,Yes,04/20/2017,04/21/2017,"United States, Canada",ES_1138537_WDK30AE7N_04212017111434_3274764,No
2294660,"GD MIDEA AIR-CONDITIONING EQUIPMENT CO., LTD.",Arctic King,Dehumidifiers,WDK50AE7N,,2,50,Yes,04/20/2017,04/21/2017,"United States, Canada",ES_1138537_WDK50AE7N_04212017111459_3299788,No
2294662,"GD MIDEA AIR-CONDITIONING EQUIPMENT CO., LTD.",Arctic King,Dehumidifiers,WDP70AE7N,,2,70,Yes,04/20/2017,04/21/2017,"United States, Canada",ES_1138537_WDP70AE7N_04212017111531_3331821,No
2290118,"GD MIDEA AIR-CONDITIONING EQUIPMENT CO., LTD.",ArcticKing,Dehumidifiers,AKDP30Pt7,,2,30,Yes,02/04/2017,02/04/2017,"United States, Canada",ES_1138537_AKDP30Pt7_02072017065905_0745072,No
2290119,"GD MIDEA AIR-CONDITIONING EQUIPMENT CO., LTD.",ArcticKing,Dehumidifiers,AKDP40Pt7,,2,45,Yes,02/04/2017,02/04/2017,"United States, Canada",ES_1138537_AKDP40Pt7_02072017065926_0766354,No
2290121,"GD MIDEA AIR-CONDITIONING EQUIPMENT CO., LTD.",ArcticKing,Dehumidifiers,AKDP50Pt7,,2,50,Yes,02/04/2017,02/04/2017,"United States, Canada",ES_1138537_AKDP50Pt7_02072017065949_0789308,No
2290120,"GD MIDEA AIR-CONDITIONING EQUIPMENT CO., LTD.",ArcticKing,Dehumidifiers,AKDP70Pt7,,2,70,Yes,02/04/2017,02/04/2017,"United States, Canada",ES_1138537_AKDP70Pt7_02072017070009_0809627,No
2334215,"GD MIDEA AIR-CONDITIONING EQUIPMENT CO., LTD.",Midea,Dehumidifiers,MAD30C1YWS,,2,30,Yes,03/05/2019,03/05/2019,"United States, Canada",ES_1138537_MAD30C1YWS_03052019080308_2988187,No
2334217,"GD MIDEA AIR-CONDITIONING EQUIPMENT CO., LTD.",Midea,Dehumidifiers,MAD50C1YWS,,2,50,Yes,03/05/2019,03/05/2019,"United States, Canada",ES_1138537_MAD50C1YWS_03052019080856_3336304,No
2334216,"GD MIDEA AIR-CONDITIONING EQUIPMENT CO., LTD.",Midea,Dehumidifiers,MAD70C1YWS,,2,70,Yes,03/05/2019,03/05/2019,"United States, Canada",ES_1138537_MAD70C1YWS_03052019081156_3516791,No
2302320,"GD MIDEA AIR-CONDITIONING EQUIPMENT CO., LTD.",Midea,Dehumidifier,MDCDL-95AEN1-BB8B,",MDCDL-95AEN1-BB8,",2.8,95,Yes,08/18/2017,08/18/2017,United States,ES_1138537_MDCDL-95AEN1-BB8B_08212017123201_8721788,No
2282835,"GD MIDEA AIR-CONDITIONING EQUIPMENT CO., LTD.",Midea,Dehumidifier,MDCDP-30AEN1-BB0,",MDUDP-30AEN1-BB0,; ,WCDDP30B0,",2,30,Yes,10/25/2016,10/28/2016,United States,ES_1138537_MDCDP-30AEN1-BB0_11012016103705_6625842,No
2282837,"GD MIDEA AIR-CONDITIONING EQUIPMENT CO., LTD.",Midea,Dehumidifier,MDCDP-45AEN1-BB0,",MDUDP-45AEN1-BB0,; ,WCDDP45B0,",2,45,Yes,10/25/2016,10/28/2016,United States,ES_1138537_MDCDP-45AEN1-BB0_11012016103808_6688053,No
2282839,"GD MIDEA AIR-CONDITIONING EQUIPMENT CO., LTD.",Midea,Dehumidifier,MDCDP-50AEN1-BB0(A),",MDUDP-50AEN1-BB0(A),",2,50,Yes,10/25/2016,10/28/2016,United States,ES_1138537_MDCDP-50AEN1-BB0(A)_11012016103853_6733305,No
2282840,"GD MIDEA AIR-CONDITIONING EQUIPMENT CO., LTD.",Midea,Dehumidifier,MDCDP-50AEN1-BB0B,",MDCDP-50AEN1-BB0(J1); MDUDP-50AEN1-BB0(J1),; ,MDCDP-50AEN1-BB0; MDUDP-50AEN1-BB0,; ,MDUDP-50AEN1-BB0B,; ,WCDDP50B0Q,",2,50,Yes,10/25/2016,10/28/2016,United States,ES_1138537_MDCDP-50AEN1-BB0B_11012016103955_6795013,No
2282841,"GD MIDEA AIR-CONDITIONING EQUIPMENT CO., LTD.",Midea,Dehumidifier,MDCDP-60AEN1-BB0,",MDUDP-60AEN1-BB0,; ,WCDDP60B0,",2,60,Yes,10/25/2016,10/28/2016,United States,ES_1138537_MDCDP-60AEN1-BB0_11012016104038_6838570,No
2282842,"GD MIDEA AIR-CONDITIONING EQUIPMENT CO., LTD.",Midea,Dehumidifier,MDCDP-70AEN1-BB0B,",MDCDP-70AEN1-BB0; MDUDP-70AEN1-BB0,; ,MDUDP-70AEN1-BB0B,",2,70,Yes,10/25/2016,10/28/2016,United States,ES_1138537_MDCDP-70AEN1-BB0B_11012016104106_6866603,No
2282845,"GD MIDEA AIR-CONDITIONING EQUIPMENT CO., LTD.",Midea,Dehumidifier,MDCK-30AEN1-BB0,",MDUK-30AEN1-BB0,",2,30,Yes,10/25/2016,10/28/2016,United States,ES_1138537_MDCK-30AEN1-BB0_11012016104208_6928882,No
2282848,"GD MIDEA AIR-CONDITIONING EQUIPMENT CO., LTD.",Midea,Dehumidifier,MDCK-40AEN1-BB0,",MDUK-40AEN1-BB0,",2,40,Yes,10/25/2016,10/28/2016,United States,ES_1138537_MDCK-40AEN1-BB0_11012016104333_7013389,No
2324739,Midea America Corp.,Arctic King,Dehumidifier,AKDP40SR81,,2,45,Yes,07/15/2018,07/30/2018,United States,ES_1030337_AKDP40SR81_08222018073235_3155162,No
2324740,Midea America Corp.,Arctic King,Dehumidifier,AKDP50SR81,,2,50,Yes,07/15/2018,07/30/2018,United States,ES_1030337_AKDP50SR81_08222018073933_3573272,No
2324741,Midea America Corp.,Arctic King,Dehumidifier,AKDP70SR81,,2,70,Yes,07/15/2018,07/30/2018,United States,ES_1030337_AKDP70SR81_08222018074755_4075441,No
2282849,Midea America Corp.,Arctic King,Dehumidifier,MDCK-45AEN1-BB0,,2,45,Yes,10/25/2016,11/01/2016,"United States, Canada",ES_1030337_MDCK-45AEN1-BB0_11012016104403_7043939,No
2282846,Midea America Corp.,Comfee,Dehumidifier,WCDK30B0,,2,30,Yes,10/25/2016,10/28/2016,"United States, Canada",ES_1030337_WCDK30B0_11012016104222_6942164,No
2282851,Midea America Corp.,Comfee,Dehumidifier,WCDK45B0,,2,45,Yes,10/25/2016,10/28/2016,"United States, Canada",ES_1030337_WCDK45B0_11012016104431_7071939,No
2282829,Midea America Corp.,Comfee,Dehumidifier,WCDK60B0,,2,60,Yes,10/25/2016,10/28/2016,"United States, Canada",ES_1030337_WCDK60B0_11012016104627_7187023,No
2329936,Midea America Corp.,Midea,Dehumidifier,MAD70P1YWS,,2,70,No,11/01/2018,11/16/2018,United States,ES_1030337_MAD70P1YWS_11162018093339_0819298,No
2332366,Midea America Corp.,Midea,Dehumidifier,MAD70P1YWS-E,,2,70,Yes,01/15/2019,01/15/2019,United States,ES_1030337_MAD70P1YWS-E_01152019091914_3954698,No
2282847,Midea America Corp.,Midea,Dehumidifier,WDK30AE7N,,2,30,Yes,10/25/2016,11/01/2016,United States,ES_1030337_WDK30AE7N_11012016104241_6961458,No
2282827,Midea America Corp.,Midea,Dehumidifier,WDK50AE7N,,2,50,Yes,10/25/2016,11/01/2016,United States,ES_1030337_WDK50AE7N_11012016104549_7149806,No
2282844,Midea America Corp.,Midea,Dehumidifier,WDP70AE7N,,2,70,Yes,10/25/2016,11/01/2016,United States,ES_1030337_WDP70AE7N_11012016104135_6895236,No
2332364,"Perfect Aire, LLC",Arctic Wind,Dehumidifier,AH5011,,2,45,Yes,01/05/2019,01/09/2019,"United States, Canada",ES_1121980_AH5011_01092019054028_2428599,No
2309825,"Perfect Aire, LLC",Arctic Wind,Dehumidifier,AH7011,,2,70,Yes,02/01/2018,02/01/2018,"United States, Canada",ES_1121980_AH7011_02012018074003_0803006,No
2290400,"Perfect Aire, LLC",Perfect aire,Dehumidifier,1PED30,,2,30,Yes,02/09/2017,02/09/2017,"United States, Canada",ES_1121980_1PED30_02102017072642_1602048,No
2290289,"Perfect Aire, LLC",Perfect aire,Dehumidifier,1PED50S,,2,50,Yes,02/04/2017,02/08/2017,"United States, Canada",ES_1121980_1PED50S_02092017025906_9146576,No
2284394,"Perfect Aire, LLC",Perfect aire,Dehumidifier,1PEDP50,",1PED50,",2,50,Yes,11/10/2016,11/17/2016,"United States, Canada",ES_1121980_1PEDP50_11182016051626_6186434,No
2284393,"Perfect Aire, LLC",Perfect aire,Dehumidifier,1PEDP70,",1PED70,",2,70,Yes,11/10/2016,11/17/2016,"United States, Canada",ES_1121980_1PEDP70_11182016051724_6244671,No
2284794,"Perfect Aire, LLC",Perfect aire,Dehumidifiers,4PAD30,,2,30,Yes,11/22/2016,11/22/2016,"United States, Canada",ES_1121980_4PAD30_11242016103114_3474897,No
2329399,"Perfect Aire, LLC",Perfect aire,Dehumidifier,4PAD45,,2,45,Yes,11/05/2018,11/08/2018,"United States, Canada",ES_1121980_4PAD45_11092018043053_7853953,No
2284797,"Perfect Aire, LLC",Perfect aire,Dehumidifiers,4PAD50,,2,50,Yes,11/22/2016,11/22/2016,"United States, Canada",ES_1121980_4PAD50_11242016103127_3487279,No
2284799,"Perfect Aire, LLC",Perfect aire,Dehumidifiers,4PAD70,,2,70,Yes,11/22/2016,11/22/2016,"United States, Canada",ES_1121980_4PAD70_11242016103140_3500340,No
2284793,"Perfect Aire, LLC",Perfect aire,Dehumidifiers,4PAD95,",4PADP95,",2.8,95,Yes,11/22/2016,11/22/2016,"United States, Canada",ES_1121980_4PAD95_11242016103153_3513683,No
2283735,Rich Achiever Limited,AEONAIR,Dehumidifier,RDH60EAW,,2,60,Yes,11/11/2016,11/11/2016,"United States, Canada",ES_1126082_RDH60EAW_11112016085940_4780083,No
2281839,Rich Achiever Limited,Whirlpool,Dehumidifier,WDH70EAPW,,2,70,Yes,10/10/2016,10/18/2016,"United States, Canada",ES_1126082_WDH70EAPW_10202016081636_1396837,No
2307951,RONA Inc.,Nordik,GDN50BA-A3EBA2B,GDN50BA-A3EBA2B,,2,50,No,12/18/2017,12/14/2017,Canada,ES_1060963_GDN50BA-A3EBA2B_12142017120728_70167123,No
2307952,RONA Inc.,Nordik,GDN70BA-A3EBA2D,GDN70BA-A3EBA2D,,2,70,No,12/18/2017,12/14/2017,Canada,ES_1060963_GDN70BA-A3EBA2D_12142017120728_70167123,No
2292385,RONA Inc.,Nordik,Dehumidifier,MDCDP-30AEN1-BB0N,,2,30,Yes,03/13/2017,03/13/2017,"United States, Canada",ES_1060963_MDCDP-30AEN1-BB0N_03132017053500_3300797,No
2292382,RONA Inc.,Nordik,Dehumidifier,MDCDP-45AEN1-BB0N,,2,45,Yes,03/13/2017,03/13/2017,"United States, Canada",ES_1060963_MDCDP-45AEN1-BB0N_03132017053545_3345354,No
2292383,RONA Inc.,Nordik,Dehumidifier,MDCDP-60AEN1-BB0N,,2,60,Yes,03/13/2017,03/13/2017,"United States, Canada",ES_1060963_MDCDP-60AEN1-BB0N_03132017053632_3392213,No
2292384,RONA Inc.,Nordik,Dehumidifier,MDCK-30AEN1-BB0N,,2,30,Yes,03/13/2017,03/13/2017,"United States, Canada",ES_1060963_MDCK-30AEN1-BB0N_03132017053731_3451375,No
2291156,SaniDry Corporation LLC,SaniDry Sedona,SS100,SS100,,2.89,94.67,Yes,03/01/2017,02/21/2017,United States,ES_1139063_SS100_02162017111704_8503686,No
2301598,Seaira Global LLC,SEAIRA,IW-25-3,IW-25-3,,2.2,25,Yes,07/25/2017,08/03/2017,United States,ES_1136294_IW-25-3_07252017133202_5879633,Yes
2271838,Seaira Global LLC,SEAIRA,WATCHDOG 550,WATCHDOG 550,,2.47,54.77,Yes,08/01/2016,07/05/2016,United States,ES_1136294_WATCHDOG 550_06242016102644_973932,Yes
2271840,Seaira Global LLC,SEAIRA,WATCHDOG 900,WATCHDOG 900,,2.87,87.07,Yes,08/01/2016,07/05/2016,United States,ES_1136294_WATCHDOG 900_06242016111913_7656823,No
2271842,Seaira Global LLC,SEAIRA,WATCHDOG 900C,WATCHDOG 900C,,2.82,86.92,Yes,08/01/2016,07/05/2016,United States,ES_1136294_WATCHDOG 900C_06242016134716_4060479,No
2318550,Sunpentown International Inc.,SPT,Dehumidifier,SD-33E,,2,30,Yes,04/01/2018,04/09/2018,United States,ES_1084573_SD-33E_04172018112607_4367706,No
2318549,Sunpentown International Inc.,SPT,Dehumidifier,SD-73E,",SD-74PE,",2,70,Yes,04/01/2018,04/09/2018,United States,ES_1084573_SD-73E_04172018112703_4423902,No
2333429,TCL Delonghi Home Appliances (Zhongshan) Co Ltd,Hisense,Dehumidifier,DH10019TP1WG,,2.8,100,Yes,01/11/2019,01/11/2019,"United States, Canada",ES_1138819_DH10019TP1WG_02132019051433_4873691,No
2333428,TCL Delonghi Home Appliances (Zhongshan) Co Ltd,Hisense,Dehumidifier,DH-100TP1SENE10,,2.8,100,Yes,01/11/2019,01/11/2019,"United States, Canada",ES_1138819_DH-100TP1SENE10_02132019051420_4860345,No
2325830,TCL Delonghi Home Appliances (Zhongshan) Co Ltd,Hisense,Dehumidifier,DH3019K1W,,2,30,Yes,09/10/2018,09/10/2018,"United States, Canada",ES_1138819_DH3019K1W_09132018032129_8890029,No
2325831,TCL Delonghi Home Appliances (Zhongshan) Co Ltd,Hisense,Dehumidifier,DH5019K1G,,2,50,Yes,09/10/2018,09/10/2018,"United States, Canada",ES_1138819_DH5019K1G_09132018033213_9533881,No
2296840,Therma-Stor Products,Crawlspace Depot,Monster Dry,Monster Dry,",Monster Dry,4033640",2.4,70,Yes,01/01/2012,12/09/2011,United States,ES_15849_Monster Dry_05112017100959_3218805,Yes
2296835,Therma-Stor Products,Honeywell,Honeywell TruDry,Honeywell TruDry,",Honeywell TruDry,4028092",2.4,70,Yes,01/01/2012,12/09/2011,United States,ES_15849_Honeywell TruDry_05312013110658_5227167,Yes
2296814,Therma-Stor Products,Honeywell,Honeywell TrueDry™ DR90,Honeywell TrueDry™ DR90,,2.88,90,No,11/19/2012,11/28/2012,United States,ES_15849_DR90_11272012152547_6605493,No
2297042,Therma-Stor Products,Quest,105 Dual,105 Dual,",105 Dual,4032270",4.2,105,Yes,01/01/2012,06/06/2013,United States,ES_15849_105 Dual_05302013162340_118814,No
2298571,Therma-Stor Products,Quest,155 Dual,155 Dual,",155 Dual,4031490",2.8,155,Yes,01/01/2012,12/09/2011,United States,ES_15849_155 Dual_05312013104210_4811959,No
2297043,Therma-Stor Products,Quest,Dry 105,Dry 105,",Dry 105,4032250",4.2,105,Yes,01/01/2012,06/06/2013,United States,ES_15849_Dry 105_05302013162340_8730241,No
2298572,Therma-Stor Products,Quest,Dry 155,Dry 155,",Dry 155,4031080",2.8,155,Yes,01/01/2012,12/09/2011,United States,ES_15849_Dry 155_05312013104210_5292893,No
2296837,Therma-Stor Products,Quest,Dry 70,Dry 70,",Dry 70,4033750",2.4,70,Yes,01/01/2012,12/09/2011,United States,ES_15849_Dry 70_05312013111209_3719559,Yes
2296844,Therma-Stor Products,Quest,Hi-E Dry 100,Hi-E Dry 100,",Hi-E Dry 100,4029730",3,110,No,09/21/2012,03/21/2013,United States,ES_15849_Hi-E Dry 100_03192013090900_5181069,No
2298569,Therma-Stor Products,Quest,Max Dry Dual XT,Max Dry Dual XT,",Max Dry Dual XT,4031470",2.8,155,Yes,01/01/2012,12/09/2011,United States,ES_15849_Max Dry Dual XT_06042013094402_6866723,No
2296843,Therma-Stor Products,Santa Fe,100V,100V,",100V,4029710",3,110,No,09/21/2012,03/21/2013,United States,ES_15849_100V_03192013090900_6142389,No
2296834,Therma-Stor Products,Santa Fe,Compact 2,4033600,"Element,4033630,",2.4,70,Yes,01/01/2012,12/09/2011,United States,ES_15849_4033600_06042013094652_9699212,Yes
2296815,Therma-Stor Products,Santa Fe,Advance 2,Advance 2,",Advance 2,4034180",2.88,90,No,11/19/2012,11/28/2012,United States,ES_15849_Advance 2_11272012152547_5656855,No
2296816,Therma-Stor Products,Santa Fe,Edge,Edge,",Edge,4034190",2.88,90,No,11/19/2012,11/28/2012,United States,ES_15849_Edge_05252017152547_0659854,No
2297040,Therma-Stor Products,Santa Fe,Impact XT,Impact XT,",Impact XT,4032230",4.2,105,Yes,01/01/2012,06/06/2013,United States,ES_15849_Impact XT_06042013093929_6102563,No
2296842,Therma-Stor Products,Sante Fe,Classic,4029700,"Elite,4029720,",3,110,No,09/21/2012,03/21/2013,United States,ES_15849_4029700_03192013090900_4598352,No
2305413,Therma-Stor Products,Therma-Stor,DR120A2000,DR120A2000,,2.8,120,Yes,01/01/2012,02/06/2012,United States,ES_15849_DR120A2000_10192017171601_7378198,No
2318879,Therma-Stor Products,Therma-Stor LLC,Santa Fe Advance 100,Santa Fe Advance 100,,2.93,99,Yes,06/01/2018,04/26/2018,United States,ES_15849_Santa Fe Advance 100_04252018114414_7915613,No
2297044,Therma-Stor Products,Trane,105,105,",105,4033040",4.2,105,Yes,01/01/2012,06/06/2013,United States,ES_15849_105_05302017162340_912810,No
2298573,Therma-Stor Products,Trane,155,155,",155,4033080",2.8,155,Yes,01/01/2012,12/09/2011,United States,ES_15849_155_05312017104210_5801452,No
2309467,Therma-Stor Products,Ultra Aire,120V,120V,,3.6,120,Yes,10/01/2017,01/24/2018,United States,ES_15849_120V_12202017175044_19037,No
2306994,Therma-Stor Products,Ultra Aire,MD33,MD33,,2,33,Yes,10/01/2017,11/30/2017,United States,ES_15849_MD33_11082017133938_1477319,No
2296836,Therma-Stor Products,Ultra-Aire,70H,70H,",70H,4033730",2.4,70,Yes,01/01/2012,12/09/2011,United States,ES_15849_70H_05312013110658_3642678,Yes
2298243,Therma-Stor Products,Ultra-Aire,SD12,SD12,",SD12,4033170",3.1,184,Yes,01/01/2012,06/06/2013,United States,ES_15849_SD12_06042013095227_2446710,No
2297041,Therma-Stor Products,Ultra-Aire,XT 105H,XT 105H,",XT 105H,4032240",4.2,105,Yes,01/01/2012,06/06/2013,United States,ES_15849_XT 105H_05302013162340_1703302,No
2298570,Therma-Stor Products,Ultra-Aire,XT 155H,XT 155H,",XT 155H,4031070",2.8,155,Yes,01/01/2012,12/09/2011,United States,ES_15849_XT 155H_05312013104210_6396448,No
2295328,"W Appliance Company, LLC",BLACK+DECKER,BDT30**A,BDT30**A,",BDT30**A,** represent various appearance, can be twoletters",2,30,Yes,04/26/2017,03/02/2017,United States,ES_1126481_BDT30**A_04262017104029_7525293,No
2295330,"W Appliance Company, LLC",BLACK+DECKER,BDT50**,BDT50**,",BDT50**,** represent various appearance, can be twoletters",2,50,Yes,04/26/2017,03/02/2017,United States,ES_1126481_BDT50**_04262017110222_2454493,No
2295332,"W Appliance Company, LLC",BLACK+DECKER,BDT70**,BDT70**,",BDT70**,** represent various appearance, can be two
letters; ,BDT70P**,** represent various appearance, can be two
letters",2,70,Yes,04/26/2017,03/10/2017,United States,ES_1126481_BDT70**_04262017145546_4694787,No
2302990,Whynter LLC,Whynter,Dehumidifier,RPD-311DW,,2,30,Yes,08/31/2017,08/31/2017,United States,ES_1122240_RPD-311DW_08312017102425_5065976,No
2292141,Whynter LLC,Whynter,Dehumidifier,RPD-451DW,,2,45,Yes,03/09/2017,03/09/2017,United States,ES_1122240_RPD-451DW_01232015105240_0360108,No
2302988,Whynter LLC,Whynter,Dehumidifier,RPD-501WP,,2,50,Yes,08/31/2017,08/31/2017,United States,ES_1122240_RPD-501WP_08312017102218_4938517,No
2303493,Whynter LLC,Whynter,Dehumidifier,RPD-503SP,,2,50,Yes,03/15/2016,09/12/2017,United States,ES_1122240_RPD-503SP_03252016091016_7016405,No
2302989,Whynter LLC,Whynter,Dehumidifier,RPD-621EW,,2,60,Yes,08/31/2017,08/31/2017,United States,ES_1122240_RPD-621EW_08312017102317_4997081,No
2304197,Whynter LLC,Whynter,Dehumidifier,RPD-652DB,,2,65,Yes,04/15/2016,09/27/2017,United States,ES_1122240_RPD-652DB_04222016062040_6040124,No
2292142,Whynter LLC,Whynter,Dehumidifier,RPD-711DWP,,2,70,Yes,03/09/2017,03/09/2017,United States,ES_1122240_RPD-711DWP_01232015105330_0410504,No
2292140,Whynter LLC,Whynter,Dehumidifier,RPD-951DXP,,2.8,95,Yes,03/09/2017,03/09/2017,United States,ES_1122240_RPD-951DXP_03092017091638_0998885,No
2308192,"XPOWER MANUFACTURE, INC.",XPOWER,XD-75LH,XD-75LH,",XD-75L,",2.18,73.7,Yes,12/01/2017,12/19/2017,United States,ES_1140892_XD-75LH_12142017110049_8648340,No
2328100,TCL Delonghi Home Appliances (Zhongshan) Co Ltd,Hisense,Dehumidifier,DH-50K1SFQE10,,2,50,Yes,10/18/2018,10/19/2018,"United States, Canada",ES_1138819_DH-50K1SFQE10_10192018073253_4373256,No
2328101,TCL Delonghi Home Appliances (Zhongshan) Co Ltd,Hisense,Dehumidifier,DH-50K1SFRE10,,2,50,Yes,10/18/2018,10/19/2018,"United States, Canada",ES_1138819_DH-50K1SFRE10_10192018073306_4386577,No
2328102,TCL Delonghi Home Appliances (Zhongshan) Co Ltd,Hisense,Dehumidifier,DH-60K1SFQE10,,2,60,Yes,10/18/2018,10/19/2018,"United States, Canada",ES_1138819_DH-60K1SFQE10_10192018074737_5257705,No
2328103,TCL Delonghi Home Appliances (Zhongshan) Co Ltd,Hisense,Dehumidifier,DH-60K1SFRE10,,2,60,Yes,10/18/2018,10/19/2018,"United States, Canada",ES_1138819_DH-60K1SFRE10_10192018074755_5275759,No
2325824,TCL Delonghi Home Appliances (Zhongshan) Co Ltd,Hisense,Dehumidifier,DH-70K1SFQE10,,2,70,Yes,09/10/2018,09/10/2018,"United States, Canada",ES_1138819_DH-70K1SFQE10_09132018023403_6043774,No
2330294,TCL Delonghi Home Appliances (Zhongshan) Co Ltd,Hisense,Dehumidifier,DH-70K1SFQE20,,2,70,Yes,11/28/2018,11/28/2018,"United States, Canada",ES_1138819_DH-70K1SFQE20_11282018021242_1162968,No
2325827,TCL Delonghi Home Appliances (Zhongshan) Co Ltd,Hisense,Dehumidifier,DH-70K1SFRE10,,2,70,Yes,09/10/2018,09/10/2018,"United States, Canada",ES_1138819_DH-70K1SFRE10_09132018023438_6078308,No
2330295,TCL Delonghi Home Appliances (Zhongshan) Co Ltd,Hisense,Dehumidifier,DH-70K1SFRE20,,2,70,Yes,11/28/2018,11/28/2018,"United States, Canada",ES_1138819_DH-70K1SFRE20_11282018021304_1184926,No
2325825,TCL Delonghi Home Appliances (Zhongshan) Co Ltd,Hisense,Dehumidifier,DH-70KP1SFQE10,,2,70,Yes,09/10/2018,09/10/2018,"United States, Canada",ES_1138819_DH-70KP1SFQE10_09132018023333_6013240,No
2330296,TCL Delonghi Home Appliances (Zhongshan) Co Ltd,Hisense,Dehumidifier,DH-70KP1SFQE20,,2,70,Yes,11/28/2018,11/28/2018,"United States, Canada",ES_1138819_DH-70KP1SFQE20_11282018021233_1153188,No
2325826,TCL Delonghi Home Appliances (Zhongshan) Co Ltd,Hisense,Dehumidifier,DH-70KP1SFRE10,,2,70,Yes,09/10/2018,09/10/2018,"United States, Canada",ES_1138819_DH-70KP1SFRE10_09132018023455_6095922,No
2330297,TCL Delonghi Home Appliances (Zhongshan) Co Ltd,Hisense,Dehumidifier,DH-70KP1SFRE20,,2,70,Yes,11/28/2018,11/28/2018,"United States, Canada",ES_1138819_DH-70KP1SFRE20_11282018021316_1196922,No
2325828,TCL Delonghi Home Appliances (Zhongshan) Co Ltd,Hisense,Dehumidifier,DH-70KW1SFQE10,,2,70,Yes,09/10/2018,09/10/2018,"United States, Canada",ES_1138819_DH-70KW1SFQE10_09132018023423_6063260,No
2330298,TCL Delonghi Home Appliances (Zhongshan) Co Ltd,Hisense,Dehumidifier,DH-70KW1SFQE20,,2,70,Yes,11/28/2018,11/28/2018,"United States, Canada",ES_1138819_DH-70KW1SFQE20_11282018021254_1174450,No
2325829,TCL Delonghi Home Appliances (Zhongshan) Co Ltd,Hisense,Dehumidifier,DH-70KW1SFRE10,,2,70,Yes,09/10/2018,09/10/2018,"United States, Canada",ES_1138819_DH-70KW1SFRE10_09132018023511_6111293,No
2330299,TCL Delonghi Home Appliances (Zhongshan) Co Ltd,Hisense,Dehumidifier,DH-70KW1SFRE20,,2,70,Yes,11/28/2018,11/28/2018,"United States, Canada",ES_1138819_DH-70KW1SFRE20_11282018021328_1208588,No
2292293,TCL Delonghi Home Appliances (Zhongshan) Co Ltd,TCL,DER 30E,DER 30E,",DEH 30PE,; ,DER 30PE,",2,30,Yes,03/02/2017,03/02/2017,United States,ES_1138819_DER 30E_03022017171225_9947015,No
2292292,TCL Delonghi Home Appliances (Zhongshan) Co Ltd,TCL,DER 50E,DER 50E,",DEH 50PE,; ,DER 50PE,",2,50,Yes,03/02/2017,03/02/2017,United States,ES_1138819_DER 50E_03032017145938_1409417,No
2320094,TCL Delonghi Home Appliances (Zhongshan) Co Ltd,TCL,Dehumidifier,DER 50E,,2,50,Yes,12/27/2017,12/27/2017,"United States, Canada",ES_1138819_DER 50E_05182018014924_8164634,No
2292291,TCL Delonghi Home Appliances (Zhongshan) Co Ltd,TCL,DER 70E,DER 70E,",DEH 70PE,; ,DEH 70PEP,; ,DER 70EP,; ,DER 70PE,; ,DER 70PEP,",2,70,Yes,03/03/2017,03/10/2017,United States,ES_1138819_DER 70E_03032017144208_1599389,No
2286978,TCL Delonghi Home Appliances (Zhongshan) Co Ltd,TCL,Dehumidifier,DET 30PE,",DEA 30E, DEG 30E, TDE-30EA1/DEG(ES),",2,30,Yes,11/30/2016,12/23/2016,"United States, Canada",ES_1138819_DET 30PE_12262016112428_1468194,No
2320095,TCL Delonghi Home Appliances (Zhongshan) Co Ltd,TCL,Dehumidifier,DET 50E,,2,50,Yes,12/27/2017,12/27/2017,"United States, Canada",ES_1138819_DET 50E_05182018014809_8089388,No
2286974,TCL Delonghi Home Appliances (Zhongshan) Co Ltd,TCL,Dehumidifier,DET 50PE,",DEA 50E, DEG 50E, TDE-50EA1/DEG(ES),",2,50,Yes,11/30/2016,12/23/2016,"United States, Canada",ES_1138819_DET 50PE_12262016112439_1479091,No
2286976,TCL Delonghi Home Appliances (Zhongshan) Co Ltd,TCL,Dehumidifier,DET 70PEP,",DEA 70EP, DEG 70EP, TDE-70EPA1/DEG(ES),; ,DET 70PE, DEA 70E, DEG 70E, TDE-70EA1/DEG(ES),",2,70,Yes,11/30/2016,12/23/2016,"United States, Canada",ES_1138819_DET 70PEP_12262016112450_1490371,No
2288891,TCL Delonghi Home Appliances (Zhongshan) Co Ltd,TCL,Dehumidifier,DET 70PEP,",DET 70PE,",2,70,Yes,01/17/2017,01/19/2017,"United States, Canada",ES_1138819_DET 70PEP_01192017074630_1990759,No
2319032,TCL Delonghi Home Appliances (Zhongshan) Co Ltd,TCL,Dehumidifier,DETP 30E,,2,30,Yes,04/28/2018,04/28/2018,"United States, Canada",ES_1138819_DETP 30E_04282018080414_2654865,No
2319031,TCL Delonghi Home Appliances (Zhongshan) Co Ltd,TCL,Dehumidifier,DETP 50E,,2,50,Yes,04/28/2018,04/28/2018,"United States, Canada",ES_1138819_DETP 50E_04282018080609_2769043,No
2319030,TCL Delonghi Home Appliances (Zhongshan) Co Ltd,TCL,Dehumidifier,DETP 70EP,",DETP 70E,",2,70,Yes,04/28/2018,04/28/2018,"United States, Canada",ES_1138819_DETP 70EP_04282018080647_2807528,No
2324742,TCL Delonghi Home Appliances (Zhongshan) Co Ltd,TCL,Dehumidifier,TDW30E19,,2,30,Yes,08/24/2018,08/24/2018,"United States, Canada",ES_1138819_TDW30E19_08242018051546_7746379,No
2324743,TCL Delonghi Home Appliances (Zhongshan) Co Ltd,TCL,Dehumidifier,TDW50E19,,2,50,Yes,08/24/2018,08/24/2018,"United States, Canada",ES_1138819_TDW50E19_08242018052854_8534249,No
2324744,TCL Delonghi Home Appliances (Zhongshan) Co Ltd,TCL,Dehumidifier,TDW70EB19,,2,70,Yes,08/24/2018,08/24/2018,"United States, Canada",ES_1138819_TDW70EB19_08242018053613_8973093,No
2324745,TCL Delonghi Home Appliances (Zhongshan) Co Ltd,TCL,Dehumidifier,TDW70EPB19,,2,70,Yes,08/24/2018,08/24/2018,"United States, Canada",ES_1138819_TDW70EPB19_08242018053653_9013817,No
2296839,Therma-Stor Products,Basement Systems,Sani-Dry,Sani-Dry,,2.4,70,Yes,01/01/2012,12/09/2011,United States,ES_15849_Sani-Dry_05312013111209_2086420,Yes
2296838,Therma-Stor Products,Crawlspace Concepts,Compact Air Plus,Compact Air Plus,",Compact Air Plus,4033610",2.4,70,Yes,01/01/2012,12/09/2011,United States,ES_15849_Compact Air Plus_05312013111209_3243655,Yes
2296841,Therma-Stor Products,Crawlspace Depot,70V,70V,",70V,4033790",2.4,70,Yes,01/01/2012,12/09/2011,United States,ES_15849_70V_05112017100959_860712,Yes
2334423,Gree Electric Appliances Inc. of Zhuhai,TOSOT,TDEH50C-N116A2,TDEH50C-N116A2,,2,50,No,03/01/2019,02/28/2019,"United States, Canada",ES_1105164_TDEH50C-N116A2_02282019110201_70216969,No
2284018,Haier America,Haier,Dehumidifier,HEN30ET,"Dehumidifier,HEN30ET-L, HEN30ET-T,",2,30,Yes,11/01/2016,11/13/2016,"United States, Canada",ES_31566_HEN30ET_11142016074805_9685286,No
2282834,Haier America,Haier,Dehumidifier,HEN70ETFP,",HEN70ETFP-E; HEN70ETF; HEN70ET-L,",2,70,Yes,10/10/2016,10/27/2016,"United States, Canada",ES_31566_HEN70ETFP_11012016104713_7233183,No
2334848,Heat Controller Inc.,Coast air,Dehumidifiers,CED301B,,2,30,Yes,03/18/2019,03/18/2019,"United States, Canada",ES_17771_CED301B_03182019075745_5865632,No
2293294,Heat Controller Inc.,Coast Aire,Dehumidifiers,CED301B,,2,30,Yes,03/27/2017,03/27/2017,"United States, Canada",ES_17771_CED301B_03292017062409_8649931,No
2293297,Heat Controller Inc.,Coast Aire,Dehumidifiers,CED501B,,2,50,Yes,03/27/2017,03/27/2017,"United States, Canada",ES_17771_CED501B_03292017062424_8664407,No
2293293,Heat Controller Inc.,Coast Aire,Dehumidifiers,CED701B,,2,70,Yes,03/27/2017,03/27/2017,"United States, Canada",ES_17771_CED701B_03292017062437_8677702,No
2292138,Heat Controller Inc.,Comfort Aire,Dehumidifier,BHDP-701-H,",BHD-701-H,",2,70,Yes,03/07/2017,03/07/2017,United States,ES_17771_BHDP-701-H_04182014144137_2097957,No
2290403,Heat Controller Inc.,Comfort-Aire,Dehumidifier,BHD-301-H,,2,30,Yes,06/01/2013,02/09/2017,United States,ES_1105798_HEAT CONTROLLER INC (75963) | BHD-301-H_05152013162801_5281072,No
2290402,Heat Controller Inc.,Comfort-Aire,Dehumidifier,BHD-501-H,"Dehumidifier,BHDP-501-H,",2,50,Yes,06/01/2013,02/09/2017,United States,ES_1105798_HEAT CONTROLLER INC (75963) | BHD-501-H_05152013162911_5351480,No
2290404,Heat Controller Inc.,Comfort-Aire,Dehumidifier,BHDP-951-H,,2.8,95,Yes,01/25/2017,02/09/2017,United States,ES_17771_BHDP-951-H_02102017083700_5820621,No
2312730,Hisense (Guangdong) Air Conditioning Co. Ltd,fridgemaster,Dehumidifier,FD-50K1SFRE,,2,50,Yes,03/15/2018,03/15/2018,United States,ES_1115137_FD-50K1SFRE_03152018091757_5477519,No
2312731,Hisense (Guangdong) Air Conditioning Co. Ltd,fridgemaster,Dehumidifier,FD-70KP1SFRE,",FD-70K1SFRE,",2,70,Yes,03/15/2018,03/15/2018,United States,ES_1115137_FD-70KP1SFRE_03152018092402_5842664,No
2325687,Hisense (Guangdong) Air Conditioning Co. Ltd,Hisense,Dehumidifier,DH-30K1SHSE00,,2,30,Yes,09/10/2018,09/07/2018,"United States, Canada",ES_1115137_DH-30K1SHSE00_09102018050834_6114943,No
2325686,Hisense (Guangdong) Air Conditioning Co. Ltd,Hisense,Dehumidifier,DH-30K1SHTE00,,2,30,Yes,09/10/2018,09/07/2018,"United States, Canada",ES_1115137_DH-30K1SHTE00_09102018050913_6153149,No
2325682,Hisense (Guangdong) Air Conditioning Co. Ltd,Hisense,Dehumidifier,DH-35K1SHSE00,,2,35,Yes,09/10/2018,09/07/2018,"United States, Canada",ES_1115137_DH-35K1SHSE00_09102018050946_6186937,No
2325683,Hisense (Guangdong) Air Conditioning Co. Ltd,Hisense,Dehumidifier,DH-35K1SHTE00,,2,35,Yes,09/10/2018,09/07/2018,"United States, Canada",ES_1115137_DH-35K1SHTE00_09102018051125_6285910,No
2282853,Hisense (Guangdong) Air Conditioning Co. Ltd,Hisense,Dehumidifier,DH35K1W,",DH-35K1SGPE00,",2,35,Yes,10/20/2016,10/31/2016,"United States, Canada",ES_1115137_DH35K1W_11012016103343_6423694,No
2325734,Hisense (Guangdong) Air Conditioning Co. Ltd,Hisense,Dehumidifier,DH-50K1SGPE00,,2,50,Yes,09/10/2018,09/07/2018,"United States, Canada",ES_1115137_DH-50K1SGPE00_09102018065804_2684157,No
2325733,Hisense (Guangdong) Air Conditioning Co. Ltd,Hisense,Dehumidifier,DH-50K1SGVE00,,2,50,Yes,09/10/2018,09/07/2018,"United States, Canada",ES_1115137_DH-50K1SGVE00_09102018065840_2720848,No
2282855,Hisense (Guangdong) Air Conditioning Co. Ltd,Hisense,Dehumidifier,DH50K1W,",DH-50K1SFQE00, DH-50KP1SFQE00,; ,DH-50K1SFQE01, DH-50KP1SFQE01,; ,DH-50K1SFRE00,; ,DH-50K1SFRE01, DH-50KP1SFRE01,; ,DH50KP1WG; DH-50K1SFRE; CDH-50K1SFRE,",2,50,Yes,10/20/2016,10/31/2016,"United States, Canada",ES_1115137_DH50K1W_11012016103454_6494354,No
2288893,Hisense (Guangdong) Air Conditioning Co. Ltd,Hisense,Dehumidifier,DH-60K1SFRE00,",DH-60K1SFQE00,",2,60,Yes,01/19/2017,01/19/2017,Canada,ES_1115137_DH-60K1SFRE00_01192017083818_5098412,No
2325832,Hisense (Guangdong) Air Conditioning Co. Ltd,Hisense,Dehumidifier,DH7019K1G,,2,70,Yes,09/10/2018,01/11/2019,"United States, Canada",ES_1138819_DH7019K1G_09132018051859_5939814,No
2325834,Hisense (Guangdong) Air Conditioning Co. Ltd,Hisense,Dehumidifier,DH7019KP1WG,,2,70,Yes,09/10/2018,01/11/2019,"United States, Canada",ES_1138819_DH7019KP1WG_09132018051927_5967162,No
2325833,Hisense (Guangdong) Air Conditioning Co. Ltd,Hisense,Dehumidifier,DH7019W1WG,,2,70,Yes,09/10/2018,01/11/2019,"United States, Canada",ES_1138819_DH7019W1WG_09132018051954_5994535,No
2282858,Hisense (Guangdong) Air Conditioning Co. Ltd,Hisense,Dehumidifier,DH70K1G,",CDH-70K1SFRE; CDH-70KP1SFRE; CDH-70W1SFRE,; ,DH-70K1SFQE00, DH-70KP1SFQE00,; ,DH-70K1SFRE00; DH-70KP1SFRE00,; ,DH-70W1SFQE00, DH-70W1SFRE00,; ,DH70KP1WG; DH-70K1SFRE; DH-70KP1SFRE; DH-70W1SFRE,; ,DH70W1WG,",2,70,Yes,10/20/2016,10/31/2016,"United States, Canada",ES_1115137_DH70K1G_11012016103627_6587531,No
2287584,"Homeeasy Industrial Co., Ltd",Emerson,Dehumidifier,EAD30E1,,2,30,Yes,11/30/2016,12/26/2016,"United States, Canada",ES_1138039_EAD30E1_12262016112502_1502644,No
2287585,"Homeeasy Industrial Co., Ltd",Emerson,Dehumidifier,EAD50E1,,2,50,Yes,11/30/2016,12/26/2016,"United States, Canada",ES_1138039_EAD50E1_12262016112514_1514047,No
2287586,"Homeeasy Industrial Co., Ltd",Emerson,Dehumidifier,EAD70EP1,",EAD70E1,",2,70,Yes,11/30/2016,12/26/2016,"United States, Canada",ES_1138039_EAD70EP1_12262016112533_1533475,No
2294268,"Homeeasy Industrial Co., Ltd",Emerson Quiet Kool,Dehumidifier,E*D30E1,,2,30,Yes,04/12/2017,04/12/2017,"United States, Canada",ES_1138039_E*D30E1_04132017074030_9230914,No
2294267,"Homeeasy Industrial Co., Ltd",Emerson Quiet Kool,Dehumidifier,E*D50E1,,2,50,Yes,04/12/2017,04/12/2017,"United States, Canada",ES_1138039_E*D50E1_04132017074044_9244553,No
2294265,"Homeeasy Industrial Co., Ltd",Emerson Quiet Kool,Dehumidifier,E*D70EP1,",E*D70E1,",2,73,Yes,04/12/2017,04/12/2017,"United States, Canada",ES_1138039_E*D70EP1_04132017074059_9259315,No
2285009,Home Hardware Stores Limited,CLASSIC,Dehumidifiers,MDCDP-30AEN1-BB0,,2,30,Yes,11/29/2016,11/29/2016,"United States, Canada",ES_1136068_MDCDP-30AEN1-BB0_11302016115107_6667864,No
2285008,Home Hardware Stores Limited,CLASSIC,Dehumidifiers,MDCDP-45AEN1-BB0,,2,45,Yes,11/29/2016,11/29/2016,"United States, Canada",ES_1136068_MDCDP-45AEN1-BB0_11302016115125_6685362,No
2285007,Home Hardware Stores Limited,CLASSIC,Dehumidifiers,MDCDP-70AEN1-BB0,,2,70,Yes,11/29/2016,11/29/2016,"United States, Canada",ES_1136068_MDCDP-70AEN1-BB0_11302016115140_6700453,No
2298486,Honeywell International Inc.,Honeywell,DR120A3000,DR120A3000,,2.83,120,Yes,07/01/2017,06/23/2017,United States,ES_1020554_DR120A3000_06212017093549_1574975,No
2298487,Honeywell International Inc.,Honeywell,DR65A3000,DR65A3000,,2.3,65,Yes,07/01/2017,06/23/2017,United States,ES_1020554_DR65A3000_06132017163317_2167932,Yes
2298485,Honeywell International Inc.,Honeywell,DR90A3000,DR90A3000,,2.88,90,Yes,07/01/2017,06/23/2017,United States,ES_1020554_DR90A3000_06212017093356_1289178,No
2301597,Innovative Dehumidifier Systems LLC,INNOVATIVE,IW-25-3,IW-25-3,,2.2,25,Yes,07/25/2017,08/03/2017,United States,ES_1133388_IW-25-3_07252017133202_2139856,Yes
2295466,International Refrigeration Products,Sea Breeze,Dehumidifiers,DH470SMA,",DH470SMPA,",2,70,Yes,12/27/2016,12/27/2016,"United States, Canada",ES_1108715_DH470SMA_12292016090509_2309239,No
2295464,International Refrigeration Products,Sea Breeze,Dehumidifiers,DH495SMA,",DH495SMPA,",2.8,95,Yes,12/27/2016,12/27/2016,"United States, Canada",ES_1108715_DH495SMA_12292016090619_2379105,No
2295467,International Refrigeration Products,Thermal Zone,Dehumidifiers,DH470SMA,",DH470SMPA,",2,70,Yes,12/27/2016,12/27/2016,"United States, Canada",ES_1108715_DH470SMA_12292016090541_2341753,No
2295465,International Refrigeration Products,Thermal Zone,Dehumidifiers,DH495SMA,",DH495SMPA,",2.8,95,Yes,12/27/2016,12/27/2016,"United States, Canada",ES_1108715_DH495SMA_12292016090651_2411201,No
2324306,"Jiangsu Shinco Electrical Appliances Co., Ltd.",Shinco®,SDZ1-50P,SDZ1-50P,,2.01,50,Yes,08/01/2018,08/13/2018,United States,ES_1080929_SDZ1-50P_08082018163443_1443292,No
2328246,"Jiangsu Shinco Electrical Appliances Co., Ltd.",Shinco®,SDZ1-70P/P,SDZ1-70P/P,,2,70,Yes,10/15/2018,10/18/2018,United States,ES_1080929_SDZ1-70P/P_10182018093342_7344629,No
2290774,"JMA North America, LLC",Honeywell,Dehumidifier,DH45W,,2,50,Yes,10/15/2014,02/15/2017,United States,ES_1130569_DH45W_11122014050354_8634420,No
2290773,"JMA North America, LLC",Honeywell,Dehumidifier,DH50PW,",DH50W,",2,50,Yes,11/01/2014,02/15/2017,United States,ES_1130569_DH50PW_11122014050110_8470454,No
2290772,"JMA North America, LLC",Honeywell,Dehumidifier,DH70PW,"Dehumidifier,DH70W,",2,70,Yes,11/01/2014,02/15/2017,United States,ES_1130569_DH70PW_11122014050311_8591078,No
2322215,"JMA North America, LLC",Honeywell,Dehumidifier,TP30**,,2,30,Yes,07/04/2018,07/04/2018,United States,ES_1130569_TP30**_07042018081020_1820622,No
2322216,"JMA North America, LLC",Honeywell,Dehumidifier,TP50**,,2,50,Yes,07/04/2018,07/04/2018,United States,ES_1130569_TP50**_07042018082111_2471733,No
2322217,"JMA North America, LLC",Honeywell,Dehumidifier,TP70**,,2,70,Yes,07/04/2018,07/04/2018,United States,ES_1130569_TP70**_07042018082510_2710010,No
2322218,"JMA North America, LLC",Honeywell,Dehumidifier,TP70P**,,2,70,Yes,07/04/2018,07/04/2018,United States,ES_1130569_TP70P**_07042018082600_2760842,No
2284795,Kaz Incorporated,Honeywell,Dehumidifier,HDK030V2,,2,30,Yes,11/05/2016,11/23/2016,Canada,ES_1026671_HDK030V2_11232016091759_2679232,No
2284796,Kaz Incorporated,Honeywell,Dehumidifier,HDK040V2,,2,40,Yes,11/05/2016,11/23/2016,Canada,ES_1026671_HDK040V2_11232016092000_2800816,No
2284801,Kaz Incorporated,Honeywell,Dehumidifier,HDK070V2,,2,70,Yes,11/05/2016,11/23/2016,Canada,ES_1026671_HDK070V2_11232016091638_2598379,No
2290932,Kenmore,Kenmore,251.5555051,251.5555051,",50BT,",2,50,No,04/01/2015,03/24/2015,United States,ES_15649_251.55550510_03202015150155_6835443,No
2292044,Kenmore,Kenmore,251.5557051,251.5557051,",70BT,",2,70,No,04/01/2015,03/24/2015,United States,ES_15649_251.55570510_03172015151659_7263452,No
2292619,"LG Electronics, Inc.",LG,UD551GKG3,UD551GKG3,,2,55,Yes,03/01/2017,03/16/2017,"United States, Canada",ES_1118034_UD551GKG3_03142017162443_1310388,No
2312967,"LG Electronics, Inc.",LG,UD551GKG3,UD551GKG3,,2,55,Yes,03/13/2018,03/13/2018,Canada,ES_1118034_UD551GKG3_03132018114828_70176727,No
2281691,"LG Electronics, Inc.",LG,UD701KOG3,UD701KOG3,,2,70,Yes,10/25/2016,10/17/2016,"United States, Canada",ES_1118034_UD701KOG3_10182016133857_675470,No
2312968,"LG Electronics, Inc.",LG,UD701KOG3,UD701KOG3,,2,70,Yes,03/13/2018,03/13/2018,"United States, Canada",ES_1118034_UD701KOG3_03132018114828_70176727,No
2295351,"Living Direct, Inc.",Edgestar,Dehumidifier,DEP501WP,,2,50,Yes,05/02/2017,05/02/2017,"United States, Canada",ES_1074063_DEP501WP_05032017041346_4826421,No
2289286,"Living Direct, Inc.",Edgestar,Dehumidifier,DEP701WP,,2,70,Yes,01/24/2017,01/24/2017,United States,ES_1074063_DEP701WP_01252017044517_9517924,No
2285584,"Living Direct, Inc.",Whynter,Dehumidifier,RPD-321EW,,2,30,Yes,01/15/2015,12/07/2016,United States,ES_1122240_RPD-321EW_01232015105053_0253649,No
2285583,"Living Direct, Inc.",Whynter,Dehumidifier,RPD-421EW,,2,40,Yes,01/15/2015,12/07/2016,United States,ES_1122240_RPD-421EW_01232015105225_0345891,No
2289293,"Living Direct, Inc.",Whynter,Dehumidifier,RPD-702WP,,2,70,Yes,05/15/2013,01/24/2017,United States,ES_1105798_KAIPING NEW WIDETECH ELECTRIC CO LTD (303117) | RPD-702WP_05032013121853_3533330,No
2287665,MC Appliance,Norpole,Dehumidifier,NPDH30,,2,30,Yes,01/04/2017,01/04/2017,United States,ES_1107227_NPDH30_01052017034153_7713478,No
2330039,MC Appliance,Norpole,Dehumidifier,NPDH301,,2,30,Yes,11/19/2018,11/20/2018,United States,ES_1107227_NPDH301_11202018052639_1599419,No
2287664,MC Appliance,Norpole,Dehumidifier,NPDH50,,2,50,Yes,01/04/2017,01/04/2017,United States,ES_1107227_NPDH50_01052017034249_7769910,No
2330040,MC Appliance,Norpole,Dehumidifier,NPDH701,,2,70,Yes,11/19/2018,11/20/2018,United States,ES_1107227_NPDH701_11202018052656_1616694,No
2285163,"Meijer Distribution, Inc.",Polar Wind,Dehumidifier,MDUDP-30AEN1-BB0,,2,30,Yes,10/25/2016,12/01/2016,United States,ES_21964_MDUDP-30AEN1-BB0_12022016022956_5796892,No
2285162,"Meijer Distribution, Inc.",Polar Wind,Dehumidifier,MDUDP-45AEN1-BB0,",MDCDP-45AEN1-BB0,",2,45,Yes,10/25/2016,12/01/2016,United States,ES_21964_MDUDP-45AEN1-BB0_12022016023027_5827362,No
2285161,"Meijer Distribution, Inc.",Polar Wind,Dehumidifier,MDUDP-70AEN1-BB0B,",MDCDP-70AEN1-BB0,",2,70,Yes,10/25/2016,12/01/2016,United States,ES_21964_MDUDP-70AEN1-BB0B_12022016023106_5866863,No
2283509,Midea America(Canada)Corp.,Comfee,Dehumidifiers,M30DK,,2,30,Yes,11/06/2016,11/06/2016,"United States, Canada",ES_1129046_M30DK_11072016061148_9108220,No
2283510,Midea America(Canada)Corp.,Comfee,Dehumidifiers,M50DK,,2,50,Yes,11/06/2016,11/06/2016,"United States, Canada",ES_1129046_M50DK_11072016061158_9118721,No
2283508,Midea America(Canada)Corp.,Comfee,Dehumidifiers,M70DK,,2,70,Yes,11/06/2016,11/06/2016,"United States, Canada",ES_1129046_M70DK_11072016061212_9132644,No
2324648,Midea America Corp.,Arctic King,Dehumidifier,AKDP30SR81,,2,30,Yes,07/15/2018,07/30/2018,United States,ES_1030337_AKDP30SR81_08222018070910_1750903,No
